userIgn,errorType,timestamp,retryCount
강은호,UNKNOWN,2026-03-23 21:16:56,0
사슴,UNKNOWN,2026-03-23 21:16:56,0
뉴비렌붕잉,UNKNOWN,2026-03-23 21:16:56,0
패릿,UNKNOWN,2026-03-23 21:16:56,0
쯔단,UNKNOWN,2026-03-23 21:16:56,0
진격캐넌,UNKNOWN,2026-03-23 21:16:56,0
고딩,UNKNOWN,2026-03-23 21:16:56,0
슈퍼스타,UNKNOWN,2026-03-23 21:16:56,0
팀에이컴퍼니,UNKNOWN,2026-03-23 21:16:56,0
아델,UNKNOWN,2026-03-23 21:16:56,0
세계,UNKNOWN,2026-03-23 21:16:56,0
후니,UNKNOWN,2026-03-23 21:16:56,0
물주,UNKNOWN,2026-03-23 21:16:56,0
흡혈,UNKNOWN,2026-03-23 21:16:56,0
성배,UNKNOWN,2026-03-23 21:16:56,0
팔라딘,UNKNOWN,2026-03-23 21:16:56,0
담배피운듀얼,UNKNOWN,2026-03-23 21:16:56,0
동정녀,UNKNOWN,2026-03-23 21:16:56,0
꿀밤,UNKNOWN,2026-03-23 21:16:56,0
애인,UNKNOWN,2026-03-23 21:16:56,0
카플,UNKNOWN,2026-03-23 21:16:56,0
맑음,UNKNOWN,2026-03-23 21:16:56,0
카키,UNKNOWN,2026-03-23 21:16:56,0
최강,UNKNOWN,2026-03-23 21:16:56,0
슈타른,UNKNOWN,2026-03-23 21:16:56,0
주먹,UNKNOWN,2026-03-23 21:16:56,0
알티,UNKNOWN,2026-03-23 21:16:57,0
명훈,UNKNOWN,2026-03-23 21:16:57,0
발톱,UNKNOWN,2026-03-23 21:16:57,0
에브,UNKNOWN,2026-03-23 21:16:57,0
초코빵내꺼야,UNKNOWN,2026-03-23 21:16:57,0
쿠로미,UNKNOWN,2026-03-23 21:16:57,0
귤민,UNKNOWN,2026-03-23 21:16:57,0
동글,UNKNOWN,2026-03-23 21:16:57,0
데카짱1,UNKNOWN,2026-03-23 21:16:57,0
티엘,UNKNOWN,2026-03-23 21:16:57,0
말랑부리,UNKNOWN,2026-03-23 21:16:57,0
우형정,UNKNOWN,2026-03-23 21:16:57,0
쎄쎄,UNKNOWN,2026-03-23 21:16:57,0
으찌,UNKNOWN,2026-03-23 21:16:57,0
상온,UNKNOWN,2026-03-23 21:16:57,0
비숍,UNKNOWN,2026-03-23 21:16:57,0
웨스턴총낭이,UNKNOWN,2026-03-23 21:16:57,0
글죠,UNKNOWN,2026-03-23 21:16:57,0
남사친,UNKNOWN,2026-03-23 21:16:57,0
김치찌개네입,UNKNOWN,2026-03-23 21:16:57,0
애플망고,UNKNOWN,2026-03-23 21:16:57,0
데카짱2,UNKNOWN,2026-03-23 21:16:57,0
나이,UNKNOWN,2026-03-23 21:16:57,0
토니,UNKNOWN,2026-03-23 21:16:57,0
베컴,UNKNOWN,2026-03-23 21:16:57,0
먼지배코,UNKNOWN,2026-03-23 21:16:57,0
뛴뛴,UNKNOWN,2026-03-23 21:16:57,0
천원,UNKNOWN,2026-03-23 21:16:57,0
배배,UNKNOWN,2026-03-23 21:16:57,0
세븐,UNKNOWN,2026-03-23 21:16:57,0
인간,UNKNOWN,2026-03-23 21:16:57,0
섭외,UNKNOWN,2026-03-23 21:16:57,0
포케잇,UNKNOWN,2026-03-23 21:16:57,0
박준형,UNKNOWN,2026-03-23 21:16:57,0
17미나,UNKNOWN,2026-03-23 21:16:57,0
레드핫나로,UNKNOWN,2026-03-23 21:16:57,0
축일추풍,UNKNOWN,2026-03-23 21:16:57,0
샘꿀,UNKNOWN,2026-03-23 21:16:57,0
둥둥,UNKNOWN,2026-03-23 21:16:57,0
폭업,UNKNOWN,2026-03-23 21:16:57,0
감팡검,UNKNOWN,2026-03-23 21:16:57,0
도쿄,UNKNOWN,2026-03-23 21:16:57,0
나꼬생각,UNKNOWN,2026-03-23 21:16:57,0
노노,UNKNOWN,2026-03-23 21:16:57,0
다소나,UNKNOWN,2026-03-23 21:16:57,0
샌직,UNKNOWN,2026-03-23 21:16:57,0
식초,UNKNOWN,2026-03-23 21:16:58,0
감이안오냐,UNKNOWN,2026-03-23 21:16:58,0
티어,UNKNOWN,2026-03-23 21:16:58,0
반로,UNKNOWN,2026-03-23 21:16:58,0
극고,UNKNOWN,2026-03-23 21:16:58,0
세개,UNKNOWN,2026-03-23 21:16:58,0
Rudolf,UNKNOWN,2026-03-23 21:16:58,0
남고딩,UNKNOWN,2026-03-23 21:16:58,0
미밤,UNKNOWN,2026-03-23 21:16:58,0
망치,UNKNOWN,2026-03-23 21:16:58,0
산적,UNKNOWN,2026-03-23 21:16:58,0
쩐다,UNKNOWN,2026-03-23 21:16:58,0
데드,UNKNOWN,2026-03-23 21:16:58,0
주교,UNKNOWN,2026-03-23 21:16:58,0
냉은,UNKNOWN,2026-03-23 21:16:58,0
작반,UNKNOWN,2026-03-23 21:16:58,0
휴씨엔버,UNKNOWN,2026-03-23 21:16:58,0
소양을,UNKNOWN,2026-03-23 21:16:58,0
쭌우,UNKNOWN,2026-03-23 21:16:58,0
처서,UNKNOWN,2026-03-23 21:16:58,0
몇시,UNKNOWN,2026-03-23 21:16:58,0
끔하,UNKNOWN,2026-03-23 21:16:58,0
귀신,UNKNOWN,2026-03-23 21:16:58,0
레망,UNKNOWN,2026-03-23 21:16:58,0
이스,UNKNOWN,2026-03-23 21:16:58,0
독서,UNKNOWN,2026-03-23 21:16:58,0
장원영,UNKNOWN,2026-03-23 21:16:58,0
이병,UNKNOWN,2026-03-23 21:16:58,0
이빵,UNKNOWN,2026-03-23 21:16:58,0
신프롱,UNKNOWN,2026-03-23 21:16:58,0
삭을주,UNKNOWN,2026-03-23 21:16:58,0
곤냥나,UNKNOWN,2026-03-23 21:16:58,0
앵김,UNKNOWN,2026-03-23 21:16:58,0
조선우,UNKNOWN,2026-03-23 21:16:58,0
군함,UNKNOWN,2026-03-23 21:16:58,0
바붕,UNKNOWN,2026-03-23 21:16:58,0
블랙잭,UNKNOWN,2026-03-23 21:16:58,0
김건희,UNKNOWN,2026-03-23 21:16:58,0
남색,UNKNOWN,2026-03-23 21:16:58,0
안녕별잇,UNKNOWN,2026-03-23 21:16:58,0
짜세,UNKNOWN,2026-03-23 21:16:58,0
최약체보스,UNKNOWN,2026-03-23 21:16:58,0
검듄,UNKNOWN,2026-03-23 21:16:58,0
샤프,UNKNOWN,2026-03-23 21:16:58,0
지디,UNKNOWN,2026-03-23 21:16:58,0
체스,UNKNOWN,2026-03-23 21:16:58,0
양주,UNKNOWN,2026-03-23 21:16:58,0
넘버원충남대,UNKNOWN,2026-03-23 21:16:58,0
자리스틸의왕,UNKNOWN,2026-03-23 21:16:58,0
송중기,UNKNOWN,2026-03-23 21:16:58,0
포도먹는표도,UNKNOWN,2026-03-23 21:16:58,0
집념,UNKNOWN,2026-03-23 21:16:58,0
사칠,UNKNOWN,2026-03-23 21:16:58,0
순추,UNKNOWN,2026-03-23 21:16:58,0
치이,UNKNOWN,2026-03-23 21:16:58,0
귀욤,UNKNOWN,2026-03-23 21:16:58,0
구랙,UNKNOWN,2026-03-23 21:16:58,0
든기,UNKNOWN,2026-03-23 21:16:59,0
박세웅,UNKNOWN,2026-03-23 21:16:59,0
식중땐,UNKNOWN,2026-03-23 21:16:59,0
새비지,UNKNOWN,2026-03-23 21:16:59,0
쀼부,UNKNOWN,2026-03-23 21:16:59,0
응급,UNKNOWN,2026-03-23 21:16:59,0
선물,UNKNOWN,2026-03-23 21:16:59,0
이상,UNKNOWN,2026-03-23 21:16:59,0
펄이,UNKNOWN,2026-03-23 21:16:59,0
초꼬,UNKNOWN,2026-03-23 21:16:59,0
조영찬,UNKNOWN,2026-03-23 21:16:59,0
힘힘,UNKNOWN,2026-03-23 21:16:59,0
마린,UNKNOWN,2026-03-23 21:16:59,0
영왕,UNKNOWN,2026-03-23 21:16:59,0
진로,UNKNOWN,2026-03-23 21:16:59,0
게이,UNKNOWN,2026-03-23 21:16:59,0
최강메르씽씽,UNKNOWN,2026-03-23 21:16:59,0
윈쁘,UNKNOWN,2026-03-23 21:16:59,0
자바칩마시써,UNKNOWN,2026-03-23 21:16:59,0
너어,UNKNOWN,2026-03-23 21:16:59,0
섀둬씨,UNKNOWN,2026-03-23 21:16:59,0
바글,UNKNOWN,2026-03-23 21:16:59,0
뻥긋,UNKNOWN,2026-03-23 21:16:59,0
상담,UNKNOWN,2026-03-23 21:16:59,0
디쩡,UNKNOWN,2026-03-23 21:16:59,0
루이바오,UNKNOWN,2026-03-23 21:16:59,0
땅땅대,UNKNOWN,2026-03-23 21:16:59,0
버프가부족햄,UNKNOWN,2026-03-23 21:16:59,0
루미,UNKNOWN,2026-03-23 21:16:59,0
헤테로,UNKNOWN,2026-03-23 21:16:59,0
유운,UNKNOWN,2026-03-23 21:16:59,0
뚱달콤,UNKNOWN,2026-03-23 21:16:59,0
와닢,UNKNOWN,2026-03-23 21:16:59,0
구구단,UNKNOWN,2026-03-23 21:16:59,0
물풍선,UNKNOWN,2026-03-23 21:16:59,0
퍼니,UNKNOWN,2026-03-23 21:16:59,0
퍼루,UNKNOWN,2026-03-23 21:16:59,0
포던,UNKNOWN,2026-03-23 21:16:59,0
빈지노,UNKNOWN,2026-03-23 21:16:59,0
귀멸,UNKNOWN,2026-03-23 21:16:59,0
매수,UNKNOWN,2026-03-23 21:16:59,0
도스석궁,UNKNOWN,2026-03-23 21:16:59,0
인낀,UNKNOWN,2026-03-23 21:16:59,0
큘썬불,UNKNOWN,2026-03-23 21:16:59,0
헐다운,UNKNOWN,2026-03-23 21:16:59,0
렌조,UNKNOWN,2026-03-23 21:16:59,0
스피어,UNKNOWN,2026-03-23 21:16:59,0
맹쿠,UNKNOWN,2026-03-23 21:16:59,0
헬롱,UNKNOWN,2026-03-23 21:16:59,0
장복공,UNKNOWN,2026-03-23 21:16:59,0
드팰,UNKNOWN,2026-03-23 21:16:59,0
꼬잡잉,UNKNOWN,2026-03-23 21:16:59,0
우정,UNKNOWN,2026-03-23 21:16:59,0
대만,UNKNOWN,2026-03-23 21:16:59,0
손길,UNKNOWN,2026-03-23 21:16:59,0
질식,UNKNOWN,2026-03-23 21:16:59,0
롤롤아델,UNKNOWN,2026-03-23 21:16:59,0
옛날눈비,UNKNOWN,2026-03-23 21:16:59,0
오서,UNKNOWN,2026-03-23 21:16:59,0
단과,UNKNOWN,2026-03-23 21:16:59,0
코너링,UNKNOWN,2026-03-23 21:16:59,0
수우두,UNKNOWN,2026-03-23 21:16:59,0
르헤솔,UNKNOWN,2026-03-23 21:16:59,0
Nami,UNKNOWN,2026-03-23 21:17:00,0
강동원,UNKNOWN,2026-03-23 21:17:00,0
플러리,UNKNOWN,2026-03-23 21:17:00,0
구보,UNKNOWN,2026-03-23 21:17:00,0
목성,UNKNOWN,2026-03-23 21:17:00,0
고마오,UNKNOWN,2026-03-23 21:17:00,0
zl존,UNKNOWN,2026-03-23 21:17:00,0
팀에이은월,UNKNOWN,2026-03-23 21:17:00,0
원우,UNKNOWN,2026-03-23 21:17:00,0
보고,UNKNOWN,2026-03-23 21:17:00,0
해류,UNKNOWN,2026-03-23 21:17:00,0
김두한,UNKNOWN,2026-03-23 21:17:00,0
이국주,UNKNOWN,2026-03-23 21:17:00,0
딸긔,UNKNOWN,2026-03-23 21:17:00,0
김우빈,UNKNOWN,2026-03-23 21:17:00,0
최고,UNKNOWN,2026-03-23 21:17:00,0
빅딜,UNKNOWN,2026-03-23 21:17:00,0
뼈묠,UNKNOWN,2026-03-23 21:17:00,0
케르,UNKNOWN,2026-03-23 21:17:00,0
글자,UNKNOWN,2026-03-23 21:17:00,0
ResearchDV,UNKNOWN,2026-03-23 21:17:00,0
에테,UNKNOWN,2026-03-23 21:17:00,0
예롬,UNKNOWN,2026-03-23 21:17:00,0
공손,UNKNOWN,2026-03-23 21:17:00,0
깜랑아란,UNKNOWN,2026-03-23 21:17:00,0
일븐,UNKNOWN,2026-03-23 21:17:00,0
청묘,UNKNOWN,2026-03-23 21:17:00,0
막쏴,UNKNOWN,2026-03-23 21:17:00,0
검정,UNKNOWN,2026-03-23 21:17:00,0
박준호,UNKNOWN,2026-03-23 21:17:00,0
쌩초보,UNKNOWN,2026-03-23 21:17:00,0
초침,UNKNOWN,2026-03-23 21:17:00,0
달빛히어로52,UNKNOWN,2026-03-23 21:17:00,0
빅뱅심볼,UNKNOWN,2026-03-23 21:17:00,0
대갈텀,UNKNOWN,2026-03-23 21:17:00,0
비올팬,UNKNOWN,2026-03-23 21:17:00,0
나얌,UNKNOWN,2026-03-23 21:17:00,0
러쉬,UNKNOWN,2026-03-23 21:17:00,0
스꺼,UNKNOWN,2026-03-23 21:17:00,0
푸우,UNKNOWN,2026-03-23 21:17:00,0
뷰논,UNKNOWN,2026-03-23 21:17:00,0
가뚜,UNKNOWN,2026-03-23 21:17:00,0
노란옹마,UNKNOWN,2026-03-23 21:17:00,0
캐리,UNKNOWN,2026-03-23 21:17:00,0
왜욧,UNKNOWN,2026-03-23 21:17:00,0
딱밤,UNKNOWN,2026-03-23 21:17:00,0
뉴비,UNKNOWN,2026-03-23 21:17:00,0
제왕,UNKNOWN,2026-03-23 21:17:00,0
소곤,UNKNOWN,2026-03-23 21:17:00,0
노잼,UNKNOWN,2026-03-23 21:17:00,0
보공,UNKNOWN,2026-03-23 21:17:00,0
우큐,UNKNOWN,2026-03-23 21:17:00,0
별표시,UNKNOWN,2026-03-23 21:17:00,0
그만,UNKNOWN,2026-03-23 21:17:00,0
랄로,UNKNOWN,2026-03-23 21:17:00,0
미소년,UNKNOWN,2026-03-23 21:17:00,0
러닝,UNKNOWN,2026-03-23 21:17:00,0
푸른청룡룡,UNKNOWN,2026-03-23 21:17:00,0
화면,UNKNOWN,2026-03-23 21:17:00,0
소록방,UNKNOWN,2026-03-23 21:17:00,0
채연,UNKNOWN,2026-03-23 21:17:00,0
탸수,UNKNOWN,2026-03-23 21:17:00,0
망고,UNKNOWN,2026-03-23 21:17:00,0
소질,UNKNOWN,2026-03-23 21:17:01,0
커터,UNKNOWN,2026-03-23 21:17:01,0
가을바람,UNKNOWN,2026-03-23 21:17:01,0
룩룩,UNKNOWN,2026-03-23 21:17:01,0
피글렛,UNKNOWN,2026-03-23 21:17:01,0
히터,UNKNOWN,2026-03-23 21:17:01,0
썰전,UNKNOWN,2026-03-23 21:17:01,0
근본질,UNKNOWN,2026-03-23 21:17:01,0
하모레옹,UNKNOWN,2026-03-23 21:17:01,0
포탄,UNKNOWN,2026-03-23 21:17:01,0
깡쏘막,UNKNOWN,2026-03-23 21:17:01,0
구희,UNKNOWN,2026-03-23 21:17:01,0
뒤태,UNKNOWN,2026-03-23 21:17:01,0
근손실,UNKNOWN,2026-03-23 21:17:01,0
계곡,UNKNOWN,2026-03-23 21:17:01,0
니니,UNKNOWN,2026-03-23 21:17:01,0
슬릭,UNKNOWN,2026-03-23 21:17:01,0
메주,UNKNOWN,2026-03-23 21:17:01,0
독사,UNKNOWN,2026-03-23 21:17:01,0
을가,UNKNOWN,2026-03-23 21:17:01,0
프하하,UNKNOWN,2026-03-23 21:17:01,0
발락,UNKNOWN,2026-03-23 21:17:01,0
일초,UNKNOWN,2026-03-23 21:17:01,0
엇쎄,UNKNOWN,2026-03-23 21:17:01,0
날아라둥둥띠,UNKNOWN,2026-03-23 21:17:01,0
라포리,UNKNOWN,2026-03-23 21:17:01,0
유회,UNKNOWN,2026-03-23 21:17:01,0
에델,UNKNOWN,2026-03-23 21:17:01,0
패트,UNKNOWN,2026-03-23 21:17:01,0
제이슨상하차,UNKNOWN,2026-03-23 21:17:01,0
시계,UNKNOWN,2026-03-23 21:17:01,0
루사,UNKNOWN,2026-03-23 21:17:01,0
함다연,UNKNOWN,2026-03-23 21:17:01,0
제비,UNKNOWN,2026-03-23 21:17:01,0
메알못,UNKNOWN,2026-03-23 21:17:01,0
끼토,UNKNOWN,2026-03-23 21:17:01,0
황야,UNKNOWN,2026-03-23 21:17:01,0
방헤,UNKNOWN,2026-03-23 21:17:01,0
호놀,UNKNOWN,2026-03-23 21:17:01,0
승수,UNKNOWN,2026-03-23 21:17:01,0
홍련,UNKNOWN,2026-03-23 21:17:01,0
색시,UNKNOWN,2026-03-23 21:17:01,0
엔테이,UNKNOWN,2026-03-23 21:17:01,0
드래곤,UNKNOWN,2026-03-23 21:17:01,0
도규,UNKNOWN,2026-03-23 21:17:01,0
이꾸,UNKNOWN,2026-03-23 21:17:01,0
주뉴,UNKNOWN,2026-03-23 21:17:01,0
상구,UNKNOWN,2026-03-23 21:17:01,0
외해,UNKNOWN,2026-03-23 21:17:01,0
더비,UNKNOWN,2026-03-23 21:17:01,0
멘솔,UNKNOWN,2026-03-23 21:17:01,0
긍지,UNKNOWN,2026-03-23 21:17:01,0
범개,UNKNOWN,2026-03-23 21:17:01,0
블리츠크랭크,UNKNOWN,2026-03-23 21:17:01,0
배띠,UNKNOWN,2026-03-23 21:17:01,0
오타,UNKNOWN,2026-03-23 21:17:01,0
살벌,UNKNOWN,2026-03-23 21:17:01,0
겸지,UNKNOWN,2026-03-23 21:17:01,0
칼리,UNKNOWN,2026-03-23 21:17:01,0
베숨,UNKNOWN,2026-03-23 21:17:02,0
넥멘,UNKNOWN,2026-03-23 21:17:02,0
소신,UNKNOWN,2026-03-23 21:17:02,0
아침보름,UNKNOWN,2026-03-23 21:17:02,0
향냥,UNKNOWN,2026-03-23 21:17:02,0
로멘아란,UNKNOWN,2026-03-23 21:17:02,0
다줘,UNKNOWN,2026-03-23 21:17:02,0
간부,UNKNOWN,2026-03-23 21:17:02,0
동현,UNKNOWN,2026-03-23 21:17:02,0
쿄코,UNKNOWN,2026-03-23 21:17:02,0
나토풍,UNKNOWN,2026-03-23 21:17:02,0
영준,UNKNOWN,2026-03-23 21:17:02,0
땡이,UNKNOWN,2026-03-23 21:17:02,0
섹마,UNKNOWN,2026-03-23 21:17:02,0
현건,UNKNOWN,2026-03-23 21:17:02,0
네넵,UNKNOWN,2026-03-23 21:17:02,0
청성,UNKNOWN,2026-03-23 21:17:02,0
Klaw,UNKNOWN,2026-03-23 21:17:02,0
비첸,UNKNOWN,2026-03-23 21:17:02,0
Tree,UNKNOWN,2026-03-23 21:17:02,0
비스타,UNKNOWN,2026-03-23 21:17:02,0
PBVIP,UNKNOWN,2026-03-23 21:17:02,0
월광,UNKNOWN,2026-03-23 21:17:02,0
덕순,UNKNOWN,2026-03-23 21:17:02,0
힐해,UNKNOWN,2026-03-23 21:17:02,0
암띠,UNKNOWN,2026-03-23 21:17:02,0
진동,UNKNOWN,2026-03-23 21:17:02,0
산양,UNKNOWN,2026-03-23 21:17:02,0
위치,UNKNOWN,2026-03-23 21:17:02,0
진스,UNKNOWN,2026-03-23 21:17:02,0
온심,UNKNOWN,2026-03-23 21:17:02,0
아라슬,UNKNOWN,2026-03-23 21:17:02,0
큐링,UNKNOWN,2026-03-23 21:17:02,0
어쌔,UNKNOWN,2026-03-23 21:17:02,0
플라,UNKNOWN,2026-03-23 21:17:02,0
챠분,UNKNOWN,2026-03-23 21:17:02,0
꿈달,UNKNOWN,2026-03-23 21:17:02,0
흐스,UNKNOWN,2026-03-23 21:17:02,0
Slavia,UNKNOWN,2026-03-23 21:17:02,0
식장,UNKNOWN,2026-03-23 21:17:02,0
자유,UNKNOWN,2026-03-23 21:17:02,0
롱숭,UNKNOWN,2026-03-23 21:17:02,0
서리,UNKNOWN,2026-03-23 21:17:02,0
잡화정령상인,UNKNOWN,2026-03-23 21:17:02,0
호두맛쵸코,UNKNOWN,2026-03-23 21:17:02,0
오사카,UNKNOWN,2026-03-23 21:17:02,0
밴티,UNKNOWN,2026-03-23 21:17:02,0
명동,UNKNOWN,2026-03-23 21:17:02,0
네이버,UNKNOWN,2026-03-23 21:17:02,0
영원,UNKNOWN,2026-03-23 21:17:02,0
두근,UNKNOWN,2026-03-23 21:17:02,0
테러비터,UNKNOWN,2026-03-23 21:17:02,0
이격,UNKNOWN,2026-03-23 21:17:02,0
슈에,UNKNOWN,2026-03-23 21:17:02,0
메구루루,UNKNOWN,2026-03-23 21:17:02,0
스윙클,UNKNOWN,2026-03-23 21:17:03,0
낭들,UNKNOWN,2026-03-23 21:17:03,0
Spin,UNKNOWN,2026-03-23 21:17:03,0
귀담,UNKNOWN,2026-03-23 21:17:03,0
럽서아,UNKNOWN,2026-03-23 21:17:03,0
이뽀,UNKNOWN,2026-03-23 21:17:03,0
AnyCall,UNKNOWN,2026-03-23 21:17:03,0
너를,UNKNOWN,2026-03-23 21:17:03,0
첫체험,UNKNOWN,2026-03-23 21:17:03,0
개망함,UNKNOWN,2026-03-23 21:17:03,0
까페알바중,UNKNOWN,2026-03-23 21:17:03,0
아우버,UNKNOWN,2026-03-23 21:17:03,0
디즈니,UNKNOWN,2026-03-23 21:17:03,0
겐지,UNKNOWN,2026-03-23 21:17:03,0
나무망치,UNKNOWN,2026-03-23 21:17:03,0
빈핑,UNKNOWN,2026-03-23 21:17:03,0
세상,UNKNOWN,2026-03-23 21:17:03,0
개찬,UNKNOWN,2026-03-23 21:17:03,0
강효식,UNKNOWN,2026-03-23 21:17:03,0
수다,UNKNOWN,2026-03-23 21:17:03,0
꿀탄두,UNKNOWN,2026-03-23 21:17:03,0
점퍼,UNKNOWN,2026-03-23 21:17:03,0
빨판,UNKNOWN,2026-03-23 21:17:03,0
라라라,UNKNOWN,2026-03-23 21:17:03,0
춥고,UNKNOWN,2026-03-23 21:17:03,0
칭호,UNKNOWN,2026-03-23 21:17:03,0
센터,UNKNOWN,2026-03-23 21:17:03,0
꾸루,UNKNOWN,2026-03-23 21:17:03,0
솔애,UNKNOWN,2026-03-23 21:17:03,0
림보,UNKNOWN,2026-03-23 21:17:03,0
특출,UNKNOWN,2026-03-23 21:17:03,0
성준,UNKNOWN,2026-03-23 21:17:03,0
스우싸대기,UNKNOWN,2026-03-23 21:17:03,0
응급노래,UNKNOWN,2026-03-23 21:17:03,0
일라오이,UNKNOWN,2026-03-23 21:17:03,0
마나이트,UNKNOWN,2026-03-23 21:17:03,0
이슈,UNKNOWN,2026-03-23 21:17:03,0
메르,UNKNOWN,2026-03-23 21:17:03,0
이등현,UNKNOWN,2026-03-23 21:17:03,0
메이지구용,UNKNOWN,2026-03-23 21:17:03,0
패망,UNKNOWN,2026-03-23 21:17:03,0
전완근,UNKNOWN,2026-03-23 21:17:03,0
무당,UNKNOWN,2026-03-23 21:17:03,0
원장,UNKNOWN,2026-03-23 21:17:03,0
썬붕스,UNKNOWN,2026-03-23 21:17:03,0
거뇽,UNKNOWN,2026-03-23 21:17:03,0
노어,UNKNOWN,2026-03-23 21:17:03,0
학경,UNKNOWN,2026-03-23 21:17:03,0
고멘,UNKNOWN,2026-03-23 21:17:03,0
워치,UNKNOWN,2026-03-23 21:17:03,0
J미누,UNKNOWN,2026-03-23 21:17:03,0
화안,UNKNOWN,2026-03-23 21:17:03,0
크리,UNKNOWN,2026-03-23 21:17:03,0
악의,UNKNOWN,2026-03-23 21:17:03,0
샤나,UNKNOWN,2026-03-23 21:17:03,0
일짱,UNKNOWN,2026-03-23 21:17:03,0
창세,UNKNOWN,2026-03-23 21:17:03,0
뽀놀,UNKNOWN,2026-03-23 21:17:03,0
지나,UNKNOWN,2026-03-23 21:17:03,0
태핑,UNKNOWN,2026-03-23 21:17:03,0
밥신,UNKNOWN,2026-03-23 21:17:03,0
다텔,UNKNOWN,2026-03-23 21:17:03,0
라라,UNKNOWN,2026-03-23 21:17:03,0
독스,UNKNOWN,2026-03-23 21:17:03,0
창강,UNKNOWN,2026-03-23 21:17:03,0
후닝,UNKNOWN,2026-03-23 21:17:03,0
실내,UNKNOWN,2026-03-23 21:17:04,0
오바,UNKNOWN,2026-03-23 21:17:04,0
차호,UNKNOWN,2026-03-23 21:17:04,0
Crispy,UNKNOWN,2026-03-23 21:17:04,0
덕상,UNKNOWN,2026-03-23 21:17:04,0
부장,UNKNOWN,2026-03-23 21:17:04,0
다피,UNKNOWN,2026-03-23 21:17:04,0
안자,UNKNOWN,2026-03-23 21:17:04,0
소방,UNKNOWN,2026-03-23 21:17:04,0
깡이,UNKNOWN,2026-03-23 21:17:04,0
싹싹,UNKNOWN,2026-03-23 21:17:04,0
드앳,UNKNOWN,2026-03-23 21:17:04,0
진조커,UNKNOWN,2026-03-23 21:17:04,0
끈적끈적,UNKNOWN,2026-03-23 21:17:04,0
형님,UNKNOWN,2026-03-23 21:17:04,0
판콜,UNKNOWN,2026-03-23 21:17:04,0
듀오,UNKNOWN,2026-03-23 21:17:04,0
힝짜,UNKNOWN,2026-03-23 21:17:04,0
빻이퍼,UNKNOWN,2026-03-23 21:17:04,0
땃땃,UNKNOWN,2026-03-23 21:17:04,0
이화,UNKNOWN,2026-03-23 21:17:04,0
화령,UNKNOWN,2026-03-23 21:17:04,0
현꽁,UNKNOWN,2026-03-23 21:17:04,0
리니지,UNKNOWN,2026-03-23 21:17:04,0
헹장군,UNKNOWN,2026-03-23 21:17:04,0
카사,UNKNOWN,2026-03-23 21:17:04,0
merona,UNKNOWN,2026-03-23 21:17:04,0
수환채,UNKNOWN,2026-03-23 21:17:04,0
옴므,UNKNOWN,2026-03-23 21:17:04,0
뽕삥빵뿡,UNKNOWN,2026-03-23 21:17:04,0
라마,UNKNOWN,2026-03-23 21:17:04,0
선달,UNKNOWN,2026-03-23 21:17:04,0
낭만풍수사,UNKNOWN,2026-03-23 21:17:04,0
허성태,UNKNOWN,2026-03-23 21:17:04,0
공구,UNKNOWN,2026-03-23 21:17:04,0
류아,UNKNOWN,2026-03-23 21:17:04,0
독물,UNKNOWN,2026-03-23 21:17:04,0
영역,UNKNOWN,2026-03-23 21:17:04,0
매실,UNKNOWN,2026-03-23 21:17:04,0
찬앙,UNKNOWN,2026-03-23 21:17:04,0
지닐,UNKNOWN,2026-03-23 21:17:04,0
인크카,UNKNOWN,2026-03-23 21:17:04,0
별왕,UNKNOWN,2026-03-23 21:17:04,0
접어,UNKNOWN,2026-03-23 21:17:04,0
꾸씨,UNKNOWN,2026-03-23 21:17:04,0
가심,UNKNOWN,2026-03-23 21:17:04,0
탸우,UNKNOWN,2026-03-23 21:17:04,0
라무카무,UNKNOWN,2026-03-23 21:17:04,0
손플,UNKNOWN,2026-03-23 21:17:04,0
윤상,UNKNOWN,2026-03-23 21:17:04,0
비류,UNKNOWN,2026-03-23 21:17:04,0
계피,UNKNOWN,2026-03-23 21:17:04,0
부도,UNKNOWN,2026-03-23 21:17:04,0
피통,UNKNOWN,2026-03-23 21:17:04,0
신강율,UNKNOWN,2026-03-23 21:17:04,0
에휴,UNKNOWN,2026-03-23 21:17:04,0
샤롬,UNKNOWN,2026-03-23 21:17:04,0
뉴즈,UNKNOWN,2026-03-23 21:17:04,0
진지조하,UNKNOWN,2026-03-23 21:17:04,0
피넛,UNKNOWN,2026-03-23 21:17:04,0
롱주,UNKNOWN,2026-03-23 21:17:04,0
단풍군단장,UNKNOWN,2026-03-23 21:17:05,0
로봇탄탁,UNKNOWN,2026-03-23 21:17:05,0
니죄,UNKNOWN,2026-03-23 21:17:05,0
프라하,UNKNOWN,2026-03-23 21:17:05,0
불멸의오장군,UNKNOWN,2026-03-23 21:17:05,0
빡맹,UNKNOWN,2026-03-23 21:17:05,0
달꿈,UNKNOWN,2026-03-23 21:17:05,0
쏭은혁,UNKNOWN,2026-03-23 21:17:05,0
왈도쿤,UNKNOWN,2026-03-23 21:17:05,0
꼬링,UNKNOWN,2026-03-23 21:17:05,0
석유,UNKNOWN,2026-03-23 21:17:05,0
짱우,UNKNOWN,2026-03-23 21:17:05,0
썰곰,UNKNOWN,2026-03-23 21:17:05,0
커유,UNKNOWN,2026-03-23 21:17:05,0
모봄아,UNKNOWN,2026-03-23 21:17:05,0
단념,UNKNOWN,2026-03-23 21:17:05,0
양이,UNKNOWN,2026-03-23 21:17:05,0
선철이,UNKNOWN,2026-03-23 21:17:05,0
먹어봐야알지,UNKNOWN,2026-03-23 21:17:05,0
선봉,UNKNOWN,2026-03-23 21:17:05,0
김유한,UNKNOWN,2026-03-23 21:17:05,0
멍넨,UNKNOWN,2026-03-23 21:17:05,0
럭스,UNKNOWN,2026-03-23 21:17:05,0
퍼랜드,UNKNOWN,2026-03-23 21:17:05,0
코겜,UNKNOWN,2026-03-23 21:17:05,0
밤쿵,UNKNOWN,2026-03-23 21:17:05,0
준난,UNKNOWN,2026-03-23 21:17:05,0
연슈,UNKNOWN,2026-03-23 21:17:05,0
무토,UNKNOWN,2026-03-23 21:17:05,0
저주,UNKNOWN,2026-03-23 21:17:05,0
왕곰,UNKNOWN,2026-03-23 21:17:05,0
퍼킹빚취,UNKNOWN,2026-03-23 21:17:05,0
리스크,UNKNOWN,2026-03-23 21:17:05,0
흡입,UNKNOWN,2026-03-23 21:17:05,0
윤원희,UNKNOWN,2026-03-23 21:17:05,0
체뎀,UNKNOWN,2026-03-23 21:17:05,0
샤이,UNKNOWN,2026-03-23 21:17:05,0
애정딘,UNKNOWN,2026-03-23 21:17:05,0
제쭈,UNKNOWN,2026-03-23 21:17:05,0
무니,UNKNOWN,2026-03-23 21:17:05,0
엘더,UNKNOWN,2026-03-23 21:17:05,0
루티선생,UNKNOWN,2026-03-23 21:17:05,0
피터,UNKNOWN,2026-03-23 21:17:05,0
메창섭,UNKNOWN,2026-03-23 21:17:05,0
더협,UNKNOWN,2026-03-23 21:17:05,0
해저,UNKNOWN,2026-03-23 21:17:05,0
머햄,UNKNOWN,2026-03-23 21:17:05,0
랭커,UNKNOWN,2026-03-23 21:17:05,0
정청,UNKNOWN,2026-03-23 21:17:05,0
검투,UNKNOWN,2026-03-23 21:17:05,0
센센,UNKNOWN,2026-03-23 21:17:05,0
플란,UNKNOWN,2026-03-23 21:17:05,0
탈북자,UNKNOWN,2026-03-23 21:17:05,0
트파,UNKNOWN,2026-03-23 21:17:05,0
아임센츄,UNKNOWN,2026-03-23 21:17:05,0
현민은서,UNKNOWN,2026-03-23 21:17:05,0
무사꾼,UNKNOWN,2026-03-23 21:17:05,0
호랭,UNKNOWN,2026-03-23 21:17:05,0
꽃여울,UNKNOWN,2026-03-23 21:17:05,0
티레사,UNKNOWN,2026-03-23 21:17:05,0
무출,UNKNOWN,2026-03-23 21:17:05,0
샷샷,UNKNOWN,2026-03-23 21:17:05,0
메이킹이지,UNKNOWN,2026-03-23 21:17:05,0
염마,UNKNOWN,2026-03-23 21:17:05,0
챠니,UNKNOWN,2026-03-23 21:17:06,0
베비,UNKNOWN,2026-03-23 21:17:06,0
즉살,UNKNOWN,2026-03-23 21:17:06,0
종빈,UNKNOWN,2026-03-23 21:17:06,0
격상,UNKNOWN,2026-03-23 21:17:06,0
꼬기사장,UNKNOWN,2026-03-23 21:17:06,0
듀엠,UNKNOWN,2026-03-23 21:17:06,0
시침,UNKNOWN,2026-03-23 21:17:06,0
반반,UNKNOWN,2026-03-23 21:17:06,0
곱하,UNKNOWN,2026-03-23 21:17:06,0
씸유,UNKNOWN,2026-03-23 21:17:06,0
화잇,UNKNOWN,2026-03-23 21:17:06,0
설뀨밍,UNKNOWN,2026-03-23 21:17:06,0
시립,UNKNOWN,2026-03-23 21:17:06,0
아래,UNKNOWN,2026-03-23 21:17:06,0
유효,UNKNOWN,2026-03-23 21:17:06,0
유라헬,UNKNOWN,2026-03-23 21:17:06,0
닦아줌,UNKNOWN,2026-03-23 21:17:06,0
잉쏘,UNKNOWN,2026-03-23 21:17:06,0
쇼품,UNKNOWN,2026-03-23 21:17:06,0
포장,UNKNOWN,2026-03-23 21:17:06,0
적분쓰,UNKNOWN,2026-03-23 21:17:06,0
카타리나,UNKNOWN,2026-03-23 21:17:06,0
공돌,UNKNOWN,2026-03-23 21:17:06,0
이보,UNKNOWN,2026-03-23 21:17:06,0
밍썬,UNKNOWN,2026-03-23 21:17:06,0
민식o,UNKNOWN,2026-03-23 21:17:06,0
세나,UNKNOWN,2026-03-23 21:17:06,0
해조,UNKNOWN,2026-03-23 21:17:06,0
호잉,UNKNOWN,2026-03-23 21:17:06,0
양파농부,UNKNOWN,2026-03-23 21:17:06,0
Zerg,UNKNOWN,2026-03-23 21:17:06,0
예전과다른삶,UNKNOWN,2026-03-23 21:17:06,0
키모노아가씨,UNKNOWN,2026-03-23 21:17:06,0
꾸넛,UNKNOWN,2026-03-23 21:17:06,0
리즈,UNKNOWN,2026-03-23 21:17:06,0
메리니양,UNKNOWN,2026-03-23 21:17:06,0
우냐,UNKNOWN,2026-03-23 21:17:06,0
뇌둔,UNKNOWN,2026-03-23 21:17:06,0
악몽,UNKNOWN,2026-03-23 21:17:06,0
실사,UNKNOWN,2026-03-23 21:17:06,0
관전,UNKNOWN,2026-03-23 21:17:06,0
본좌,UNKNOWN,2026-03-23 21:17:06,0
널빤지님,UNKNOWN,2026-03-23 21:17:06,0
본배찌,UNKNOWN,2026-03-23 21:17:06,0
암살자,UNKNOWN,2026-03-23 21:17:06,0
어어,UNKNOWN,2026-03-23 21:17:06,0
윽경,UNKNOWN,2026-03-23 21:17:06,0
굉장한엄창난,UNKNOWN,2026-03-23 21:17:06,0
잔디,UNKNOWN,2026-03-23 21:17:06,0
롬댜,UNKNOWN,2026-03-23 21:17:06,0
쉬엣더뻐커,UNKNOWN,2026-03-23 21:17:06,0
수수유미,UNKNOWN,2026-03-23 21:17:06,0
Eeeeva,UNKNOWN,2026-03-23 21:17:06,0
세야,UNKNOWN,2026-03-23 21:17:06,0
바통,UNKNOWN,2026-03-23 21:17:06,0
비서관,UNKNOWN,2026-03-23 21:17:06,0
반앨,UNKNOWN,2026-03-23 21:17:06,0
놈현,UNKNOWN,2026-03-23 21:17:06,0
준현,UNKNOWN,2026-03-23 21:17:06,0
김작복,UNKNOWN,2026-03-23 21:17:06,0
므됴,UNKNOWN,2026-03-23 21:17:06,0
허챔,UNKNOWN,2026-03-23 21:17:06,0
도검,UNKNOWN,2026-03-23 21:17:06,0
madbtoward2,UNKNOWN,2026-03-23 21:17:06,0
유나얼,UNKNOWN,2026-03-23 21:17:06,0
곤봉,UNKNOWN,2026-03-23 21:17:06,0
담비띵,UNKNOWN,2026-03-23 21:17:06,0
영대지잡대,UNKNOWN,2026-03-23 21:17:06,0
시름,UNKNOWN,2026-03-23 21:17:06,0
헛걱정,UNKNOWN,2026-03-23 21:17:06,0
정일홍,UNKNOWN,2026-03-23 21:17:07,0
별바람,UNKNOWN,2026-03-23 21:17:07,0
Fake,UNKNOWN,2026-03-23 21:17:07,0
벌름,UNKNOWN,2026-03-23 21:17:07,0
뻣밍,UNKNOWN,2026-03-23 21:17:07,0
일병,UNKNOWN,2026-03-23 21:17:07,0
삐림이,UNKNOWN,2026-03-23 21:17:07,0
쇼바,UNKNOWN,2026-03-23 21:17:07,0
루비,UNKNOWN,2026-03-23 21:17:07,0
멍곰,UNKNOWN,2026-03-23 21:17:07,0
더헬,UNKNOWN,2026-03-23 21:17:07,0
구축,UNKNOWN,2026-03-23 21:17:07,0
버릇,UNKNOWN,2026-03-23 21:17:07,0
신의아이제로,UNKNOWN,2026-03-23 21:17:07,0
땅원,UNKNOWN,2026-03-23 21:17:07,0
진다환,UNKNOWN,2026-03-23 21:17:07,0
만춘,UNKNOWN,2026-03-23 21:17:07,0
해방,UNKNOWN,2026-03-23 21:17:07,0
흑돼랑,UNKNOWN,2026-03-23 21:17:07,0
딜쌘,UNKNOWN,2026-03-23 21:17:07,0
ArtF4,UNKNOWN,2026-03-23 21:17:07,0
심새,UNKNOWN,2026-03-23 21:17:07,0
샤렐,UNKNOWN,2026-03-23 21:17:07,0
제노,UNKNOWN,2026-03-23 21:17:07,0
예랑,UNKNOWN,2026-03-23 21:17:07,0
걷기,UNKNOWN,2026-03-23 21:17:07,0
하공,UNKNOWN,2026-03-23 21:17:07,0
비트맵인덱스,UNKNOWN,2026-03-23 21:17:07,0
던질게모자라,UNKNOWN,2026-03-23 21:17:07,0
개불,UNKNOWN,2026-03-23 21:17:07,0
녹뚜,UNKNOWN,2026-03-23 21:17:07,0
솔진,UNKNOWN,2026-03-23 21:17:07,0
런플,UNKNOWN,2026-03-23 21:17:07,0
연놈,UNKNOWN,2026-03-23 21:17:07,0
폭딜,UNKNOWN,2026-03-23 21:17:07,0
큐핏,UNKNOWN,2026-03-23 21:17:07,0
한양대학교,UNKNOWN,2026-03-23 21:17:07,0
벨벨,UNKNOWN,2026-03-23 21:17:07,0
졸린헤헤,UNKNOWN,2026-03-23 21:17:07,0
히몬,UNKNOWN,2026-03-23 21:17:07,0
상위,UNKNOWN,2026-03-23 21:17:07,0
샤넬조던,UNKNOWN,2026-03-23 21:17:07,0
남살프,UNKNOWN,2026-03-23 21:17:07,0
무리,UNKNOWN,2026-03-23 21:17:07,0
투바,UNKNOWN,2026-03-23 21:17:07,0
외국인비숍,UNKNOWN,2026-03-23 21:17:07,0
버디,UNKNOWN,2026-03-23 21:17:07,0
뿌띠,UNKNOWN,2026-03-23 21:17:07,0
Thresh,UNKNOWN,2026-03-23 21:17:07,0
이안,UNKNOWN,2026-03-23 21:17:07,0
권이의듀얼,UNKNOWN,2026-03-23 21:17:07,0
봐료,UNKNOWN,2026-03-23 21:17:07,0
해린,UNKNOWN,2026-03-23 21:17:07,0
만발,UNKNOWN,2026-03-23 21:17:07,0
파이,UNKNOWN,2026-03-23 21:17:07,0
브베,UNKNOWN,2026-03-23 21:17:07,0
클빙,UNKNOWN,2026-03-23 21:17:07,0
리테,UNKNOWN,2026-03-23 21:17:07,0
위성,UNKNOWN,2026-03-23 21:17:07,0
쌍연,UNKNOWN,2026-03-23 21:17:07,0
연버,UNKNOWN,2026-03-23 21:17:07,0
마루에요,UNKNOWN,2026-03-23 21:17:07,0
다부니,UNKNOWN,2026-03-23 21:17:07,0
시팡,UNKNOWN,2026-03-23 21:17:07,0
킬래,UNKNOWN,2026-03-23 21:17:07,0
흑갠,UNKNOWN,2026-03-23 21:17:08,0
대파,UNKNOWN,2026-03-23 21:17:08,0
소라룸,UNKNOWN,2026-03-23 21:17:08,0
공경현,UNKNOWN,2026-03-23 21:17:08,0
Ev제논이군,UNKNOWN,2026-03-23 21:17:08,0
태극,UNKNOWN,2026-03-23 21:17:08,0
블루블러드,UNKNOWN,2026-03-23 21:17:08,0
레틴,UNKNOWN,2026-03-23 21:17:08,0
Jelly,UNKNOWN,2026-03-23 21:17:08,0
악사,UNKNOWN,2026-03-23 21:17:08,0
그릴,UNKNOWN,2026-03-23 21:17:08,0
조울증,UNKNOWN,2026-03-23 21:17:08,0
윤살아,UNKNOWN,2026-03-23 21:17:08,0
시커만던져요,UNKNOWN,2026-03-23 21:17:08,0
17학번,UNKNOWN,2026-03-23 21:17:08,0
폭우비,UNKNOWN,2026-03-23 21:17:08,0
공야,UNKNOWN,2026-03-23 21:17:08,0
녀후,UNKNOWN,2026-03-23 21:17:08,0
깜규,UNKNOWN,2026-03-23 21:17:08,0
아키마,UNKNOWN,2026-03-23 21:17:08,0
리르,UNKNOWN,2026-03-23 21:17:08,0
식하,UNKNOWN,2026-03-23 21:17:08,0
치리,UNKNOWN,2026-03-23 21:17:08,0
Mr자비,UNKNOWN,2026-03-23 21:17:08,0
윤야철,UNKNOWN,2026-03-23 21:17:08,0
서용,UNKNOWN,2026-03-23 21:17:08,0
유격,UNKNOWN,2026-03-23 21:17:08,0
초기,UNKNOWN,2026-03-23 21:17:08,0
압살,UNKNOWN,2026-03-23 21:17:08,0
고소미,UNKNOWN,2026-03-23 21:17:08,0
솔로만즐김,UNKNOWN,2026-03-23 21:17:08,0
사원,UNKNOWN,2026-03-23 21:17:08,0
알감,UNKNOWN,2026-03-23 21:17:08,0
낸내,UNKNOWN,2026-03-23 21:17:08,0
체링,UNKNOWN,2026-03-23 21:17:08,0
증약,UNKNOWN,2026-03-23 21:17:08,0
물쥐,UNKNOWN,2026-03-23 21:17:08,0
치쏘,UNKNOWN,2026-03-23 21:17:08,0
가땅,UNKNOWN,2026-03-23 21:17:08,0
총제,UNKNOWN,2026-03-23 21:17:08,0
때웅,UNKNOWN,2026-03-23 21:17:08,0
병사,UNKNOWN,2026-03-23 21:17:08,0
타잔,UNKNOWN,2026-03-23 21:17:08,0
무표정,UNKNOWN,2026-03-23 21:17:08,0
에보,UNKNOWN,2026-03-23 21:17:08,0
리터,UNKNOWN,2026-03-23 21:17:08,0
선서,UNKNOWN,2026-03-23 21:17:08,0
찍먹빨,UNKNOWN,2026-03-23 21:17:08,0
뇌리우스,UNKNOWN,2026-03-23 21:17:08,0
최민성,UNKNOWN,2026-03-23 21:17:08,0
윤심상,UNKNOWN,2026-03-23 21:17:08,0
샤딸,UNKNOWN,2026-03-23 21:17:08,0
투창,UNKNOWN,2026-03-23 21:17:08,0
이류개그,UNKNOWN,2026-03-23 21:17:08,0
싯포,UNKNOWN,2026-03-23 21:17:08,0
뛴초,UNKNOWN,2026-03-23 21:17:08,0
초딩유진,UNKNOWN,2026-03-23 21:17:08,0
폭발한방,UNKNOWN,2026-03-23 21:17:08,0
감독,UNKNOWN,2026-03-23 21:17:08,0
알라딘,UNKNOWN,2026-03-23 21:17:08,0
보마네네롱,UNKNOWN,2026-03-23 21:17:08,0
꾸벅,UNKNOWN,2026-03-23 21:17:08,0
랭주,UNKNOWN,2026-03-23 21:17:08,0
유능,UNKNOWN,2026-03-23 21:17:08,0
Phalang,UNKNOWN,2026-03-23 21:17:08,0
챌리,UNKNOWN,2026-03-23 21:17:08,0
발망,UNKNOWN,2026-03-23 21:17:09,0
리트,UNKNOWN,2026-03-23 21:17:09,0
델화등,UNKNOWN,2026-03-23 21:17:09,0
미로,UNKNOWN,2026-03-23 21:17:09,0
아스퍼거,UNKNOWN,2026-03-23 21:17:09,0
Face1ess,UNKNOWN,2026-03-23 21:17:09,0
여비,UNKNOWN,2026-03-23 21:17:09,0
ohzz,UNKNOWN,2026-03-23 21:17:09,0
구혼영,UNKNOWN,2026-03-23 21:17:09,0
규민,UNKNOWN,2026-03-23 21:17:09,0
dodo,UNKNOWN,2026-03-23 21:17:09,0
빈잔,UNKNOWN,2026-03-23 21:17:09,0
천미수,UNKNOWN,2026-03-23 21:17:09,0
침식,UNKNOWN,2026-03-23 21:17:09,0
김재동,UNKNOWN,2026-03-23 21:17:09,0
뜬궁,UNKNOWN,2026-03-23 21:17:09,0
마제도어,UNKNOWN,2026-03-23 21:17:09,0
짱욱,UNKNOWN,2026-03-23 21:17:09,0
중급물리실험,UNKNOWN,2026-03-23 21:17:09,0
진실,UNKNOWN,2026-03-23 21:17:09,0
의사님,UNKNOWN,2026-03-23 21:17:09,0
낙엽,UNKNOWN,2026-03-23 21:17:09,0
쥐쥐,UNKNOWN,2026-03-23 21:17:09,0
아욤,UNKNOWN,2026-03-23 21:17:09,0
왼삼,UNKNOWN,2026-03-23 21:17:09,0
애앙,UNKNOWN,2026-03-23 21:17:09,0
연마,UNKNOWN,2026-03-23 21:17:09,0
짱반,UNKNOWN,2026-03-23 21:17:09,0
서론,UNKNOWN,2026-03-23 21:17:09,0
은빈아씨,UNKNOWN,2026-03-23 21:17:09,0
난세,UNKNOWN,2026-03-23 21:17:09,0
남준,UNKNOWN,2026-03-23 21:17:09,0
뱅고냥,UNKNOWN,2026-03-23 21:17:09,0
맙핑,UNKNOWN,2026-03-23 21:17:09,0
먈뗘,UNKNOWN,2026-03-23 21:17:09,0
ByThisTime,UNKNOWN,2026-03-23 21:17:09,0
빠민,UNKNOWN,2026-03-23 21:17:09,0
제니,UNKNOWN,2026-03-23 21:17:09,0
쟌엿,UNKNOWN,2026-03-23 21:17:09,0
사류,UNKNOWN,2026-03-23 21:17:09,0
지홍,UNKNOWN,2026-03-23 21:17:09,0
사왕,UNKNOWN,2026-03-23 21:17:09,0
사퇴,UNKNOWN,2026-03-23 21:17:09,0
밀끄,UNKNOWN,2026-03-23 21:17:09,0
스매셔,UNKNOWN,2026-03-23 21:17:09,0
요미,UNKNOWN,2026-03-23 21:17:09,0
노지오,UNKNOWN,2026-03-23 21:17:09,0
도둑별,UNKNOWN,2026-03-23 21:17:09,0
붑총,UNKNOWN,2026-03-23 21:17:09,0
쿨러,UNKNOWN,2026-03-23 21:17:09,0
나인0,UNKNOWN,2026-03-23 21:17:09,0
휴덕,UNKNOWN,2026-03-23 21:17:09,0
담임교사,UNKNOWN,2026-03-23 21:17:09,0
다훈,UNKNOWN,2026-03-23 21:17:09,0
일육뚜,UNKNOWN,2026-03-23 21:17:09,0
검은태양,UNKNOWN,2026-03-23 21:17:09,0
엇쭈,UNKNOWN,2026-03-23 21:17:09,0
시드,UNKNOWN,2026-03-23 21:17:09,0
경사,UNKNOWN,2026-03-23 21:17:09,0
표또,UNKNOWN,2026-03-23 21:17:09,0
강성호,UNKNOWN,2026-03-23 21:17:09,0
벤처,UNKNOWN,2026-03-23 21:17:09,0
시기S,UNKNOWN,2026-03-23 21:17:09,0
비단,UNKNOWN,2026-03-23 21:17:09,0
드캐,UNKNOWN,2026-03-23 21:17:09,0
지니,UNKNOWN,2026-03-23 21:17:09,0
원항,UNKNOWN,2026-03-23 21:17:09,0
단랑,UNKNOWN,2026-03-23 21:17:10,0
근쪽,UNKNOWN,2026-03-23 21:17:10,0
철웅,UNKNOWN,2026-03-23 21:17:10,0
천정,UNKNOWN,2026-03-23 21:17:10,0
흐물,UNKNOWN,2026-03-23 21:17:10,0
밍꾸,UNKNOWN,2026-03-23 21:17:10,0
쁘데,UNKNOWN,2026-03-23 21:17:10,0
쏘랭,UNKNOWN,2026-03-23 21:17:10,0
일기,UNKNOWN,2026-03-23 21:17:10,0
ProEpi,UNKNOWN,2026-03-23 21:17:10,0
나르,UNKNOWN,2026-03-23 21:17:10,0
의석,UNKNOWN,2026-03-23 21:17:10,0
핫지니안서요,UNKNOWN,2026-03-23 21:17:10,0
전수,UNKNOWN,2026-03-23 21:17:10,0
Seoul,UNKNOWN,2026-03-23 21:17:10,0
치빵파티,UNKNOWN,2026-03-23 21:17:10,0
소호,UNKNOWN,2026-03-23 21:17:10,0
켜씨,UNKNOWN,2026-03-23 21:17:10,0
뽀민,UNKNOWN,2026-03-23 21:17:10,0
동전쮸,UNKNOWN,2026-03-23 21:17:10,0
오캬,UNKNOWN,2026-03-23 21:17:10,0
블레이드당,UNKNOWN,2026-03-23 21:17:10,0
스나,UNKNOWN,2026-03-23 21:17:10,0
단정,UNKNOWN,2026-03-23 21:17:10,0
쑈츠,UNKNOWN,2026-03-23 21:17:10,0
으넹,UNKNOWN,2026-03-23 21:17:10,0
기묘,UNKNOWN,2026-03-23 21:17:10,0
난용곤,UNKNOWN,2026-03-23 21:17:10,0
킁카은지,UNKNOWN,2026-03-23 21:17:10,0
생연어충,UNKNOWN,2026-03-23 21:17:10,0
덤모,UNKNOWN,2026-03-23 21:17:10,0
리프,UNKNOWN,2026-03-23 21:17:10,0
간큼,UNKNOWN,2026-03-23 21:17:10,0
표잉,UNKNOWN,2026-03-23 21:17:10,0
뉴드,UNKNOWN,2026-03-23 21:17:10,0
김진성,UNKNOWN,2026-03-23 21:17:10,0
겨울,UNKNOWN,2026-03-23 21:17:10,0
택민,UNKNOWN,2026-03-23 21:17:10,0
돈파킷,UNKNOWN,2026-03-23 21:17:10,0
프론,UNKNOWN,2026-03-23 21:17:10,0
신형,UNKNOWN,2026-03-23 21:17:10,0
부성초일짱,UNKNOWN,2026-03-23 21:17:10,0
루카쿠,UNKNOWN,2026-03-23 21:17:10,0
김지한,UNKNOWN,2026-03-23 21:17:10,0
이아람,UNKNOWN,2026-03-23 21:17:10,0
택이,UNKNOWN,2026-03-23 21:17:10,0
양현상,UNKNOWN,2026-03-23 21:17:10,0
부산,UNKNOWN,2026-03-23 21:17:10,0
새룬,UNKNOWN,2026-03-23 21:17:10,0
크엄식,UNKNOWN,2026-03-23 21:17:10,0
수속,UNKNOWN,2026-03-23 21:17:10,0
비주,UNKNOWN,2026-03-23 21:17:10,0
콕킁,UNKNOWN,2026-03-23 21:17:10,0
꼴깍,UNKNOWN,2026-03-23 21:17:10,0
남한,UNKNOWN,2026-03-23 21:17:10,0
캐릭터첨봄,UNKNOWN,2026-03-23 21:17:10,0
낭만,UNKNOWN,2026-03-23 21:17:10,0
킹지명,UNKNOWN,2026-03-23 21:17:10,0
시빌,UNKNOWN,2026-03-23 21:17:10,0
루머,UNKNOWN,2026-03-23 21:17:10,0
무자카,UNKNOWN,2026-03-23 21:17:10,0
똘온,UNKNOWN,2026-03-23 21:17:10,0
깜둥이케,UNKNOWN,2026-03-23 21:17:11,0
사선추격,UNKNOWN,2026-03-23 21:17:11,0
벨님,UNKNOWN,2026-03-23 21:17:11,0
사랑의모양,UNKNOWN,2026-03-23 21:17:11,0
엄호,UNKNOWN,2026-03-23 21:17:11,0
공졸,UNKNOWN,2026-03-23 21:17:11,0
흐엉,UNKNOWN,2026-03-23 21:17:11,0
난연유,UNKNOWN,2026-03-23 21:17:11,0
이설,UNKNOWN,2026-03-23 21:17:11,0
셰쓰,UNKNOWN,2026-03-23 21:17:11,0
아기인형,UNKNOWN,2026-03-23 21:17:11,0
해골,UNKNOWN,2026-03-23 21:17:11,0
수국이,UNKNOWN,2026-03-23 21:17:11,0
센코,UNKNOWN,2026-03-23 21:17:11,0
능재센세,UNKNOWN,2026-03-23 21:17:11,0
로밍,UNKNOWN,2026-03-23 21:17:11,0
용진,UNKNOWN,2026-03-23 21:17:11,0
준환,UNKNOWN,2026-03-23 21:17:11,0
군필히붕이,UNKNOWN,2026-03-23 21:17:11,0
꺼누몬,UNKNOWN,2026-03-23 21:17:11,0
다정,UNKNOWN,2026-03-23 21:17:11,0
바하뮤트조,UNKNOWN,2026-03-23 21:17:11,0
공썩,UNKNOWN,2026-03-23 21:17:11,0
체인고릴라,UNKNOWN,2026-03-23 21:17:11,0
분반,UNKNOWN,2026-03-23 21:17:11,0
코루,UNKNOWN,2026-03-23 21:17:11,0
Room,UNKNOWN,2026-03-23 21:17:11,0
쿠잔,UNKNOWN,2026-03-23 21:17:11,0
서킷,UNKNOWN,2026-03-23 21:17:11,0
미술부,UNKNOWN,2026-03-23 21:17:11,0
안녕부엉아,UNKNOWN,2026-03-23 21:17:11,0
늑암,UNKNOWN,2026-03-23 21:17:11,0
쌈귀,UNKNOWN,2026-03-23 21:17:11,0
봉구르,UNKNOWN,2026-03-23 21:17:11,0
누리,UNKNOWN,2026-03-23 21:17:11,0
타일런트,UNKNOWN,2026-03-23 21:17:11,0
코쓰,UNKNOWN,2026-03-23 21:17:11,0
비명,UNKNOWN,2026-03-23 21:17:11,0
빅박스,UNKNOWN,2026-03-23 21:17:11,0
쿠디,UNKNOWN,2026-03-23 21:17:11,0
쿄캬,UNKNOWN,2026-03-23 21:17:11,0
휘도,UNKNOWN,2026-03-23 21:17:11,0
버퍼,UNKNOWN,2026-03-23 21:17:11,0
라쿠,UNKNOWN,2026-03-23 21:17:11,0
산들,UNKNOWN,2026-03-23 21:17:11,0
여진미,UNKNOWN,2026-03-23 21:17:11,0
왕구,UNKNOWN,2026-03-23 21:17:11,0
벙이,UNKNOWN,2026-03-23 21:17:11,0
멍충잉,UNKNOWN,2026-03-23 21:17:11,0
호진호,UNKNOWN,2026-03-23 21:17:11,0
칼슘,UNKNOWN,2026-03-23 21:17:11,0
호돌,UNKNOWN,2026-03-23 21:17:11,0
단깡,UNKNOWN,2026-03-23 21:17:11,0
칼을든키자루,UNKNOWN,2026-03-23 21:17:11,0
륀넬,UNKNOWN,2026-03-23 21:17:11,0
우멍,UNKNOWN,2026-03-23 21:17:11,0
차디,UNKNOWN,2026-03-23 21:17:11,0
꽁기,UNKNOWN,2026-03-23 21:17:11,0
일추,UNKNOWN,2026-03-23 21:17:11,0
암적,UNKNOWN,2026-03-23 21:17:11,0
꽁꽁찌릿,UNKNOWN,2026-03-23 21:17:11,0
배주현,UNKNOWN,2026-03-23 21:17:11,0
감마나이프,UNKNOWN,2026-03-23 21:17:11,0
앙A띄,UNKNOWN,2026-03-23 21:17:11,0
메르n,UNKNOWN,2026-03-23 21:17:12,0
간지,UNKNOWN,2026-03-23 21:17:12,0
soni,UNKNOWN,2026-03-23 21:17:12,0
무공,UNKNOWN,2026-03-23 21:17:12,0
이규밍,UNKNOWN,2026-03-23 21:17:12,0
참이,UNKNOWN,2026-03-23 21:17:12,0
이소이,UNKNOWN,2026-03-23 21:17:12,0
껴방,UNKNOWN,2026-03-23 21:17:12,0
종원,UNKNOWN,2026-03-23 21:17:12,0
중고나로임,UNKNOWN,2026-03-23 21:17:12,0
불독세팔,UNKNOWN,2026-03-23 21:17:12,0
축원,UNKNOWN,2026-03-23 21:17:12,0
백새송,UNKNOWN,2026-03-23 21:17:12,0
장조림,UNKNOWN,2026-03-23 21:17:12,0
융구,UNKNOWN,2026-03-23 21:17:12,0
깜딩,UNKNOWN,2026-03-23 21:17:12,0
아서,UNKNOWN,2026-03-23 21:17:12,0
주창아,UNKNOWN,2026-03-23 21:17:12,0
칸서,UNKNOWN,2026-03-23 21:17:12,0
로웰임,UNKNOWN,2026-03-23 21:17:12,0
뜨블,UNKNOWN,2026-03-23 21:17:12,0
냉모노,UNKNOWN,2026-03-23 21:17:12,0
호타룽,UNKNOWN,2026-03-23 21:17:12,0
송은,UNKNOWN,2026-03-23 21:17:12,0
중앙Univ,UNKNOWN,2026-03-23 21:17:12,0
삼재,UNKNOWN,2026-03-23 21:17:12,0
임무,UNKNOWN,2026-03-23 21:17:12,0
겨울새,UNKNOWN,2026-03-23 21:17:12,0
오파츠코드,UNKNOWN,2026-03-23 21:17:12,0
Belong,UNKNOWN,2026-03-23 21:17:12,0
메르스,UNKNOWN,2026-03-23 21:17:12,0
재미정말없음,UNKNOWN,2026-03-23 21:17:12,0
리밋,UNKNOWN,2026-03-23 21:17:12,0
회칼,UNKNOWN,2026-03-23 21:17:12,0
세봉,UNKNOWN,2026-03-23 21:17:12,0
최명인,UNKNOWN,2026-03-23 21:17:12,0
쨘콘,UNKNOWN,2026-03-23 21:17:12,0
정수영,UNKNOWN,2026-03-23 21:17:12,0
선재,UNKNOWN,2026-03-23 21:17:12,0
0521,UNKNOWN,2026-03-23 21:17:12,0
담수,UNKNOWN,2026-03-23 21:17:12,0
키라갱,UNKNOWN,2026-03-23 21:17:12,0
본길,UNKNOWN,2026-03-23 21:17:12,0
모피,UNKNOWN,2026-03-23 21:17:12,0
내삘,UNKNOWN,2026-03-23 21:17:12,0
차원,UNKNOWN,2026-03-23 21:17:12,0
남숍증오,UNKNOWN,2026-03-23 21:17:12,0
조듀,UNKNOWN,2026-03-23 21:17:12,0
누인정,UNKNOWN,2026-03-23 21:17:12,0
빨이,UNKNOWN,2026-03-23 21:17:12,0
규순잉,UNKNOWN,2026-03-23 21:17:12,0
읽씹,UNKNOWN,2026-03-23 21:17:12,0
일정,UNKNOWN,2026-03-23 21:17:12,0
듀블임뉘당,UNKNOWN,2026-03-23 21:17:12,0
앙꼬,UNKNOWN,2026-03-23 21:17:12,0
깅현,UNKNOWN,2026-03-23 21:17:12,0
수염쟁이에반,UNKNOWN,2026-03-23 21:17:12,0
루넨,UNKNOWN,2026-03-23 21:17:12,0
Camellia,UNKNOWN,2026-03-23 21:17:12,0
안해,UNKNOWN,2026-03-23 21:17:12,0
정론,UNKNOWN,2026-03-23 21:17:12,0
나랴,UNKNOWN,2026-03-23 21:17:12,0
근육파괴원중,UNKNOWN,2026-03-23 21:17:12,0
엘사극한,UNKNOWN,2026-03-23 21:17:12,0
실바나스,UNKNOWN,2026-03-23 21:17:12,0
귀왕,UNKNOWN,2026-03-23 21:17:12,0
Minho,UNKNOWN,2026-03-23 21:17:12,0
안솨,UNKNOWN,2026-03-23 21:17:12,0
이장,UNKNOWN,2026-03-23 21:17:13,0
럽라,UNKNOWN,2026-03-23 21:17:13,0
냐무심,UNKNOWN,2026-03-23 21:17:13,0
스간,UNKNOWN,2026-03-23 21:17:13,0
리조,UNKNOWN,2026-03-23 21:17:13,0
로랑,UNKNOWN,2026-03-23 21:17:13,0
유채,UNKNOWN,2026-03-23 21:17:13,0
피뿐,UNKNOWN,2026-03-23 21:17:13,0
징건,UNKNOWN,2026-03-23 21:17:13,0
티매셔,UNKNOWN,2026-03-23 21:17:13,0
불도저,UNKNOWN,2026-03-23 21:17:13,0
쥬다잉,UNKNOWN,2026-03-23 21:17:13,0
폭등,UNKNOWN,2026-03-23 21:17:13,0
닷세,UNKNOWN,2026-03-23 21:17:13,0
부추,UNKNOWN,2026-03-23 21:17:13,0
신기술,UNKNOWN,2026-03-23 21:17:13,0
단소,UNKNOWN,2026-03-23 21:17:13,0
계란,UNKNOWN,2026-03-23 21:17:13,0
아기상어,UNKNOWN,2026-03-23 21:17:13,0
홍패파임,UNKNOWN,2026-03-23 21:17:13,0
Tane,UNKNOWN,2026-03-23 21:17:13,0
쭌규,UNKNOWN,2026-03-23 21:17:13,0
아크랑커피,UNKNOWN,2026-03-23 21:17:13,0
콜라,UNKNOWN,2026-03-23 21:17:13,0
블듀갸,UNKNOWN,2026-03-23 21:17:13,0
구준범,UNKNOWN,2026-03-23 21:17:13,0
친창,UNKNOWN,2026-03-23 21:17:13,0
혼수상태,UNKNOWN,2026-03-23 21:17:13,0
해적하,UNKNOWN,2026-03-23 21:17:13,0
깜쨘,UNKNOWN,2026-03-23 21:17:13,0
노지민,UNKNOWN,2026-03-23 21:17:13,0
듀여블리,UNKNOWN,2026-03-23 21:17:13,0
Feta,UNKNOWN,2026-03-23 21:17:13,0
조녜삔,UNKNOWN,2026-03-23 21:17:13,0
서펜,UNKNOWN,2026-03-23 21:17:13,0
part,UNKNOWN,2026-03-23 21:17:13,0
성천,UNKNOWN,2026-03-23 21:17:13,0
넛넛,UNKNOWN,2026-03-23 21:17:13,0
솜징,UNKNOWN,2026-03-23 21:17:13,0
마커스,UNKNOWN,2026-03-23 21:17:13,0
백현시,UNKNOWN,2026-03-23 21:17:13,0
버프훔쳐,UNKNOWN,2026-03-23 21:17:13,0
나츄,UNKNOWN,2026-03-23 21:17:13,0
갓패링,UNKNOWN,2026-03-23 21:17:13,0
개사기,UNKNOWN,2026-03-23 21:17:13,0
저커,UNKNOWN,2026-03-23 21:17:13,0
배린,UNKNOWN,2026-03-23 21:17:13,0
분분,UNKNOWN,2026-03-23 21:17:13,0
썰매,UNKNOWN,2026-03-23 21:17:13,0
동수칸,UNKNOWN,2026-03-23 21:17:13,0
참살,UNKNOWN,2026-03-23 21:17:13,0
뚜빠,UNKNOWN,2026-03-23 21:17:13,0
리케아,UNKNOWN,2026-03-23 21:17:13,0
윈브목사,UNKNOWN,2026-03-23 21:17:13,0
신별,UNKNOWN,2026-03-23 21:17:13,0
VSCode,UNKNOWN,2026-03-23 21:17:13,0
눈송이,UNKNOWN,2026-03-23 21:17:13,0
캐슈,UNKNOWN,2026-03-23 21:17:13,0
서경이,UNKNOWN,2026-03-23 21:17:14,0
은풍,UNKNOWN,2026-03-23 21:17:14,0
초타,UNKNOWN,2026-03-23 21:17:14,0
된장,UNKNOWN,2026-03-23 21:17:14,0
채윤,UNKNOWN,2026-03-23 21:17:14,0
롱잽,UNKNOWN,2026-03-23 21:17:14,0
약점,UNKNOWN,2026-03-23 21:17:14,0
잇퓨,UNKNOWN,2026-03-23 21:17:14,0
선로,UNKNOWN,2026-03-23 21:17:14,0
프뉴,UNKNOWN,2026-03-23 21:17:14,0
학급,UNKNOWN,2026-03-23 21:17:14,0
랏낙,UNKNOWN,2026-03-23 21:17:14,0
유별루아,UNKNOWN,2026-03-23 21:17:14,0
파리,UNKNOWN,2026-03-23 21:17:14,0
깝No,UNKNOWN,2026-03-23 21:17:14,0
윈븜,UNKNOWN,2026-03-23 21:17:14,0
화인,UNKNOWN,2026-03-23 21:17:14,0
수도자,UNKNOWN,2026-03-23 21:17:14,0
lolduck,UNKNOWN,2026-03-23 21:17:14,0
쿨닉,UNKNOWN,2026-03-23 21:17:14,0
찰찰,UNKNOWN,2026-03-23 21:17:14,0
내로,UNKNOWN,2026-03-23 21:17:14,0
힝반냥,UNKNOWN,2026-03-23 21:17:14,0
헤쿠,UNKNOWN,2026-03-23 21:17:14,0
트리,UNKNOWN,2026-03-23 21:17:14,0
여명,UNKNOWN,2026-03-23 21:17:14,0
AshIsland,UNKNOWN,2026-03-23 21:17:14,0
다빈,UNKNOWN,2026-03-23 21:17:14,0
흉가,UNKNOWN,2026-03-23 21:17:14,0
흑집사,UNKNOWN,2026-03-23 21:17:14,0
전투,UNKNOWN,2026-03-23 21:17:14,0
왠텀,UNKNOWN,2026-03-23 21:17:14,0
알로에스무딩,UNKNOWN,2026-03-23 21:17:14,0
똥노비,UNKNOWN,2026-03-23 21:17:14,0
담치,UNKNOWN,2026-03-23 21:17:14,0
우빙,UNKNOWN,2026-03-23 21:17:14,0
엔젤릭블레스,UNKNOWN,2026-03-23 21:17:14,0
숙념,UNKNOWN,2026-03-23 21:17:14,0
까웅,UNKNOWN,2026-03-23 21:17:14,0
미나르,UNKNOWN,2026-03-23 21:17:14,0
써드,UNKNOWN,2026-03-23 21:17:14,0
상흔,UNKNOWN,2026-03-23 21:17:14,0
경북,UNKNOWN,2026-03-23 21:17:14,0
하염,UNKNOWN,2026-03-23 21:17:14,0
무우,UNKNOWN,2026-03-23 21:17:14,0
고려,UNKNOWN,2026-03-23 21:17:14,0
느낌표,UNKNOWN,2026-03-23 21:17:14,0
짝사랑,UNKNOWN,2026-03-23 21:17:14,0
난뎅,UNKNOWN,2026-03-23 21:17:14,0
돌범,UNKNOWN,2026-03-23 21:17:14,0
승목,UNKNOWN,2026-03-23 21:17:14,0
봉봉,UNKNOWN,2026-03-23 21:17:14,0
아림,UNKNOWN,2026-03-23 21:17:14,0
최다롱이,UNKNOWN,2026-03-23 21:17:15,0
엉등,UNKNOWN,2026-03-23 21:17:15,0
구렁v,UNKNOWN,2026-03-23 21:17:15,0
원두얍,UNKNOWN,2026-03-23 21:17:15,0
유녕숙,UNKNOWN,2026-03-23 21:17:15,0
월일제논,UNKNOWN,2026-03-23 21:17:15,0
큐리링,UNKNOWN,2026-03-23 21:17:15,0
오다일,UNKNOWN,2026-03-23 21:17:15,0
고섯형님,UNKNOWN,2026-03-23 21:17:15,0
쎄딘,UNKNOWN,2026-03-23 21:17:15,0
넙쭉,UNKNOWN,2026-03-23 21:17:15,0
천주교,UNKNOWN,2026-03-23 21:17:15,0
쥰쥰,UNKNOWN,2026-03-23 21:17:15,0
탑쑨,UNKNOWN,2026-03-23 21:17:15,0
멍꿀,UNKNOWN,2026-03-23 21:17:15,0
모깡,UNKNOWN,2026-03-23 21:17:15,0
세탈건,UNKNOWN,2026-03-23 21:17:15,0
소검,UNKNOWN,2026-03-23 21:17:15,0
메이트,UNKNOWN,2026-03-23 21:17:15,0
방송작가,UNKNOWN,2026-03-23 21:17:15,0
스고용,UNKNOWN,2026-03-23 21:17:15,0
크어,UNKNOWN,2026-03-23 21:17:15,0
그만그,UNKNOWN,2026-03-23 21:17:15,0
토히,UNKNOWN,2026-03-23 21:17:15,0
글카,UNKNOWN,2026-03-23 21:17:15,0
천연수달,UNKNOWN,2026-03-23 21:17:15,0
가긴,UNKNOWN,2026-03-23 21:17:15,0
광물,UNKNOWN,2026-03-23 21:17:15,0
사해,UNKNOWN,2026-03-23 21:17:15,0
코찡긋,UNKNOWN,2026-03-23 21:17:15,0
인태남,UNKNOWN,2026-03-23 21:17:15,0
차형주,UNKNOWN,2026-03-23 21:17:15,0
땡식,UNKNOWN,2026-03-23 21:17:15,0
여킹,UNKNOWN,2026-03-23 21:17:15,0
거군,UNKNOWN,2026-03-23 21:17:15,0
우샤로,UNKNOWN,2026-03-23 21:17:15,0
논반,UNKNOWN,2026-03-23 21:17:15,0
루링칼링,UNKNOWN,2026-03-23 21:17:15,0
에어본,UNKNOWN,2026-03-23 21:17:15,0
히어로지누,UNKNOWN,2026-03-23 21:17:15,0
우성,UNKNOWN,2026-03-23 21:17:15,0
깡주,UNKNOWN,2026-03-23 21:17:15,0
폭포,UNKNOWN,2026-03-23 21:17:15,0
노조,UNKNOWN,2026-03-23 21:17:15,0
신곡,UNKNOWN,2026-03-23 21:17:15,0
사생활,UNKNOWN,2026-03-23 21:17:15,0
러스트제논,UNKNOWN,2026-03-23 21:17:15,0
후앵,UNKNOWN,2026-03-23 21:17:15,0
밈커벨,UNKNOWN,2026-03-23 21:17:15,0
류승벙,UNKNOWN,2026-03-23 21:17:15,0
진급,UNKNOWN,2026-03-23 21:17:15,0
점푸,UNKNOWN,2026-03-23 21:17:15,0
팽이,UNKNOWN,2026-03-23 21:17:15,0
땅도,UNKNOWN,2026-03-23 21:17:15,0
칠신,UNKNOWN,2026-03-23 21:17:15,0
편대,UNKNOWN,2026-03-23 21:17:15,0
5징어,UNKNOWN,2026-03-23 21:17:15,0
도디디두,UNKNOWN,2026-03-23 21:17:15,0
테한,UNKNOWN,2026-03-23 21:17:15,0
쪼릉,UNKNOWN,2026-03-23 21:17:15,0
혜띠네,UNKNOWN,2026-03-23 21:17:15,0
주환석,UNKNOWN,2026-03-23 21:17:15,0
Ol리,UNKNOWN,2026-03-23 21:17:15,0
등압,UNKNOWN,2026-03-23 21:17:15,0
딸깍,UNKNOWN,2026-03-23 21:17:15,0
쭌쑤,UNKNOWN,2026-03-23 21:17:15,0
부서,UNKNOWN,2026-03-23 21:17:15,0
멜로,UNKNOWN,2026-03-23 21:17:16,0
냔우,UNKNOWN,2026-03-23 21:17:16,0
듀블이래여,UNKNOWN,2026-03-23 21:17:16,0
주챔,UNKNOWN,2026-03-23 21:17:16,0
폭죽,UNKNOWN,2026-03-23 21:17:16,0
조녜0cean,UNKNOWN,2026-03-23 21:17:16,0
그서,UNKNOWN,2026-03-23 21:17:16,0
겸뚱,UNKNOWN,2026-03-23 21:17:16,0
메루메루렌,UNKNOWN,2026-03-23 21:17:16,0
연카,UNKNOWN,2026-03-23 21:17:16,0
난센이,UNKNOWN,2026-03-23 21:17:16,0
너클,UNKNOWN,2026-03-23 21:17:16,0
데화,UNKNOWN,2026-03-23 21:17:16,0
두티,UNKNOWN,2026-03-23 21:17:16,0
채콩,UNKNOWN,2026-03-23 21:17:16,0
시뽀,UNKNOWN,2026-03-23 21:17:16,0
으나,UNKNOWN,2026-03-23 21:17:16,0
닥흐,UNKNOWN,2026-03-23 21:17:16,0
로즈핀치,UNKNOWN,2026-03-23 21:17:16,0
백현준,UNKNOWN,2026-03-23 21:17:16,0
쿠앤크,UNKNOWN,2026-03-23 21:17:16,0
깜충,UNKNOWN,2026-03-23 21:17:16,0
땡꿀,UNKNOWN,2026-03-23 21:17:16,0
수군,UNKNOWN,2026-03-23 21:17:16,0
환타쉐이커,UNKNOWN,2026-03-23 21:17:16,0
7초요,UNKNOWN,2026-03-23 21:17:16,0
매숭이,UNKNOWN,2026-03-23 21:17:16,0
리한도,UNKNOWN,2026-03-23 21:17:16,0
템템,UNKNOWN,2026-03-23 21:17:16,0
그닥,UNKNOWN,2026-03-23 21:17:16,0
광죠,UNKNOWN,2026-03-23 21:17:16,0
화브리,UNKNOWN,2026-03-23 21:17:16,0
꾸직,UNKNOWN,2026-03-23 21:17:16,0
한나리,UNKNOWN,2026-03-23 21:17:16,0
샌드백,UNKNOWN,2026-03-23 21:17:16,0
일가,UNKNOWN,2026-03-23 21:17:16,0
왕잠자리,UNKNOWN,2026-03-23 21:17:16,0
세리한나,UNKNOWN,2026-03-23 21:17:16,0
동윤,UNKNOWN,2026-03-23 21:17:16,0
유혹하는뇨자,UNKNOWN,2026-03-23 21:17:16,0
듀블훈,UNKNOWN,2026-03-23 21:17:16,0
수늑,UNKNOWN,2026-03-23 21:17:16,0
이두껑,UNKNOWN,2026-03-23 21:17:16,0
떠나,UNKNOWN,2026-03-23 21:17:16,0
찬형,UNKNOWN,2026-03-23 21:17:16,0
ASperDragon,UNKNOWN,2026-03-23 21:17:16,0
아령,UNKNOWN,2026-03-23 21:17:16,0
언더,UNKNOWN,2026-03-23 21:17:16,0
데공,UNKNOWN,2026-03-23 21:17:16,0
쿠망,UNKNOWN,2026-03-23 21:17:16,0
오세용,UNKNOWN,2026-03-23 21:17:16,0
배쩜,UNKNOWN,2026-03-23 21:17:16,0
일짱입니다,UNKNOWN,2026-03-23 21:17:17,0
보키다,UNKNOWN,2026-03-23 21:17:17,0
은칭,UNKNOWN,2026-03-23 21:17:17,0
동동주,UNKNOWN,2026-03-23 21:17:17,0
채만,UNKNOWN,2026-03-23 21:17:17,0
히찌,UNKNOWN,2026-03-23 21:17:17,0
오해,UNKNOWN,2026-03-23 21:17:17,0
라쓰,UNKNOWN,2026-03-23 21:17:17,0
후임,UNKNOWN,2026-03-23 21:17:17,0
사교육,UNKNOWN,2026-03-23 21:17:17,0
블마,UNKNOWN,2026-03-23 21:17:17,0
연호콜먼,UNKNOWN,2026-03-23 21:17:17,0
미니활,UNKNOWN,2026-03-23 21:17:17,0
수삐,UNKNOWN,2026-03-23 21:17:17,0
유식대장,UNKNOWN,2026-03-23 21:17:17,0
이두농,UNKNOWN,2026-03-23 21:17:17,0
NATO,UNKNOWN,2026-03-23 21:17:17,0
아무,UNKNOWN,2026-03-23 21:17:17,0
정라밍,UNKNOWN,2026-03-23 21:17:17,0
생령,UNKNOWN,2026-03-23 21:17:17,0
나무,UNKNOWN,2026-03-23 21:17:17,0
ADELSAP,UNKNOWN,2026-03-23 21:17:17,0
해협,UNKNOWN,2026-03-23 21:17:17,0
빈속,UNKNOWN,2026-03-23 21:17:17,0
츠비티,UNKNOWN,2026-03-23 21:17:17,0
타빅,UNKNOWN,2026-03-23 21:17:17,0
유람,UNKNOWN,2026-03-23 21:17:17,0
우리말,UNKNOWN,2026-03-23 21:17:17,0
룬님,UNKNOWN,2026-03-23 21:17:17,0
히나미,UNKNOWN,2026-03-23 21:17:17,0
잉엥,UNKNOWN,2026-03-23 21:17:17,0
피기군,UNKNOWN,2026-03-23 21:17:17,0
강우현,UNKNOWN,2026-03-23 21:17:17,0
문봄,UNKNOWN,2026-03-23 21:17:17,0
리뷰,UNKNOWN,2026-03-23 21:17:17,0
슈리언즈,UNKNOWN,2026-03-23 21:17:17,0
양세,UNKNOWN,2026-03-23 21:17:17,0
잠쟈리,UNKNOWN,2026-03-23 21:17:17,0
주파,UNKNOWN,2026-03-23 21:17:17,0
반쪽궁,UNKNOWN,2026-03-23 21:17:17,0
분수,UNKNOWN,2026-03-23 21:17:17,0
사구,UNKNOWN,2026-03-23 21:17:17,0
심보,UNKNOWN,2026-03-23 21:17:17,0
위장,UNKNOWN,2026-03-23 21:17:17,0
도늰,UNKNOWN,2026-03-23 21:17:17,0
Elldy,UNKNOWN,2026-03-23 21:17:17,0
네끗,UNKNOWN,2026-03-23 21:17:17,0
메짱한가,UNKNOWN,2026-03-23 21:17:17,0
뚜돌,UNKNOWN,2026-03-23 21:17:17,0
사근메린이,UNKNOWN,2026-03-23 21:17:17,0
충격파,UNKNOWN,2026-03-23 21:17:17,0
첫별,UNKNOWN,2026-03-23 21:17:17,0
피쓰루,UNKNOWN,2026-03-23 21:17:17,0
영삼쓰,UNKNOWN,2026-03-23 21:17:17,0
머딕,UNKNOWN,2026-03-23 21:17:17,0
리와오,UNKNOWN,2026-03-23 21:17:17,0
파운틴,UNKNOWN,2026-03-23 21:17:17,0
울상,UNKNOWN,2026-03-23 21:17:17,0
카루타,UNKNOWN,2026-03-23 21:17:17,0
연소,UNKNOWN,2026-03-23 21:17:17,0
윈브더맨,UNKNOWN,2026-03-23 21:17:17,0
부줏돌,UNKNOWN,2026-03-23 21:17:17,0
딸기검제,UNKNOWN,2026-03-23 21:17:17,0
팔급,UNKNOWN,2026-03-23 21:17:17,0
렐링,UNKNOWN,2026-03-23 21:17:17,0
2류따윈없다,UNKNOWN,2026-03-23 21:17:17,0
Riza,UNKNOWN,2026-03-23 21:17:17,0
스타포스,UNKNOWN,2026-03-23 21:17:18,0
카저보,UNKNOWN,2026-03-23 21:17:18,0
수호천사젤리,UNKNOWN,2026-03-23 21:17:18,0
권춘팔,UNKNOWN,2026-03-23 21:17:18,0
젤리,UNKNOWN,2026-03-23 21:17:18,0
JINl,UNKNOWN,2026-03-23 21:17:18,0
윈대김,UNKNOWN,2026-03-23 21:17:18,0
귀참이,UNKNOWN,2026-03-23 21:17:18,0
페어리,UNKNOWN,2026-03-23 21:17:18,0
주보,UNKNOWN,2026-03-23 21:17:18,0
쓰까,UNKNOWN,2026-03-23 21:17:18,0
밤이0,UNKNOWN,2026-03-23 21:17:18,0
무협,UNKNOWN,2026-03-23 21:17:18,0
음혈,UNKNOWN,2026-03-23 21:17:18,0
미즈하라,UNKNOWN,2026-03-23 21:17:18,0
플로리안,UNKNOWN,2026-03-23 21:17:18,0
오라웨폰,UNKNOWN,2026-03-23 21:17:18,0
더기,UNKNOWN,2026-03-23 21:17:18,0
발혓,UNKNOWN,2026-03-23 21:17:18,0
장우혁,UNKNOWN,2026-03-23 21:17:18,0
섹시푸드KFC,UNKNOWN,2026-03-23 21:17:18,0
Wony,UNKNOWN,2026-03-23 21:17:18,0
소예,UNKNOWN,2026-03-23 21:17:18,0
특고,UNKNOWN,2026-03-23 21:17:18,0
그크,UNKNOWN,2026-03-23 21:17:18,0
인젝션,UNKNOWN,2026-03-23 21:17:18,0
동그리히어로,UNKNOWN,2026-03-23 21:17:18,0
누마,UNKNOWN,2026-03-23 21:17:18,0
교불,UNKNOWN,2026-03-23 21:17:18,0
피겨,UNKNOWN,2026-03-23 21:17:18,0
템퍼,UNKNOWN,2026-03-23 21:17:18,0
원한,UNKNOWN,2026-03-23 21:17:18,0
예호망,UNKNOWN,2026-03-23 21:17:18,0
노냐,UNKNOWN,2026-03-23 21:17:18,0
야랸,UNKNOWN,2026-03-23 21:17:18,0
지적,UNKNOWN,2026-03-23 21:17:18,0
비예,UNKNOWN,2026-03-23 21:17:18,0
호두머루,UNKNOWN,2026-03-23 21:17:18,0
찍어먹는배트,UNKNOWN,2026-03-23 21:17:18,0
쿠로윳키,UNKNOWN,2026-03-23 21:17:18,0
쏘우,UNKNOWN,2026-03-23 21:17:18,0
네장학금,UNKNOWN,2026-03-23 21:17:18,0
현마통,UNKNOWN,2026-03-23 21:17:18,0
이열,UNKNOWN,2026-03-23 21:17:18,0
매드무비,UNKNOWN,2026-03-23 21:17:18,0
라란,UNKNOWN,2026-03-23 21:17:18,0
체즈농,UNKNOWN,2026-03-23 21:17:18,0
송글,UNKNOWN,2026-03-23 21:17:18,0
미녀아처,UNKNOWN,2026-03-23 21:17:18,0
효모,UNKNOWN,2026-03-23 21:17:18,0
사치,UNKNOWN,2026-03-23 21:17:18,0
은순,UNKNOWN,2026-03-23 21:17:18,0
밤일,UNKNOWN,2026-03-23 21:17:18,0
각법,UNKNOWN,2026-03-23 21:17:18,0
우방,UNKNOWN,2026-03-23 21:17:18,0
김존냥,UNKNOWN,2026-03-23 21:17:18,0
땍완,UNKNOWN,2026-03-23 21:17:18,0
먹밍,UNKNOWN,2026-03-23 21:17:18,0
헌납,UNKNOWN,2026-03-23 21:17:18,0
꿈섬,UNKNOWN,2026-03-23 21:17:18,0
들려,UNKNOWN,2026-03-23 21:17:19,0
찻상,UNKNOWN,2026-03-23 21:17:19,0
법무법인,UNKNOWN,2026-03-23 21:17:19,0
팔소랑,UNKNOWN,2026-03-23 21:17:19,0
현이,UNKNOWN,2026-03-23 21:17:19,0
뽀이,UNKNOWN,2026-03-23 21:17:19,0
모찌탠,UNKNOWN,2026-03-23 21:17:19,0
휴접후접,UNKNOWN,2026-03-23 21:17:19,0
속됴,UNKNOWN,2026-03-23 21:17:19,0
또롱,UNKNOWN,2026-03-23 21:17:19,0
딜박,UNKNOWN,2026-03-23 21:17:19,0
리무,UNKNOWN,2026-03-23 21:17:19,0
빡쮜,UNKNOWN,2026-03-23 21:17:19,0
해요,UNKNOWN,2026-03-23 21:17:19,0
알카,UNKNOWN,2026-03-23 21:17:19,0
메렌인데요,UNKNOWN,2026-03-23 21:17:19,0
미누,UNKNOWN,2026-03-23 21:17:19,0
아톤,UNKNOWN,2026-03-23 21:17:19,0
디키,UNKNOWN,2026-03-23 21:17:19,0
최황월,UNKNOWN,2026-03-23 21:17:19,0
끅예,UNKNOWN,2026-03-23 21:17:19,0
까리냐,UNKNOWN,2026-03-23 21:17:19,0
무검,UNKNOWN,2026-03-23 21:17:19,0
드세,UNKNOWN,2026-03-23 21:17:19,0
정수공인,UNKNOWN,2026-03-23 21:17:19,0
고전파,UNKNOWN,2026-03-23 21:17:19,0
지성나라,UNKNOWN,2026-03-23 21:17:19,0
인심,UNKNOWN,2026-03-23 21:17:19,0
o팬지,UNKNOWN,2026-03-23 21:17:19,0
경기제논,UNKNOWN,2026-03-23 21:17:19,0
파호,UNKNOWN,2026-03-23 21:17:19,0
연등,UNKNOWN,2026-03-23 21:17:19,0
메일,UNKNOWN,2026-03-23 21:17:19,0
영디,UNKNOWN,2026-03-23 21:17:19,0
댑꿀,UNKNOWN,2026-03-23 21:17:19,0
꽤야,UNKNOWN,2026-03-23 21:17:19,0
포크좌,UNKNOWN,2026-03-23 21:17:19,0
드립,UNKNOWN,2026-03-23 21:17:19,0
율별빛,UNKNOWN,2026-03-23 21:17:19,0
Optimize,UNKNOWN,2026-03-23 21:17:19,0
쥬즈,UNKNOWN,2026-03-23 21:17:19,0
교전,UNKNOWN,2026-03-23 21:17:19,0
캔디붐,UNKNOWN,2026-03-23 21:17:19,0
초화,UNKNOWN,2026-03-23 21:17:19,0
경찰,UNKNOWN,2026-03-23 21:17:19,0
권이의나로,UNKNOWN,2026-03-23 21:17:19,0
피어나,UNKNOWN,2026-03-23 21:17:19,0
꿈환,UNKNOWN,2026-03-23 21:17:19,0
해병,UNKNOWN,2026-03-23 21:17:19,0
연두s,UNKNOWN,2026-03-23 21:17:19,0
콥초,UNKNOWN,2026-03-23 21:17:19,0
성웅여해,UNKNOWN,2026-03-23 21:17:19,0
수정산달팽이,UNKNOWN,2026-03-23 21:17:19,0
혜민뭉,UNKNOWN,2026-03-23 21:17:20,0
꿀귀,UNKNOWN,2026-03-23 21:17:20,0
몇채,UNKNOWN,2026-03-23 21:17:20,0
위즈월드,UNKNOWN,2026-03-23 21:17:20,0
교황,UNKNOWN,2026-03-23 21:17:20,0
호승,UNKNOWN,2026-03-23 21:17:20,0
불늑,UNKNOWN,2026-03-23 21:17:20,0
혼마루,UNKNOWN,2026-03-23 21:17:20,0
입신검주,UNKNOWN,2026-03-23 21:17:20,0
사홀,UNKNOWN,2026-03-23 21:17:20,0
닉넹,UNKNOWN,2026-03-23 21:17:20,0
꼴아,UNKNOWN,2026-03-23 21:17:20,0
아이코쿠마,UNKNOWN,2026-03-23 21:17:20,0
버블나로,UNKNOWN,2026-03-23 21:17:20,0
박준탱,UNKNOWN,2026-03-23 21:17:20,0
끄나,UNKNOWN,2026-03-23 21:17:20,0
뱐싱,UNKNOWN,2026-03-23 21:17:20,0
신하영,UNKNOWN,2026-03-23 21:17:20,0
요환,UNKNOWN,2026-03-23 21:17:20,0
카구야,UNKNOWN,2026-03-23 21:17:20,0
꿀타래,UNKNOWN,2026-03-23 21:17:20,0
콜드빔,UNKNOWN,2026-03-23 21:17:20,0
바울,UNKNOWN,2026-03-23 21:17:20,0
Kain,UNKNOWN,2026-03-23 21:17:20,0
서초루,UNKNOWN,2026-03-23 21:17:20,0
윈디아,UNKNOWN,2026-03-23 21:17:20,0
마혁배,UNKNOWN,2026-03-23 21:17:20,0
혀띵,UNKNOWN,2026-03-23 21:17:20,0
넋나비,UNKNOWN,2026-03-23 21:17:20,0
모법차례1,UNKNOWN,2026-03-23 21:17:20,0
꽃화,UNKNOWN,2026-03-23 21:17:20,0
태초,UNKNOWN,2026-03-23 21:17:20,0
르앙잠,UNKNOWN,2026-03-23 21:17:20,0
룡순,UNKNOWN,2026-03-23 21:17:20,0
빽섭,UNKNOWN,2026-03-23 21:17:20,0
고우,UNKNOWN,2026-03-23 21:17:20,0
맑디맑은강,UNKNOWN,2026-03-23 21:17:20,0
봄댕,UNKNOWN,2026-03-23 21:17:20,0
뽀디,UNKNOWN,2026-03-23 21:17:20,0
떵뚜,UNKNOWN,2026-03-23 21:17:20,0
nahcilV,UNKNOWN,2026-03-23 21:17:20,0
시준,UNKNOWN,2026-03-23 21:17:20,0
머설,UNKNOWN,2026-03-23 21:17:20,0
전새콩,UNKNOWN,2026-03-23 21:17:20,0
Hope,UNKNOWN,2026-03-23 21:17:20,0
골드하트,UNKNOWN,2026-03-23 21:17:20,0
초보쨩,UNKNOWN,2026-03-23 21:17:20,0
콩욱,UNKNOWN,2026-03-23 21:17:20,0
뽀인,UNKNOWN,2026-03-23 21:17:20,0
군복,UNKNOWN,2026-03-23 21:17:20,0
해네,UNKNOWN,2026-03-23 21:17:20,0
공즌,UNKNOWN,2026-03-23 21:17:20,0
영화,UNKNOWN,2026-03-23 21:17:20,0
교과,UNKNOWN,2026-03-23 21:17:20,0
쿠쿠쿠,UNKNOWN,2026-03-23 21:17:20,0
국진,UNKNOWN,2026-03-23 21:17:20,0
억류,UNKNOWN,2026-03-23 21:17:20,0
똥오줌맛,UNKNOWN,2026-03-23 21:17:20,0
기위,UNKNOWN,2026-03-23 21:17:20,0
관제사,UNKNOWN,2026-03-23 21:17:21,0
균민,UNKNOWN,2026-03-23 21:17:21,0
Eumwol,UNKNOWN,2026-03-23 21:17:21,0
민창,UNKNOWN,2026-03-23 21:17:21,0
김잉솔,UNKNOWN,2026-03-23 21:17:21,0
도중,UNKNOWN,2026-03-23 21:17:21,0
데새,UNKNOWN,2026-03-23 21:17:21,0
그려,UNKNOWN,2026-03-23 21:17:21,0
도니염미,UNKNOWN,2026-03-23 21:17:21,0
꿀성대,UNKNOWN,2026-03-23 21:17:21,0
선보,UNKNOWN,2026-03-23 21:17:21,0
메빈,UNKNOWN,2026-03-23 21:17:21,0
쿠션,UNKNOWN,2026-03-23 21:17:21,0
베르,UNKNOWN,2026-03-23 21:17:21,0
제악귀,UNKNOWN,2026-03-23 21:17:21,0
함장,UNKNOWN,2026-03-23 21:17:21,0
밴딩모멘트,UNKNOWN,2026-03-23 21:17:21,0
명청,UNKNOWN,2026-03-23 21:17:21,0
햐토,UNKNOWN,2026-03-23 21:17:21,0
선우뚜뚜,UNKNOWN,2026-03-23 21:17:21,0
oI랑,UNKNOWN,2026-03-23 21:17:21,0
풍선껌,UNKNOWN,2026-03-23 21:17:21,0
머얼크,UNKNOWN,2026-03-23 21:17:21,0
서언,UNKNOWN,2026-03-23 21:17:21,0
진동계,UNKNOWN,2026-03-23 21:17:21,0
츠예나,UNKNOWN,2026-03-23 21:17:21,0
미스메카닉,UNKNOWN,2026-03-23 21:17:21,0
햄마,UNKNOWN,2026-03-23 21:17:21,0
지앗,UNKNOWN,2026-03-23 21:17:21,0
외상만,UNKNOWN,2026-03-23 21:17:21,0
으파,UNKNOWN,2026-03-23 21:17:21,0
솔내,UNKNOWN,2026-03-23 21:17:21,0
흔재,UNKNOWN,2026-03-23 21:17:21,0
난해,UNKNOWN,2026-03-23 21:17:21,0
레어,UNKNOWN,2026-03-23 21:17:21,0
치냐,UNKNOWN,2026-03-23 21:17:21,0
채권,UNKNOWN,2026-03-23 21:17:21,0
솜솜,UNKNOWN,2026-03-23 21:17:21,0
지사,UNKNOWN,2026-03-23 21:17:21,0
형도,UNKNOWN,2026-03-23 21:17:21,0
미소녀,UNKNOWN,2026-03-23 21:17:21,0
김병간,UNKNOWN,2026-03-23 21:17:21,0
악마듀,UNKNOWN,2026-03-23 21:17:21,0
르엔,UNKNOWN,2026-03-23 21:17:21,0
다비니,UNKNOWN,2026-03-23 21:17:21,0
화종,UNKNOWN,2026-03-23 21:17:21,0
명탐,UNKNOWN,2026-03-23 21:17:21,0
포킥,UNKNOWN,2026-03-23 21:17:21,0
독여,UNKNOWN,2026-03-23 21:17:21,0
응쿵,UNKNOWN,2026-03-23 21:17:21,0
구사,UNKNOWN,2026-03-23 21:17:21,0
애깅이,UNKNOWN,2026-03-23 21:17:21,0
별꾼,UNKNOWN,2026-03-23 21:17:21,0
금아델,UNKNOWN,2026-03-23 21:17:21,0
담금주,UNKNOWN,2026-03-23 21:17:21,0
떠프,UNKNOWN,2026-03-23 21:17:21,0
부엉,UNKNOWN,2026-03-23 21:17:21,0
불섭,UNKNOWN,2026-03-23 21:17:21,0
신피,UNKNOWN,2026-03-23 21:17:21,0
팔색,UNKNOWN,2026-03-23 21:17:21,0
주찬유,UNKNOWN,2026-03-23 21:17:21,0
미니언,UNKNOWN,2026-03-23 21:17:21,0
즈혁,UNKNOWN,2026-03-23 21:17:21,0
화살a,UNKNOWN,2026-03-23 21:17:21,0
개교,UNKNOWN,2026-03-23 21:17:21,0
Robi,UNKNOWN,2026-03-23 21:17:21,0
반바지,UNKNOWN,2026-03-23 21:17:21,0
콘킹,UNKNOWN,2026-03-23 21:17:21,0
산와머니,UNKNOWN,2026-03-23 21:17:21,0
쿄쿄,UNKNOWN,2026-03-23 21:17:21,0
야꽝,UNKNOWN,2026-03-23 21:17:22,0
래자,UNKNOWN,2026-03-23 21:17:22,0
Minseok,UNKNOWN,2026-03-23 21:17:22,0
느님,UNKNOWN,2026-03-23 21:17:22,0
토하,UNKNOWN,2026-03-23 21:17:22,0
Srum,UNKNOWN,2026-03-23 21:17:22,0
꼬빈,UNKNOWN,2026-03-23 21:17:22,0
미숟,UNKNOWN,2026-03-23 21:17:22,0
직업어려워,UNKNOWN,2026-03-23 21:17:22,0
처키,UNKNOWN,2026-03-23 21:17:22,0
에리봇,UNKNOWN,2026-03-23 21:17:22,0
얄미운메린,UNKNOWN,2026-03-23 21:17:22,0
누구시딘,UNKNOWN,2026-03-23 21:17:22,0
노길각,UNKNOWN,2026-03-23 21:17:22,0
뿌양,UNKNOWN,2026-03-23 21:17:22,0
꾸벅이,UNKNOWN,2026-03-23 21:17:22,0
감시,UNKNOWN,2026-03-23 21:17:22,0
꽃사슴,UNKNOWN,2026-03-23 21:17:22,0
잉쭈,UNKNOWN,2026-03-23 21:17:22,0
룡혼,UNKNOWN,2026-03-23 21:17:22,0
믹스,UNKNOWN,2026-03-23 21:17:22,0
마법구,UNKNOWN,2026-03-23 21:17:22,0
알기닌클아틴,UNKNOWN,2026-03-23 21:17:22,0
힘펴,UNKNOWN,2026-03-23 21:17:22,0
다솜미르,UNKNOWN,2026-03-23 21:17:22,0
비숍애호가,UNKNOWN,2026-03-23 21:17:22,0
소림,UNKNOWN,2026-03-23 21:17:22,0
주보용23호,UNKNOWN,2026-03-23 21:17:22,0
잘린,UNKNOWN,2026-03-23 21:17:22,0
협삐,UNKNOWN,2026-03-23 21:17:22,0
럭승헌,UNKNOWN,2026-03-23 21:17:22,0
속박,UNKNOWN,2026-03-23 21:17:22,0
똘미,UNKNOWN,2026-03-23 21:17:22,0
달밤,UNKNOWN,2026-03-23 21:17:22,0
양원동,UNKNOWN,2026-03-23 21:17:22,0
어비울,UNKNOWN,2026-03-23 21:17:22,0
환원,UNKNOWN,2026-03-23 21:17:22,0
왕새우,UNKNOWN,2026-03-23 21:17:22,0
레저,UNKNOWN,2026-03-23 21:17:22,0
Siegfried,UNKNOWN,2026-03-23 21:17:22,0
윙몽밍,UNKNOWN,2026-03-23 21:17:22,0
펌찌,UNKNOWN,2026-03-23 21:17:22,0
추진,UNKNOWN,2026-03-23 21:17:22,0
태우,UNKNOWN,2026-03-23 21:17:22,0
팽텀,UNKNOWN,2026-03-23 21:17:22,0
신사너굴맨,UNKNOWN,2026-03-23 21:17:22,0
잇캬,UNKNOWN,2026-03-23 21:17:22,0
썰반,UNKNOWN,2026-03-23 21:17:22,0
에응,UNKNOWN,2026-03-23 21:17:22,0
강무,UNKNOWN,2026-03-23 21:17:22,0
지러프,UNKNOWN,2026-03-23 21:17:22,0
콰티,UNKNOWN,2026-03-23 21:17:22,0
봄여름가을껼,UNKNOWN,2026-03-23 21:17:22,0
TheKing,UNKNOWN,2026-03-23 21:17:22,0
환산,UNKNOWN,2026-03-23 21:17:22,0
개초보,UNKNOWN,2026-03-23 21:17:22,0
이민채,UNKNOWN,2026-03-23 21:17:22,0
모치아범,UNKNOWN,2026-03-23 21:17:22,0
플랑S2,UNKNOWN,2026-03-23 21:17:22,0
진겸,UNKNOWN,2026-03-23 21:17:22,0
한숨얼굴,UNKNOWN,2026-03-23 21:17:22,0
댕댕순이,UNKNOWN,2026-03-23 21:17:22,0
대고,UNKNOWN,2026-03-23 21:17:23,0
일리바람,UNKNOWN,2026-03-23 21:17:23,0
종식,UNKNOWN,2026-03-23 21:17:23,0
민트쵸코,UNKNOWN,2026-03-23 21:17:23,0
송치훈,UNKNOWN,2026-03-23 21:17:23,0
스폘,UNKNOWN,2026-03-23 21:17:23,0
클레릭,UNKNOWN,2026-03-23 21:17:23,0
덴디,UNKNOWN,2026-03-23 21:17:23,0
후지와라,UNKNOWN,2026-03-23 21:17:23,0
스시다다,UNKNOWN,2026-03-23 21:17:23,0
봉제다방,UNKNOWN,2026-03-23 21:17:23,0
뽀움,UNKNOWN,2026-03-23 21:17:23,0
정상화그잡채,UNKNOWN,2026-03-23 21:17:23,0
내야셔틀,UNKNOWN,2026-03-23 21:17:23,0
과미,UNKNOWN,2026-03-23 21:17:23,0
튜우,UNKNOWN,2026-03-23 21:17:23,0
쁘룡,UNKNOWN,2026-03-23 21:17:23,0
수호,UNKNOWN,2026-03-23 21:17:23,0
피츄,UNKNOWN,2026-03-23 21:17:23,0
페또,UNKNOWN,2026-03-23 21:17:23,0
병아리우혁,UNKNOWN,2026-03-23 21:17:23,0
은애,UNKNOWN,2026-03-23 21:17:23,0
훅구,UNKNOWN,2026-03-23 21:17:23,0
크큭,UNKNOWN,2026-03-23 21:17:23,0
리키림,UNKNOWN,2026-03-23 21:17:23,0
카이저별담,UNKNOWN,2026-03-23 21:17:23,0
달곰,UNKNOWN,2026-03-23 21:17:23,0
치코리타,UNKNOWN,2026-03-23 21:17:23,0
넹가,UNKNOWN,2026-03-23 21:17:23,0
쿠몽,UNKNOWN,2026-03-23 21:17:23,0
아련,UNKNOWN,2026-03-23 21:17:23,0
풋내기,UNKNOWN,2026-03-23 21:17:23,0
박쓰블,UNKNOWN,2026-03-23 21:17:23,0
레피러스,UNKNOWN,2026-03-23 21:17:23,0
하퀄,UNKNOWN,2026-03-23 21:17:23,0
오브더데이,UNKNOWN,2026-03-23 21:17:23,0
탈읍성,UNKNOWN,2026-03-23 21:17:23,0
수퍼비,UNKNOWN,2026-03-23 21:17:23,0
마타타s,UNKNOWN,2026-03-23 21:17:23,0
국민말랑,UNKNOWN,2026-03-23 21:17:23,0
정상,UNKNOWN,2026-03-23 21:17:23,0
어에,UNKNOWN,2026-03-23 21:17:23,0
도케,UNKNOWN,2026-03-23 21:17:23,0
표이,UNKNOWN,2026-03-23 21:17:23,0
이매망량,UNKNOWN,2026-03-23 21:17:23,0
토반,UNKNOWN,2026-03-23 21:17:23,0
아자,UNKNOWN,2026-03-23 21:17:23,0
저그,UNKNOWN,2026-03-23 21:17:23,0
최기훈,UNKNOWN,2026-03-23 21:17:23,0
깨달,UNKNOWN,2026-03-23 21:17:23,0
파스,UNKNOWN,2026-03-23 21:17:23,0
카옹,UNKNOWN,2026-03-23 21:17:23,0
바아뮤,UNKNOWN,2026-03-23 21:17:23,0
학공림,UNKNOWN,2026-03-23 21:17:23,0
잊혀진크래욘,UNKNOWN,2026-03-23 21:17:23,0
딛반,UNKNOWN,2026-03-23 21:17:23,0
직찍,UNKNOWN,2026-03-23 21:17:23,0
나랑드,UNKNOWN,2026-03-23 21:17:23,0
꽃방,UNKNOWN,2026-03-23 21:17:23,0
빡스,UNKNOWN,2026-03-23 21:17:23,0
솔용,UNKNOWN,2026-03-23 21:17:23,0
멜로디,UNKNOWN,2026-03-23 21:17:23,0
흐륜,UNKNOWN,2026-03-23 21:17:24,0
문어꾸미즙,UNKNOWN,2026-03-23 21:17:24,0
마법소녀궁팡,UNKNOWN,2026-03-23 21:17:24,0
성꽃,UNKNOWN,2026-03-23 21:17:24,0
우여훈,UNKNOWN,2026-03-23 21:17:24,0
주비뇽,UNKNOWN,2026-03-23 21:17:24,0
영돌,UNKNOWN,2026-03-23 21:17:24,0
하늑,UNKNOWN,2026-03-23 21:17:24,0
왈츠,UNKNOWN,2026-03-23 21:17:24,0
즈히,UNKNOWN,2026-03-23 21:17:24,0
용찬,UNKNOWN,2026-03-23 21:17:24,0
눈밈,UNKNOWN,2026-03-23 21:17:24,0
빨리술가져와,UNKNOWN,2026-03-23 21:17:24,0
형주의매생이,UNKNOWN,2026-03-23 21:17:24,0
라섹,UNKNOWN,2026-03-23 21:17:24,0
조각,UNKNOWN,2026-03-23 21:17:24,0
따오,UNKNOWN,2026-03-23 21:17:24,0
귤좀,UNKNOWN,2026-03-23 21:17:24,0
추메,UNKNOWN,2026-03-23 21:17:24,0
멍믹,UNKNOWN,2026-03-23 21:17:24,0
퍼리,UNKNOWN,2026-03-23 21:17:24,0
오롸,UNKNOWN,2026-03-23 21:17:24,0
투격,UNKNOWN,2026-03-23 21:17:24,0
셀라스잠수정,UNKNOWN,2026-03-23 21:17:24,0
래오,UNKNOWN,2026-03-23 21:17:24,0
하란,UNKNOWN,2026-03-23 21:17:24,0
테라시타,UNKNOWN,2026-03-23 21:17:24,0
쩡깊,UNKNOWN,2026-03-23 21:17:24,0
뿌으,UNKNOWN,2026-03-23 21:17:24,0
노란돌망치,UNKNOWN,2026-03-23 21:17:24,0
슈인비,UNKNOWN,2026-03-23 21:17:24,0
임펠다운,UNKNOWN,2026-03-23 21:17:24,0
츤콩,UNKNOWN,2026-03-23 21:17:24,0
포도바,UNKNOWN,2026-03-23 21:17:24,0
젤로,UNKNOWN,2026-03-23 21:17:24,0
카빠대,UNKNOWN,2026-03-23 21:17:24,0
리가융,UNKNOWN,2026-03-23 21:17:24,0
화월령,UNKNOWN,2026-03-23 21:17:24,0
두비대장,UNKNOWN,2026-03-23 21:17:24,0
비혼,UNKNOWN,2026-03-23 21:17:24,0
푸둠캣,UNKNOWN,2026-03-23 21:17:24,0
강유리,UNKNOWN,2026-03-23 21:17:24,0
쿠스,UNKNOWN,2026-03-23 21:17:24,0
쿰이,UNKNOWN,2026-03-23 21:17:24,0
내일,UNKNOWN,2026-03-23 21:17:24,0
소인,UNKNOWN,2026-03-23 21:17:24,0
숨꾸,UNKNOWN,2026-03-23 21:17:24,0
러보,UNKNOWN,2026-03-23 21:17:24,0
정초온,UNKNOWN,2026-03-23 21:17:24,0
지빈,UNKNOWN,2026-03-23 21:17:24,0
아침짹,UNKNOWN,2026-03-23 21:17:24,0
불고기버거,UNKNOWN,2026-03-23 21:17:24,0
콘비,UNKNOWN,2026-03-23 21:17:24,0
아기양라라쟝,UNKNOWN,2026-03-23 21:17:24,0
죠린,UNKNOWN,2026-03-23 21:17:24,0
해독,UNKNOWN,2026-03-23 21:17:24,0
산왕,UNKNOWN,2026-03-23 21:17:24,0
소올,UNKNOWN,2026-03-23 21:17:24,0
격리,UNKNOWN,2026-03-23 21:17:24,0
셍엉,UNKNOWN,2026-03-23 21:17:24,0
새생명약국,UNKNOWN,2026-03-23 21:17:25,0
팡꿈,UNKNOWN,2026-03-23 21:17:25,0
잔빛,UNKNOWN,2026-03-23 21:17:25,0
베네니케,UNKNOWN,2026-03-23 21:17:25,0
교육,UNKNOWN,2026-03-23 21:17:25,0
얼래,UNKNOWN,2026-03-23 21:17:25,0
개섭섭,UNKNOWN,2026-03-23 21:17:25,0
랑쮜,UNKNOWN,2026-03-23 21:17:25,0
콜드,UNKNOWN,2026-03-23 21:17:25,0
야뽀,UNKNOWN,2026-03-23 21:17:25,0
찌릿,UNKNOWN,2026-03-23 21:17:25,0
만행,UNKNOWN,2026-03-23 21:17:25,0
기이얀,UNKNOWN,2026-03-23 21:17:25,0
안지영,UNKNOWN,2026-03-23 21:17:25,0
꼬물,UNKNOWN,2026-03-23 21:17:25,0
경뿌스틸의왕,UNKNOWN,2026-03-23 21:17:25,0
겹궁,UNKNOWN,2026-03-23 21:17:25,0
말산,UNKNOWN,2026-03-23 21:17:25,0
성뀨,UNKNOWN,2026-03-23 21:17:25,0
포백,UNKNOWN,2026-03-23 21:17:25,0
또후,UNKNOWN,2026-03-23 21:17:25,0
속담,UNKNOWN,2026-03-23 21:17:25,0
짱니,UNKNOWN,2026-03-23 21:17:25,0
흰곰,UNKNOWN,2026-03-23 21:17:25,0
괴또,UNKNOWN,2026-03-23 21:17:25,0
기재,UNKNOWN,2026-03-23 21:17:25,0
수수깡,UNKNOWN,2026-03-23 21:17:25,0
김의륜,UNKNOWN,2026-03-23 21:17:25,0
레세이자,UNKNOWN,2026-03-23 21:17:25,0
듀끗,UNKNOWN,2026-03-23 21:17:25,0
세곡도란,UNKNOWN,2026-03-23 21:17:25,0
시너지,UNKNOWN,2026-03-23 21:17:25,0
산전,UNKNOWN,2026-03-23 21:17:25,0
너보다고수11,UNKNOWN,2026-03-23 21:17:25,0
편예은,UNKNOWN,2026-03-23 21:17:25,0
느긋,UNKNOWN,2026-03-23 21:17:25,0
러네요,UNKNOWN,2026-03-23 21:17:25,0
따토,UNKNOWN,2026-03-23 21:17:25,0
월세,UNKNOWN,2026-03-23 21:17:25,0
엄마까까사조,UNKNOWN,2026-03-23 21:17:25,0
슬라,UNKNOWN,2026-03-23 21:17:25,0
캬롱,UNKNOWN,2026-03-23 21:17:25,0
토뽀,UNKNOWN,2026-03-23 21:17:25,0
스씰라스,UNKNOWN,2026-03-23 21:17:25,0
회기,UNKNOWN,2026-03-23 21:17:25,0
YaBaK,UNKNOWN,2026-03-23 21:17:25,0
대티슈,UNKNOWN,2026-03-23 21:17:25,0
모내님,UNKNOWN,2026-03-23 21:17:25,0
나루티베,UNKNOWN,2026-03-23 21:17:25,0
한림예고,UNKNOWN,2026-03-23 21:17:25,0
이상인,UNKNOWN,2026-03-23 21:17:25,0
최무등,UNKNOWN,2026-03-23 21:17:25,0
난롱,UNKNOWN,2026-03-23 21:17:25,0
큘노노,UNKNOWN,2026-03-23 21:17:25,0
양희,UNKNOWN,2026-03-23 21:17:25,0
퓨퓨,UNKNOWN,2026-03-23 21:17:25,0
토크온,UNKNOWN,2026-03-23 21:17:25,0
꽈베기,UNKNOWN,2026-03-23 21:17:25,0
홍마크,UNKNOWN,2026-03-23 21:17:25,0
신진골,UNKNOWN,2026-03-23 21:17:25,0
악겜,UNKNOWN,2026-03-23 21:17:25,0
끅껙,UNKNOWN,2026-03-23 21:17:26,0
낌배메,UNKNOWN,2026-03-23 21:17:26,0
싸뽄,UNKNOWN,2026-03-23 21:17:26,0
툭촉,UNKNOWN,2026-03-23 21:17:26,0
빛의길소마,UNKNOWN,2026-03-23 21:17:26,0
앨븐,UNKNOWN,2026-03-23 21:17:26,0
존당,UNKNOWN,2026-03-23 21:17:26,0
잘했어,UNKNOWN,2026-03-23 21:17:26,0
뤼콜,UNKNOWN,2026-03-23 21:17:26,0
쥬성,UNKNOWN,2026-03-23 21:17:26,0
키맹,UNKNOWN,2026-03-23 21:17:26,0
황갑충,UNKNOWN,2026-03-23 21:17:26,0
검서린,UNKNOWN,2026-03-23 21:17:26,0
MI네랄,UNKNOWN,2026-03-23 21:17:26,0
도잉섭,UNKNOWN,2026-03-23 21:17:26,0
씨냐,UNKNOWN,2026-03-23 21:17:26,0
자묘,UNKNOWN,2026-03-23 21:17:26,0
귀화부,UNKNOWN,2026-03-23 21:17:26,0
z루시아니z,UNKNOWN,2026-03-23 21:17:26,0
찬투,UNKNOWN,2026-03-23 21:17:26,0
랜덤박스,UNKNOWN,2026-03-23 21:17:26,0
메타마스크,UNKNOWN,2026-03-23 21:17:26,0
10찐,UNKNOWN,2026-03-23 21:17:26,0
겨희,UNKNOWN,2026-03-23 21:17:26,0
플헤,UNKNOWN,2026-03-23 21:17:26,0
쉘설슐,UNKNOWN,2026-03-23 21:17:26,0
척힐,UNKNOWN,2026-03-23 21:17:26,0
토네이도,UNKNOWN,2026-03-23 21:17:26,0
광광희,UNKNOWN,2026-03-23 21:17:26,0
더블샷,UNKNOWN,2026-03-23 21:17:26,0
알기,UNKNOWN,2026-03-23 21:17:26,0
우찬,UNKNOWN,2026-03-23 21:17:26,0
늘지,UNKNOWN,2026-03-23 21:17:26,0
맛탱이,UNKNOWN,2026-03-23 21:17:26,0
담탱,UNKNOWN,2026-03-23 21:17:26,0
다소,UNKNOWN,2026-03-23 21:17:26,0
LaiS2,UNKNOWN,2026-03-23 21:17:26,0
오타우,UNKNOWN,2026-03-23 21:17:26,0
국밥표창,UNKNOWN,2026-03-23 21:17:26,0
짜뿌,UNKNOWN,2026-03-23 21:17:26,0
열쇠,UNKNOWN,2026-03-23 21:17:26,0
입주자,UNKNOWN,2026-03-23 21:17:26,0
프렌,UNKNOWN,2026-03-23 21:17:26,0
점프캔슬초보,UNKNOWN,2026-03-23 21:17:26,0
갓득,UNKNOWN,2026-03-23 21:17:26,0
곰돌이인형,UNKNOWN,2026-03-23 21:17:26,0
호찬,UNKNOWN,2026-03-23 21:17:26,0
뿔린,UNKNOWN,2026-03-23 21:17:26,0
가이샤,UNKNOWN,2026-03-23 21:17:26,0
노크,UNKNOWN,2026-03-23 21:17:26,0
고냠,UNKNOWN,2026-03-23 21:17:26,0
Makylia,UNKNOWN,2026-03-23 21:17:26,0
카스,UNKNOWN,2026-03-23 21:17:26,0
봐용,UNKNOWN,2026-03-23 21:17:26,0
이더,UNKNOWN,2026-03-23 21:17:26,0
싸보,UNKNOWN,2026-03-23 21:17:26,0
떡상,UNKNOWN,2026-03-23 21:17:26,0
운플,UNKNOWN,2026-03-23 21:17:26,0
먀먀릿,UNKNOWN,2026-03-23 21:17:26,0
화술,UNKNOWN,2026-03-23 21:17:26,0
슈니s,UNKNOWN,2026-03-23 21:17:26,0
또빵,UNKNOWN,2026-03-23 21:17:26,0
동네시민,UNKNOWN,2026-03-23 21:17:26,0
디시,UNKNOWN,2026-03-23 21:17:27,0
까칠아,UNKNOWN,2026-03-23 21:17:27,0
겨울비,UNKNOWN,2026-03-23 21:17:27,0
고우스트,UNKNOWN,2026-03-23 21:17:27,0
채웡,UNKNOWN,2026-03-23 21:17:27,0
창설,UNKNOWN,2026-03-23 21:17:27,0
닥스,UNKNOWN,2026-03-23 21:17:27,0
염부성,UNKNOWN,2026-03-23 21:17:27,0
한게,UNKNOWN,2026-03-23 21:17:27,0
일병참모총장,UNKNOWN,2026-03-23 21:17:27,0
요나스,UNKNOWN,2026-03-23 21:17:27,0
데티,UNKNOWN,2026-03-23 21:17:27,0
영청,UNKNOWN,2026-03-23 21:17:27,0
닝워닝,UNKNOWN,2026-03-23 21:17:27,0
잔랑,UNKNOWN,2026-03-23 21:17:27,0
아픈지,UNKNOWN,2026-03-23 21:17:27,0
사클,UNKNOWN,2026-03-23 21:17:27,0
검달,UNKNOWN,2026-03-23 21:17:27,0
IMr심씨I,UNKNOWN,2026-03-23 21:17:27,0
일등시민,UNKNOWN,2026-03-23 21:17:27,0
드뤼렌,UNKNOWN,2026-03-23 21:17:27,0
파린,UNKNOWN,2026-03-23 21:17:27,0
마기나,UNKNOWN,2026-03-23 21:17:27,0
자자,UNKNOWN,2026-03-23 21:17:27,0
창룡,UNKNOWN,2026-03-23 21:17:27,0
동구,UNKNOWN,2026-03-23 21:17:27,0
Reol,UNKNOWN,2026-03-23 21:17:27,0
쵸아,UNKNOWN,2026-03-23 21:17:27,0
김방북,UNKNOWN,2026-03-23 21:17:27,0
만야v,UNKNOWN,2026-03-23 21:17:27,0
수환,UNKNOWN,2026-03-23 21:17:27,0
퐈이포,UNKNOWN,2026-03-23 21:17:27,0
개구리소년,UNKNOWN,2026-03-23 21:17:27,0
라즐z,UNKNOWN,2026-03-23 21:17:27,0
밤백제,UNKNOWN,2026-03-23 21:17:27,0
야솝,UNKNOWN,2026-03-23 21:17:27,0
seul,UNKNOWN,2026-03-23 21:17:27,0
사업,UNKNOWN,2026-03-23 21:17:27,0
멍석,UNKNOWN,2026-03-23 21:17:27,0
새아,UNKNOWN,2026-03-23 21:17:27,0
항운,UNKNOWN,2026-03-23 21:17:27,0
카미키,UNKNOWN,2026-03-23 21:17:27,0
피룽,UNKNOWN,2026-03-23 21:17:27,0
핑스퐁,UNKNOWN,2026-03-23 21:17:27,0
아델갤럭시,UNKNOWN,2026-03-23 21:17:27,0
세안,UNKNOWN,2026-03-23 21:17:27,0
수난,UNKNOWN,2026-03-23 21:17:27,0
머슴,UNKNOWN,2026-03-23 21:17:27,0
쿨삭,UNKNOWN,2026-03-23 21:17:27,0
힘든이별,UNKNOWN,2026-03-23 21:17:27,0
린티드,UNKNOWN,2026-03-23 21:17:27,0
키프로사,UNKNOWN,2026-03-23 21:17:27,0
민감,UNKNOWN,2026-03-23 21:17:27,0
토신,UNKNOWN,2026-03-23 21:17:27,0
강난빵,UNKNOWN,2026-03-23 21:17:27,0
돌봄,UNKNOWN,2026-03-23 21:17:27,0
조병,UNKNOWN,2026-03-23 21:17:27,0
마세,UNKNOWN,2026-03-23 21:17:27,0
눈빛,UNKNOWN,2026-03-23 21:17:27,0
로이드,UNKNOWN,2026-03-23 21:17:27,0
수재,UNKNOWN,2026-03-23 21:17:27,0
카렌,UNKNOWN,2026-03-23 21:17:27,0
시도,UNKNOWN,2026-03-23 21:17:27,0
바다차,UNKNOWN,2026-03-23 21:17:27,0
풍선쥐,UNKNOWN,2026-03-23 21:17:28,0
세입삐,UNKNOWN,2026-03-23 21:17:28,0
새츠,UNKNOWN,2026-03-23 21:17:28,0
긴옷,UNKNOWN,2026-03-23 21:17:28,0
고윤정,UNKNOWN,2026-03-23 21:17:28,0
통장잔고,UNKNOWN,2026-03-23 21:17:28,0
스씨,UNKNOWN,2026-03-23 21:17:28,0
댜보,UNKNOWN,2026-03-23 21:17:28,0
QTgame,UNKNOWN,2026-03-23 21:17:28,0
간수,UNKNOWN,2026-03-23 21:17:28,0
마이동풍,UNKNOWN,2026-03-23 21:17:28,0
민우,UNKNOWN,2026-03-23 21:17:28,0
로구,UNKNOWN,2026-03-23 21:17:28,0
찌스,UNKNOWN,2026-03-23 21:17:28,0
오라비,UNKNOWN,2026-03-23 21:17:28,0
이니썬콜,UNKNOWN,2026-03-23 21:17:28,0
퐁뿡,UNKNOWN,2026-03-23 21:17:28,0
본부,UNKNOWN,2026-03-23 21:17:28,0
악마호랑메르,UNKNOWN,2026-03-23 21:17:28,0
슈밤,UNKNOWN,2026-03-23 21:17:28,0
포크림,UNKNOWN,2026-03-23 21:17:28,0
민꽁,UNKNOWN,2026-03-23 21:17:28,0
순보,UNKNOWN,2026-03-23 21:17:28,0
햄쥬,UNKNOWN,2026-03-23 21:17:28,0
제뻐,UNKNOWN,2026-03-23 21:17:28,0
치즈어린이,UNKNOWN,2026-03-23 21:17:28,0
덤벙이비숍,UNKNOWN,2026-03-23 21:17:28,0
톱치더락,UNKNOWN,2026-03-23 21:17:28,0
배트,UNKNOWN,2026-03-23 21:17:28,0
언령,UNKNOWN,2026-03-23 21:17:28,0
촹릭,UNKNOWN,2026-03-23 21:17:28,0
멍청이,UNKNOWN,2026-03-23 21:17:28,0
피자,UNKNOWN,2026-03-23 21:17:28,0
문예,UNKNOWN,2026-03-23 21:17:28,0
권헤,UNKNOWN,2026-03-23 21:17:28,0
안아파,UNKNOWN,2026-03-23 21:17:28,0
개쪽,UNKNOWN,2026-03-23 21:17:28,0
오닉스,UNKNOWN,2026-03-23 21:17:28,0
모욕,UNKNOWN,2026-03-23 21:17:28,0
파괴선율,UNKNOWN,2026-03-23 21:17:28,0
이닛,UNKNOWN,2026-03-23 21:17:28,0
잘봐,UNKNOWN,2026-03-23 21:17:28,0
마그네트,UNKNOWN,2026-03-23 21:17:28,0
몽안,UNKNOWN,2026-03-23 21:17:28,0
목화,UNKNOWN,2026-03-23 21:17:28,0
댕청,UNKNOWN,2026-03-23 21:17:28,0
염료,UNKNOWN,2026-03-23 21:17:28,0
두긍,UNKNOWN,2026-03-23 21:17:28,0
KAIST,UNKNOWN,2026-03-23 21:17:28,0
이렐리아용재,UNKNOWN,2026-03-23 21:17:28,0
김치전,UNKNOWN,2026-03-23 21:17:28,0
큐션,UNKNOWN,2026-03-23 21:17:28,0
애기네돼지,UNKNOWN,2026-03-23 21:17:28,0
Doru,UNKNOWN,2026-03-23 21:17:28,0
그모,UNKNOWN,2026-03-23 21:17:28,0
손해,UNKNOWN,2026-03-23 21:17:29,0
소년,UNKNOWN,2026-03-23 21:17:29,0
0히페리온0,UNKNOWN,2026-03-23 21:17:29,0
매화샷,UNKNOWN,2026-03-23 21:17:29,0
쪼롱,UNKNOWN,2026-03-23 21:17:29,0
도날도토럼프,UNKNOWN,2026-03-23 21:17:29,0
13호전차,UNKNOWN,2026-03-23 21:17:29,0
공짜,UNKNOWN,2026-03-23 21:17:29,0
혜원토끼,UNKNOWN,2026-03-23 21:17:29,0
동맥,UNKNOWN,2026-03-23 21:17:29,0
벗자,UNKNOWN,2026-03-23 21:17:29,0
윈메롱,UNKNOWN,2026-03-23 21:17:29,0
습해,UNKNOWN,2026-03-23 21:17:29,0
신수,UNKNOWN,2026-03-23 21:17:29,0
머스크,UNKNOWN,2026-03-23 21:17:29,0
천추,UNKNOWN,2026-03-23 21:17:29,0
듀블,UNKNOWN,2026-03-23 21:17:29,0
피쓰,UNKNOWN,2026-03-23 21:17:29,0
묘롱,UNKNOWN,2026-03-23 21:17:29,0
왕딸,UNKNOWN,2026-03-23 21:17:29,0
포애,UNKNOWN,2026-03-23 21:17:29,0
마도사,UNKNOWN,2026-03-23 21:17:29,0
도깨비감투,UNKNOWN,2026-03-23 21:17:29,0
로또,UNKNOWN,2026-03-23 21:17:29,0
설환라,UNKNOWN,2026-03-23 21:17:29,0
보민트,UNKNOWN,2026-03-23 21:17:29,0
다사읍아델킴,UNKNOWN,2026-03-23 21:17:29,0
엘젝,UNKNOWN,2026-03-23 21:17:29,0
머임,UNKNOWN,2026-03-23 21:17:29,0
빈히,UNKNOWN,2026-03-23 21:17:29,0
데자와좋아요,UNKNOWN,2026-03-23 21:17:29,0
잔혜,UNKNOWN,2026-03-23 21:17:29,0
켠핑,UNKNOWN,2026-03-23 21:17:29,0
술잡,UNKNOWN,2026-03-23 21:17:29,0
윤주,UNKNOWN,2026-03-23 21:17:29,0
적파,UNKNOWN,2026-03-23 21:17:29,0
이미숙,UNKNOWN,2026-03-23 21:17:29,0
격증,UNKNOWN,2026-03-23 21:17:29,0
보슝,UNKNOWN,2026-03-23 21:17:29,0
케롤,UNKNOWN,2026-03-23 21:17:29,0
니나,UNKNOWN,2026-03-23 21:17:29,0
Rip다크,UNKNOWN,2026-03-23 21:17:29,0
교사,UNKNOWN,2026-03-23 21:17:29,0
오르르,UNKNOWN,2026-03-23 21:17:29,0
해그차,UNKNOWN,2026-03-23 21:17:29,0
뿡뿡찌뿡,UNKNOWN,2026-03-23 21:17:29,0
춘천,UNKNOWN,2026-03-23 21:17:29,0
비트,UNKNOWN,2026-03-23 21:17:29,0
발걸음,UNKNOWN,2026-03-23 21:17:29,0
잠동균,UNKNOWN,2026-03-23 21:17:29,0
믹뜨,UNKNOWN,2026-03-23 21:17:29,0
가로나루미,UNKNOWN,2026-03-23 21:17:29,0
덤블도어,UNKNOWN,2026-03-23 21:17:29,0
발암,UNKNOWN,2026-03-23 21:17:29,0
성베,UNKNOWN,2026-03-23 21:17:29,0
군중,UNKNOWN,2026-03-23 21:17:29,0
무계,UNKNOWN,2026-03-23 21:17:29,0
예경이,UNKNOWN,2026-03-23 21:17:29,0
예능,UNKNOWN,2026-03-23 21:17:29,0
번더스내치,UNKNOWN,2026-03-23 21:17:29,0
묵건,UNKNOWN,2026-03-23 21:17:29,0
또울,UNKNOWN,2026-03-23 21:17:29,0
메기꾼,UNKNOWN,2026-03-23 21:17:29,0
대인배뚱이,UNKNOWN,2026-03-23 21:17:29,0
타앙,UNKNOWN,2026-03-23 21:17:29,0
적솔,UNKNOWN,2026-03-23 21:17:29,0
워왁,UNKNOWN,2026-03-23 21:17:29,0
광부용hs,UNKNOWN,2026-03-23 21:17:30,0
시영둥이,UNKNOWN,2026-03-23 21:17:30,0
쌤띠,UNKNOWN,2026-03-23 21:17:30,0
상여자김저그,UNKNOWN,2026-03-23 21:17:30,0
Buzz,UNKNOWN,2026-03-23 21:17:30,0
보쿠,UNKNOWN,2026-03-23 21:17:30,0
데블,UNKNOWN,2026-03-23 21:17:30,0
나노,UNKNOWN,2026-03-23 21:17:30,0
염력,UNKNOWN,2026-03-23 21:17:30,0
코얌,UNKNOWN,2026-03-23 21:17:30,0
문도,UNKNOWN,2026-03-23 21:17:30,0
배탈,UNKNOWN,2026-03-23 21:17:30,0
툴렌,UNKNOWN,2026-03-23 21:17:30,0
원분,UNKNOWN,2026-03-23 21:17:30,0
갤X2,UNKNOWN,2026-03-23 21:17:30,0
유이수,UNKNOWN,2026-03-23 21:17:30,0
사요,UNKNOWN,2026-03-23 21:17:30,0
보딸,UNKNOWN,2026-03-23 21:17:30,0
붉은청룡,UNKNOWN,2026-03-23 21:17:30,0
첫눈봄,UNKNOWN,2026-03-23 21:17:30,0
펀시,UNKNOWN,2026-03-23 21:17:30,0
단돈,UNKNOWN,2026-03-23 21:17:30,0
MCtheMAX,UNKNOWN,2026-03-23 21:17:30,0
간파,UNKNOWN,2026-03-23 21:17:30,0
2강국,UNKNOWN,2026-03-23 21:17:30,0
마라벨,UNKNOWN,2026-03-23 21:17:30,0
명칠,UNKNOWN,2026-03-23 21:17:30,0
콴힝,UNKNOWN,2026-03-23 21:17:30,0
닉넴추천,UNKNOWN,2026-03-23 21:17:30,0
풔룸,UNKNOWN,2026-03-23 21:17:30,0
헬스,UNKNOWN,2026-03-23 21:17:30,0
쯔띠,UNKNOWN,2026-03-23 21:17:30,0
모래시계,UNKNOWN,2026-03-23 21:17:30,0
써폿,UNKNOWN,2026-03-23 21:17:30,0
승표,UNKNOWN,2026-03-23 21:17:30,0
레몬청맛집,UNKNOWN,2026-03-23 21:17:30,0
욕재히,UNKNOWN,2026-03-23 21:17:30,0
미신,UNKNOWN,2026-03-23 21:17:30,0
끄앙수,UNKNOWN,2026-03-23 21:17:30,0
정남,UNKNOWN,2026-03-23 21:17:30,0
벗풍,UNKNOWN,2026-03-23 21:17:30,0
나잊,UNKNOWN,2026-03-23 21:17:30,0
하코,UNKNOWN,2026-03-23 21:17:30,0
팡이요,UNKNOWN,2026-03-23 21:17:30,0
빡셈,UNKNOWN,2026-03-23 21:17:30,0
규별,UNKNOWN,2026-03-23 21:17:30,0
겔르,UNKNOWN,2026-03-23 21:17:30,0
흔므,UNKNOWN,2026-03-23 21:17:30,0
곰젤리말랑해,UNKNOWN,2026-03-23 21:17:30,0
밤의유리,UNKNOWN,2026-03-23 21:17:30,0
나워이지여,UNKNOWN,2026-03-23 21:17:30,0
푸힉,UNKNOWN,2026-03-23 21:17:30,0
반틈,UNKNOWN,2026-03-23 21:17:30,0
다운운,UNKNOWN,2026-03-23 21:17:30,0
한은을갈까요,UNKNOWN,2026-03-23 21:17:30,0
코코네유랑자,UNKNOWN,2026-03-23 21:17:30,0
여절,UNKNOWN,2026-03-23 21:17:30,0
이븐소마,UNKNOWN,2026-03-23 21:17:30,0
ID브라우니,UNKNOWN,2026-03-23 21:17:30,0
존령,UNKNOWN,2026-03-23 21:17:30,0
바탕,UNKNOWN,2026-03-23 21:17:30,0
유로,UNKNOWN,2026-03-23 21:17:30,0
말랑말랑해,UNKNOWN,2026-03-23 21:17:30,0
구구쩌리,UNKNOWN,2026-03-23 21:17:30,0
닝재,UNKNOWN,2026-03-23 21:17:31,0
시닛,UNKNOWN,2026-03-23 21:17:31,0
종기,UNKNOWN,2026-03-23 21:17:31,0
비채,UNKNOWN,2026-03-23 21:17:31,0
메일스트롬,UNKNOWN,2026-03-23 21:17:31,0
잔생,UNKNOWN,2026-03-23 21:17:31,0
물지,UNKNOWN,2026-03-23 21:17:31,0
고경근,UNKNOWN,2026-03-23 21:17:31,0
머야,UNKNOWN,2026-03-23 21:17:31,0
홍긔,UNKNOWN,2026-03-23 21:17:31,0
가드패턴,UNKNOWN,2026-03-23 21:17:31,0
잇쿵,UNKNOWN,2026-03-23 21:17:31,0
컨컨,UNKNOWN,2026-03-23 21:17:31,0
또뀨,UNKNOWN,2026-03-23 21:17:31,0
빙규,UNKNOWN,2026-03-23 21:17:31,0
테레사,UNKNOWN,2026-03-23 21:17:31,0
순벽,UNKNOWN,2026-03-23 21:17:31,0
행복한Good,UNKNOWN,2026-03-23 21:17:31,0
헬롱용용,UNKNOWN,2026-03-23 21:17:31,0
맛집,UNKNOWN,2026-03-23 21:17:31,0
테하카,UNKNOWN,2026-03-23 21:17:31,0
봄소풍나들이,UNKNOWN,2026-03-23 21:17:31,0
끼리꼬리,UNKNOWN,2026-03-23 21:17:31,0
스핑,UNKNOWN,2026-03-23 21:17:31,0
양띵센즈YT,UNKNOWN,2026-03-23 21:17:31,0
파오,UNKNOWN,2026-03-23 21:17:31,0
우진님,UNKNOWN,2026-03-23 21:17:31,0
붉은달,UNKNOWN,2026-03-23 21:17:31,0
엽엽,UNKNOWN,2026-03-23 21:17:31,0
댕댕,UNKNOWN,2026-03-23 21:17:31,0
채으악,UNKNOWN,2026-03-23 21:17:31,0
주꾸밍,UNKNOWN,2026-03-23 21:17:31,0
서아,UNKNOWN,2026-03-23 21:17:31,0
유자,UNKNOWN,2026-03-23 21:17:31,0
진품듀블,UNKNOWN,2026-03-23 21:17:31,0
원쯔,UNKNOWN,2026-03-23 21:17:31,0
물리과,UNKNOWN,2026-03-23 21:17:31,0
봉짱,UNKNOWN,2026-03-23 21:17:31,0
슈밥,UNKNOWN,2026-03-23 21:17:31,0
피리꾼,UNKNOWN,2026-03-23 21:17:31,0
김대,UNKNOWN,2026-03-23 21:17:31,0
내다버린콩,UNKNOWN,2026-03-23 21:17:31,0
침낭,UNKNOWN,2026-03-23 21:17:31,0
기현명,UNKNOWN,2026-03-23 21:17:31,0
냥곰이,UNKNOWN,2026-03-23 21:17:31,0
젯물,UNKNOWN,2026-03-23 21:17:31,0
달뇽,UNKNOWN,2026-03-23 21:17:31,0
아악,UNKNOWN,2026-03-23 21:17:31,0
핵사,UNKNOWN,2026-03-23 21:17:31,0
키파,UNKNOWN,2026-03-23 21:17:31,0
동냥,UNKNOWN,2026-03-23 21:17:31,0
수탐,UNKNOWN,2026-03-23 21:17:31,0
방사능,UNKNOWN,2026-03-23 21:17:31,0
이예지,UNKNOWN,2026-03-23 21:17:31,0
활님,UNKNOWN,2026-03-23 21:17:31,0
파티심,UNKNOWN,2026-03-23 21:17:31,0
심마니,UNKNOWN,2026-03-23 21:17:31,0
므잔,UNKNOWN,2026-03-23 21:17:31,0
쓰라,UNKNOWN,2026-03-23 21:17:32,0
낭송,UNKNOWN,2026-03-23 21:17:32,0
건생,UNKNOWN,2026-03-23 21:17:32,0
권빅뱅,UNKNOWN,2026-03-23 21:17:32,0
붙박,UNKNOWN,2026-03-23 21:17:32,0
마법부,UNKNOWN,2026-03-23 21:17:32,0
하추,UNKNOWN,2026-03-23 21:17:32,0
지프,UNKNOWN,2026-03-23 21:17:32,0
흑례,UNKNOWN,2026-03-23 21:17:32,0
꼬왕,UNKNOWN,2026-03-23 21:17:32,0
뿔리저,UNKNOWN,2026-03-23 21:17:32,0
릴프,UNKNOWN,2026-03-23 21:17:32,0
오지,UNKNOWN,2026-03-23 21:17:32,0
번화,UNKNOWN,2026-03-23 21:17:32,0
쏘블,UNKNOWN,2026-03-23 21:17:32,0
설련,UNKNOWN,2026-03-23 21:17:32,0
돌디,UNKNOWN,2026-03-23 21:17:32,0
무한대,UNKNOWN,2026-03-23 21:17:32,0
테리즈만,UNKNOWN,2026-03-23 21:17:32,0
사루,UNKNOWN,2026-03-23 21:17:32,0
진어밍,UNKNOWN,2026-03-23 21:17:32,0
군제,UNKNOWN,2026-03-23 21:17:32,0
단광,UNKNOWN,2026-03-23 21:17:32,0
패우희,UNKNOWN,2026-03-23 21:17:32,0
그노시스,UNKNOWN,2026-03-23 21:17:32,0
도도적,UNKNOWN,2026-03-23 21:17:32,0
나뮬,UNKNOWN,2026-03-23 21:17:32,0
나카노아즈사,UNKNOWN,2026-03-23 21:17:32,0
긔여미나로,UNKNOWN,2026-03-23 21:17:32,0
영양,UNKNOWN,2026-03-23 21:17:32,0
라이즈,UNKNOWN,2026-03-23 21:17:32,0
깜방,UNKNOWN,2026-03-23 21:17:32,0
표창느림,UNKNOWN,2026-03-23 21:17:32,0
얌둥,UNKNOWN,2026-03-23 21:17:32,0
성학,UNKNOWN,2026-03-23 21:17:32,0
낸너,UNKNOWN,2026-03-23 21:17:32,0
제로코마,UNKNOWN,2026-03-23 21:17:32,0
구선공,UNKNOWN,2026-03-23 21:17:32,0
열나,UNKNOWN,2026-03-23 21:17:32,0
근봄,UNKNOWN,2026-03-23 21:17:32,0
앵그리,UNKNOWN,2026-03-23 21:17:32,0
민속인,UNKNOWN,2026-03-23 21:17:32,0
상철,UNKNOWN,2026-03-23 21:17:32,0
불맛,UNKNOWN,2026-03-23 21:17:32,0
유딩련,UNKNOWN,2026-03-23 21:17:32,0
누경,UNKNOWN,2026-03-23 21:17:32,0
곽고은,UNKNOWN,2026-03-23 21:17:32,0
잘뜸,UNKNOWN,2026-03-23 21:17:32,0
심수콩,UNKNOWN,2026-03-23 21:17:32,0
닉밴,UNKNOWN,2026-03-23 21:17:32,0
구구,UNKNOWN,2026-03-23 21:17:32,0
노퍼,UNKNOWN,2026-03-23 21:17:32,0
백상어냥,UNKNOWN,2026-03-23 21:17:32,0
탠도지,UNKNOWN,2026-03-23 21:17:32,0
건방,UNKNOWN,2026-03-23 21:17:32,0
초프라,UNKNOWN,2026-03-23 21:17:32,0
커디,UNKNOWN,2026-03-23 21:17:32,0
잉몽,UNKNOWN,2026-03-23 21:17:32,0
푸누푸푸,UNKNOWN,2026-03-23 21:17:32,0
프라,UNKNOWN,2026-03-23 21:17:32,0
배진솔,UNKNOWN,2026-03-23 21:17:32,0
유녀막,UNKNOWN,2026-03-23 21:17:32,0
한영,UNKNOWN,2026-03-23 21:17:32,0
허엥,UNKNOWN,2026-03-23 21:17:32,0
누군,UNKNOWN,2026-03-23 21:17:32,0
후루걸,UNKNOWN,2026-03-23 21:17:32,0
난동2,UNKNOWN,2026-03-23 21:17:32,0
무쌉,UNKNOWN,2026-03-23 21:17:32,0
징징이협회,UNKNOWN,2026-03-23 21:17:32,0
백지,UNKNOWN,2026-03-23 21:17:32,0
율무보리차차,UNKNOWN,2026-03-23 21:17:32,0
연상,UNKNOWN,2026-03-23 21:17:33,0
재헝,UNKNOWN,2026-03-23 21:17:33,0
앙리,UNKNOWN,2026-03-23 21:17:33,0
말자하,UNKNOWN,2026-03-23 21:17:33,0
푸오,UNKNOWN,2026-03-23 21:17:33,0
그녕쨩,UNKNOWN,2026-03-23 21:17:33,0
막토지원블래,UNKNOWN,2026-03-23 21:17:33,0
링곰,UNKNOWN,2026-03-23 21:17:33,0
Actoala,UNKNOWN,2026-03-23 21:17:33,0
엔레,UNKNOWN,2026-03-23 21:17:33,0
무례,UNKNOWN,2026-03-23 21:17:33,0
배윤환,UNKNOWN,2026-03-23 21:17:33,0
야리엘,UNKNOWN,2026-03-23 21:17:33,0
시작의주인,UNKNOWN,2026-03-23 21:17:33,0
레인져,UNKNOWN,2026-03-23 21:17:33,0
원배나,UNKNOWN,2026-03-23 21:17:33,0
창형,UNKNOWN,2026-03-23 21:17:33,0
새틀라이트,UNKNOWN,2026-03-23 21:17:33,0
펌덩,UNKNOWN,2026-03-23 21:17:33,0
추가,UNKNOWN,2026-03-23 21:17:33,0
zl존x체인s,UNKNOWN,2026-03-23 21:17:33,0
김홍문,UNKNOWN,2026-03-23 21:17:33,0
쥬끼,UNKNOWN,2026-03-23 21:17:33,0
피테,UNKNOWN,2026-03-23 21:17:33,0
핫타임,UNKNOWN,2026-03-23 21:17:33,0
큰송이풀,UNKNOWN,2026-03-23 21:17:33,0
라벤더머핀,UNKNOWN,2026-03-23 21:17:33,0
고바,UNKNOWN,2026-03-23 21:17:33,0
혁오,UNKNOWN,2026-03-23 21:17:33,0
카이저환생함,UNKNOWN,2026-03-23 21:17:33,0
델드로이드,UNKNOWN,2026-03-23 21:17:33,0
모린설,UNKNOWN,2026-03-23 21:17:33,0
SCSI,UNKNOWN,2026-03-23 21:17:33,0
웬리,UNKNOWN,2026-03-23 21:17:33,0
위밋,UNKNOWN,2026-03-23 21:17:33,0
카구,UNKNOWN,2026-03-23 21:17:33,0
도적,UNKNOWN,2026-03-23 21:17:33,0
에프,UNKNOWN,2026-03-23 21:17:33,0
썬콜뇹,UNKNOWN,2026-03-23 21:17:33,0
드좌,UNKNOWN,2026-03-23 21:17:33,0
IRA333,UNKNOWN,2026-03-23 21:17:33,0
증기,UNKNOWN,2026-03-23 21:17:33,0
람지,UNKNOWN,2026-03-23 21:17:33,0
검감,UNKNOWN,2026-03-23 21:17:33,0
추도사,UNKNOWN,2026-03-23 21:17:33,0
유영준,UNKNOWN,2026-03-23 21:17:33,0
은기,UNKNOWN,2026-03-23 21:17:33,0
허니츤,UNKNOWN,2026-03-23 21:17:33,0
데스뮤,UNKNOWN,2026-03-23 21:17:33,0
최강영준,UNKNOWN,2026-03-23 21:17:33,0
시급,UNKNOWN,2026-03-23 21:17:33,0
처단,UNKNOWN,2026-03-23 21:17:33,0
효도,UNKNOWN,2026-03-23 21:17:33,0
오빠혀좀넣지,UNKNOWN,2026-03-23 21:17:33,0
센본,UNKNOWN,2026-03-23 21:17:33,0
종찌님,UNKNOWN,2026-03-23 21:17:33,0
오동하,UNKNOWN,2026-03-23 21:17:33,0
출석,UNKNOWN,2026-03-23 21:17:33,0
검객학살,UNKNOWN,2026-03-23 21:17:33,0
cafe오월,UNKNOWN,2026-03-23 21:17:33,0
네토게임즈,UNKNOWN,2026-03-23 21:17:33,0
동그롸미,UNKNOWN,2026-03-23 21:17:33,0
업후,UNKNOWN,2026-03-23 21:17:33,0
일위,UNKNOWN,2026-03-23 21:17:33,0
토고,UNKNOWN,2026-03-23 21:17:33,0
쯔각,UNKNOWN,2026-03-23 21:17:33,0
댐작,UNKNOWN,2026-03-23 21:17:33,0
엘삼,UNKNOWN,2026-03-23 21:17:34,0
하이신슈,UNKNOWN,2026-03-23 21:17:34,0
청궁,UNKNOWN,2026-03-23 21:17:34,0
재야,UNKNOWN,2026-03-23 21:17:34,0
11만숍,UNKNOWN,2026-03-23 21:17:34,0
해테,UNKNOWN,2026-03-23 21:17:34,0
소용돌이,UNKNOWN,2026-03-23 21:17:34,0
코코넛,UNKNOWN,2026-03-23 21:17:34,0
안냥,UNKNOWN,2026-03-23 21:17:34,0
기소,UNKNOWN,2026-03-23 21:17:34,0
오리숍,UNKNOWN,2026-03-23 21:17:34,0
Ensillia,UNKNOWN,2026-03-23 21:17:34,0
허구르트,UNKNOWN,2026-03-23 21:17:34,0
쏘마호마,UNKNOWN,2026-03-23 21:17:34,0
스태틱,UNKNOWN,2026-03-23 21:17:34,0
제천시,UNKNOWN,2026-03-23 21:17:34,0
난매,UNKNOWN,2026-03-23 21:17:34,0
단역죄논,UNKNOWN,2026-03-23 21:17:34,0
우수,UNKNOWN,2026-03-23 21:17:34,0
이듀,UNKNOWN,2026-03-23 21:17:34,0
해운,UNKNOWN,2026-03-23 21:17:34,0
힐고수,UNKNOWN,2026-03-23 21:17:34,0
유뇬이속10,UNKNOWN,2026-03-23 21:17:34,0
차수공,UNKNOWN,2026-03-23 21:17:34,0
설하,UNKNOWN,2026-03-23 21:17:34,0
염좌,UNKNOWN,2026-03-23 21:17:34,0
재용,UNKNOWN,2026-03-23 21:17:34,0
Deep,UNKNOWN,2026-03-23 21:17:34,0
택로나,UNKNOWN,2026-03-23 21:17:34,0
똥맛,UNKNOWN,2026-03-23 21:17:34,0
악주매,UNKNOWN,2026-03-23 21:17:34,0
DieArea,UNKNOWN,2026-03-23 21:17:34,0
큰섬,UNKNOWN,2026-03-23 21:17:34,0
땍땍,UNKNOWN,2026-03-23 21:17:34,0
여빗,UNKNOWN,2026-03-23 21:17:34,0
서사보,UNKNOWN,2026-03-23 21:17:34,0
바컸,UNKNOWN,2026-03-23 21:17:34,0
밥탱,UNKNOWN,2026-03-23 21:17:34,0
레니몰,UNKNOWN,2026-03-23 21:17:34,0
갓헌,UNKNOWN,2026-03-23 21:17:34,0
움푹,UNKNOWN,2026-03-23 21:17:34,0
해바,UNKNOWN,2026-03-23 21:17:34,0
갱생13,UNKNOWN,2026-03-23 21:17:34,0
미헨,UNKNOWN,2026-03-23 21:17:34,0
장춘덕씨,UNKNOWN,2026-03-23 21:17:34,0
반경,UNKNOWN,2026-03-23 21:17:34,0
수누룩,UNKNOWN,2026-03-23 21:17:34,0
퐁단,UNKNOWN,2026-03-23 21:17:34,0
돌격기,UNKNOWN,2026-03-23 21:17:34,0
릴보이,UNKNOWN,2026-03-23 21:17:34,0
심술,UNKNOWN,2026-03-23 21:17:34,0
빈펀지,UNKNOWN,2026-03-23 21:17:34,0
선선,UNKNOWN,2026-03-23 21:17:34,0
혜지개미,UNKNOWN,2026-03-23 21:17:34,0
르미엘,UNKNOWN,2026-03-23 21:17:34,0
듄쇼,UNKNOWN,2026-03-23 21:17:34,0
과별,UNKNOWN,2026-03-23 21:17:34,0
Mushroom,UNKNOWN,2026-03-23 21:17:34,0
듀대,UNKNOWN,2026-03-23 21:17:34,0
밤귀,UNKNOWN,2026-03-23 21:17:35,0
전섭졸귀,UNKNOWN,2026-03-23 21:17:35,0
SumireUesaka,UNKNOWN,2026-03-23 21:17:35,0
개강,UNKNOWN,2026-03-23 21:17:35,0
zldsiddl,UNKNOWN,2026-03-23 21:17:35,0
Asshe,UNKNOWN,2026-03-23 21:17:35,0
버정,UNKNOWN,2026-03-23 21:17:35,0
화평,UNKNOWN,2026-03-23 21:17:35,0
케혼,UNKNOWN,2026-03-23 21:17:35,0
저격자,UNKNOWN,2026-03-23 21:17:35,0
동맹,UNKNOWN,2026-03-23 21:17:35,0
덕배쨩,UNKNOWN,2026-03-23 21:17:35,0
쫑뀨,UNKNOWN,2026-03-23 21:17:35,0
적노,UNKNOWN,2026-03-23 21:17:35,0
슈탱,UNKNOWN,2026-03-23 21:17:35,0
멀미,UNKNOWN,2026-03-23 21:17:35,0
청운적운,UNKNOWN,2026-03-23 21:17:35,0
아니샤야,UNKNOWN,2026-03-23 21:17:35,0
코즈,UNKNOWN,2026-03-23 21:17:35,0
학교생활관,UNKNOWN,2026-03-23 21:17:35,0
활무,UNKNOWN,2026-03-23 21:17:35,0
하트빠방아크,UNKNOWN,2026-03-23 21:17:35,0
복귀3분차,UNKNOWN,2026-03-23 21:17:35,0
켠왕,UNKNOWN,2026-03-23 21:17:35,0
Velldra,UNKNOWN,2026-03-23 21:17:35,0
예성,UNKNOWN,2026-03-23 21:17:35,0
사슬낫의제니,UNKNOWN,2026-03-23 21:17:35,0
네코,UNKNOWN,2026-03-23 21:17:35,0
Rs리프,UNKNOWN,2026-03-23 21:17:35,0
팬더,UNKNOWN,2026-03-23 21:17:35,0
쫑쫑종옹,UNKNOWN,2026-03-23 21:17:35,0
권밍규,UNKNOWN,2026-03-23 21:17:35,0
햐당,UNKNOWN,2026-03-23 21:17:35,0
초불,UNKNOWN,2026-03-23 21:17:35,0
수상,UNKNOWN,2026-03-23 21:17:35,0
Joly,UNKNOWN,2026-03-23 21:17:35,0
쌍화,UNKNOWN,2026-03-23 21:17:35,0
신야,UNKNOWN,2026-03-23 21:17:35,0
십년컷,UNKNOWN,2026-03-23 21:17:35,0
으지니,UNKNOWN,2026-03-23 21:17:35,0
뱅글,UNKNOWN,2026-03-23 21:17:35,0
구와즈,UNKNOWN,2026-03-23 21:17:35,0
pizza,UNKNOWN,2026-03-23 21:17:35,0
Winter,UNKNOWN,2026-03-23 21:17:35,0
계핑,UNKNOWN,2026-03-23 21:17:35,0
단잠이,UNKNOWN,2026-03-23 21:17:35,0
차렷,UNKNOWN,2026-03-23 21:17:35,0
서건쟝,UNKNOWN,2026-03-23 21:17:35,0
여움,UNKNOWN,2026-03-23 21:17:35,0
열변,UNKNOWN,2026-03-23 21:17:35,0
Mage,UNKNOWN,2026-03-23 21:17:35,0
호준,UNKNOWN,2026-03-23 21:17:35,0
똑단,UNKNOWN,2026-03-23 21:17:35,0
에츠셔터,UNKNOWN,2026-03-23 21:17:35,0
루파,UNKNOWN,2026-03-23 21:17:35,0
키꼬임,UNKNOWN,2026-03-23 21:17:35,0
존재의슥싹,UNKNOWN,2026-03-23 21:17:35,0
나도벙33,UNKNOWN,2026-03-23 21:17:35,0
덱사닉,UNKNOWN,2026-03-23 21:17:35,0
댄닥,UNKNOWN,2026-03-23 21:17:35,0
뽀올,UNKNOWN,2026-03-23 21:17:35,0
호메떼,UNKNOWN,2026-03-23 21:17:35,0
블링샤넬,UNKNOWN,2026-03-23 21:17:35,0
명자,UNKNOWN,2026-03-23 21:17:35,0
짠내,UNKNOWN,2026-03-23 21:17:35,0
팬시,UNKNOWN,2026-03-23 21:17:35,0
한결,UNKNOWN,2026-03-23 21:17:35,0
1촌T,UNKNOWN,2026-03-23 21:17:35,0
탱이갓제논,UNKNOWN,2026-03-23 21:17:36,0
Trifled,UNKNOWN,2026-03-23 21:17:36,0
혈성,UNKNOWN,2026-03-23 21:17:36,0
후이복,UNKNOWN,2026-03-23 21:17:36,0
달빛속의세상,UNKNOWN,2026-03-23 21:17:36,0
꾸1까,UNKNOWN,2026-03-23 21:17:36,0
플표,UNKNOWN,2026-03-23 21:17:36,0
쫑단,UNKNOWN,2026-03-23 21:17:36,0
까망,UNKNOWN,2026-03-23 21:17:36,0
귀호,UNKNOWN,2026-03-23 21:17:36,0
머리쾅,UNKNOWN,2026-03-23 21:17:36,0
행묘,UNKNOWN,2026-03-23 21:17:36,0
브로,UNKNOWN,2026-03-23 21:17:36,0
블스개사기,UNKNOWN,2026-03-23 21:17:36,0
쭈링,UNKNOWN,2026-03-23 21:17:36,0
호엥,UNKNOWN,2026-03-23 21:17:36,0
찐렬이,UNKNOWN,2026-03-23 21:17:36,0
꿈가놈,UNKNOWN,2026-03-23 21:17:36,0
근거,UNKNOWN,2026-03-23 21:17:36,0
알렉산더,UNKNOWN,2026-03-23 21:17:36,0
고래연못,UNKNOWN,2026-03-23 21:17:36,0
처벌이,UNKNOWN,2026-03-23 21:17:36,0
쌍중,UNKNOWN,2026-03-23 21:17:36,0
루미인디,UNKNOWN,2026-03-23 21:17:36,0
쇼오스,UNKNOWN,2026-03-23 21:17:36,0
천섬,UNKNOWN,2026-03-23 21:17:36,0
거젠,UNKNOWN,2026-03-23 21:17:36,0
도롸곤,UNKNOWN,2026-03-23 21:17:36,0
미른,UNKNOWN,2026-03-23 21:17:36,0
사주,UNKNOWN,2026-03-23 21:17:36,0
페냐,UNKNOWN,2026-03-23 21:17:36,0
흑련잉,UNKNOWN,2026-03-23 21:17:36,0
대환장,UNKNOWN,2026-03-23 21:17:36,0
S급아이디,UNKNOWN,2026-03-23 21:17:36,0
불타는콩나물,UNKNOWN,2026-03-23 21:17:36,0
캄캄,UNKNOWN,2026-03-23 21:17:36,0
하차,UNKNOWN,2026-03-23 21:17:36,0
취성이,UNKNOWN,2026-03-23 21:17:36,0
명종,UNKNOWN,2026-03-23 21:17:36,0
방성,UNKNOWN,2026-03-23 21:17:36,0
이부,UNKNOWN,2026-03-23 21:17:36,0
실력,UNKNOWN,2026-03-23 21:17:36,0
쑈다,UNKNOWN,2026-03-23 21:17:36,0
끄떡,UNKNOWN,2026-03-23 21:17:36,0
애긔,UNKNOWN,2026-03-23 21:17:36,0
주멍,UNKNOWN,2026-03-23 21:17:36,0
궁루,UNKNOWN,2026-03-23 21:17:36,0
론데,UNKNOWN,2026-03-23 21:17:36,0
도링,UNKNOWN,2026-03-23 21:17:36,0
화나,UNKNOWN,2026-03-23 21:17:36,0
여뭄,UNKNOWN,2026-03-23 21:17:36,0
헬둘깅,UNKNOWN,2026-03-23 21:17:36,0
Record,UNKNOWN,2026-03-23 21:17:36,0
구성학,UNKNOWN,2026-03-23 21:17:36,0
참치졸귀,UNKNOWN,2026-03-23 21:17:36,0
유민르,UNKNOWN,2026-03-23 21:17:36,0
김유정,UNKNOWN,2026-03-23 21:17:36,0
재로,UNKNOWN,2026-03-23 21:17:36,0
모듈,UNKNOWN,2026-03-23 21:17:36,0
건쿵,UNKNOWN,2026-03-23 21:17:36,0
곰돌이,UNKNOWN,2026-03-23 21:17:36,0
바르샤,UNKNOWN,2026-03-23 21:17:36,0
그델,UNKNOWN,2026-03-23 21:17:36,0
와일드킹,UNKNOWN,2026-03-23 21:17:36,0
큐보밍,UNKNOWN,2026-03-23 21:17:36,0
윤최,UNKNOWN,2026-03-23 21:17:36,0
사륜안,UNKNOWN,2026-03-23 21:17:36,0
구명교,UNKNOWN,2026-03-23 21:17:37,0
폐광,UNKNOWN,2026-03-23 21:17:37,0
라사,UNKNOWN,2026-03-23 21:17:37,0
오티피,UNKNOWN,2026-03-23 21:17:37,0
서브,UNKNOWN,2026-03-23 21:17:37,0
광부24,UNKNOWN,2026-03-23 21:17:37,0
이꿀망,UNKNOWN,2026-03-23 21:17:37,0
버거감자,UNKNOWN,2026-03-23 21:17:37,0
당미꼬,UNKNOWN,2026-03-23 21:17:37,0
미피,UNKNOWN,2026-03-23 21:17:37,0
니똘,UNKNOWN,2026-03-23 21:17:37,0
준펑이,UNKNOWN,2026-03-23 21:17:37,0
아니요옵,UNKNOWN,2026-03-23 21:17:37,0
유죄,UNKNOWN,2026-03-23 21:17:37,0
마북,UNKNOWN,2026-03-23 21:17:37,0
페이몬,UNKNOWN,2026-03-23 21:17:37,0
창잎,UNKNOWN,2026-03-23 21:17:37,0
사설,UNKNOWN,2026-03-23 21:17:37,0
카누,UNKNOWN,2026-03-23 21:17:37,0
자멍임,UNKNOWN,2026-03-23 21:17:37,0
댄댄,UNKNOWN,2026-03-23 21:17:37,0
연두0419,UNKNOWN,2026-03-23 21:17:37,0
체키벨,UNKNOWN,2026-03-23 21:17:37,0
데메토스님,UNKNOWN,2026-03-23 21:17:37,0
링냥,UNKNOWN,2026-03-23 21:17:37,0
잘쐈어염,UNKNOWN,2026-03-23 21:17:37,0
아윤,UNKNOWN,2026-03-23 21:17:37,0
박근혜,UNKNOWN,2026-03-23 21:17:37,0
바오th,UNKNOWN,2026-03-23 21:17:37,0
비너,UNKNOWN,2026-03-23 21:17:37,0
이재원,UNKNOWN,2026-03-23 21:17:37,0
살듯,UNKNOWN,2026-03-23 21:17:37,0
스바,UNKNOWN,2026-03-23 21:17:37,0
모도,UNKNOWN,2026-03-23 21:17:37,0
쳐찢,UNKNOWN,2026-03-23 21:17:37,0
에잇3,UNKNOWN,2026-03-23 21:17:37,0
조용우,UNKNOWN,2026-03-23 21:17:37,0
사러,UNKNOWN,2026-03-23 21:17:37,0
뱃찌,UNKNOWN,2026-03-23 21:17:37,0
리뉴,UNKNOWN,2026-03-23 21:17:37,0
뿌뿌꾸에엑,UNKNOWN,2026-03-23 21:17:37,0
히꾸,UNKNOWN,2026-03-23 21:17:37,0
삼뭘,UNKNOWN,2026-03-23 21:17:37,0
탕후루,UNKNOWN,2026-03-23 21:17:37,0
보름,UNKNOWN,2026-03-23 21:17:37,0
전테리,UNKNOWN,2026-03-23 21:17:37,0
영애,UNKNOWN,2026-03-23 21:17:37,0
얄이,UNKNOWN,2026-03-23 21:17:37,0
도혀늬,UNKNOWN,2026-03-23 21:17:37,0
사라다,UNKNOWN,2026-03-23 21:17:37,0
깨비신궁,UNKNOWN,2026-03-23 21:17:37,0
이퀄,UNKNOWN,2026-03-23 21:17:37,0
네케,UNKNOWN,2026-03-23 21:17:37,0
보마본투비,UNKNOWN,2026-03-23 21:17:37,0
드랭,UNKNOWN,2026-03-23 21:17:37,0
감자,UNKNOWN,2026-03-23 21:17:37,0
이낑,UNKNOWN,2026-03-23 21:17:37,0
재쳐,UNKNOWN,2026-03-23 21:17:37,0
이념,UNKNOWN,2026-03-23 21:17:37,0
신복관,UNKNOWN,2026-03-23 21:17:37,0
프바,UNKNOWN,2026-03-23 21:17:37,0
관성,UNKNOWN,2026-03-23 21:17:37,0
페에멜라,UNKNOWN,2026-03-23 21:17:37,0
장제스,UNKNOWN,2026-03-23 21:17:37,0
알구나,UNKNOWN,2026-03-23 21:17:37,0
파이어,UNKNOWN,2026-03-23 21:17:37,0
인형이걷는다,UNKNOWN,2026-03-23 21:17:37,0
첼스,UNKNOWN,2026-03-23 21:17:38,0
이름그냥짓자,UNKNOWN,2026-03-23 21:17:38,0
쓰자,UNKNOWN,2026-03-23 21:17:38,0
미뉴,UNKNOWN,2026-03-23 21:17:38,0
호랑이만난렌,UNKNOWN,2026-03-23 21:17:38,0
도개걸윷,UNKNOWN,2026-03-23 21:17:38,0
박이정,UNKNOWN,2026-03-23 21:17:38,0
두근두근,UNKNOWN,2026-03-23 21:17:38,0
도전자,UNKNOWN,2026-03-23 21:17:38,0
병찬,UNKNOWN,2026-03-23 21:17:38,0
비보,UNKNOWN,2026-03-23 21:17:38,0
정성,UNKNOWN,2026-03-23 21:17:38,0
내양,UNKNOWN,2026-03-23 21:17:38,0
뭐함,UNKNOWN,2026-03-23 21:17:38,0
모모난,UNKNOWN,2026-03-23 21:17:38,0
기관단총,UNKNOWN,2026-03-23 21:17:38,0
댜냐한,UNKNOWN,2026-03-23 21:17:38,0
희코,UNKNOWN,2026-03-23 21:17:38,0
섈업,UNKNOWN,2026-03-23 21:17:38,0
루찌,UNKNOWN,2026-03-23 21:17:38,0
시프모코,UNKNOWN,2026-03-23 21:17:38,0
SunB,UNKNOWN,2026-03-23 21:17:38,0
피제,UNKNOWN,2026-03-23 21:17:38,0
초빨,UNKNOWN,2026-03-23 21:17:38,0
가주,UNKNOWN,2026-03-23 21:17:38,0
의기,UNKNOWN,2026-03-23 21:17:38,0
장벌,UNKNOWN,2026-03-23 21:17:38,0
홍승표,UNKNOWN,2026-03-23 21:17:38,0
여너,UNKNOWN,2026-03-23 21:17:38,0
타요,UNKNOWN,2026-03-23 21:17:38,0
쥐레미,UNKNOWN,2026-03-23 21:17:38,0
고려대병원,UNKNOWN,2026-03-23 21:17:38,0
장석준,UNKNOWN,2026-03-23 21:17:38,0
챠푸,UNKNOWN,2026-03-23 21:17:38,0
올인원비숍,UNKNOWN,2026-03-23 21:17:38,0
립새,UNKNOWN,2026-03-23 21:17:38,0
아니아란제발,UNKNOWN,2026-03-23 21:17:38,0
바인드학과,UNKNOWN,2026-03-23 21:17:38,0
잉뭐,UNKNOWN,2026-03-23 21:17:38,0
이렐은어렵다,UNKNOWN,2026-03-23 21:17:38,0
IQr델I,UNKNOWN,2026-03-23 21:17:38,0
김형선,UNKNOWN,2026-03-23 21:17:38,0
상현,UNKNOWN,2026-03-23 21:17:38,0
김문민,UNKNOWN,2026-03-23 21:17:38,0
MagicWings,UNKNOWN,2026-03-23 21:17:38,0
건들면클나용,UNKNOWN,2026-03-23 21:17:38,0
적녹,UNKNOWN,2026-03-23 21:17:38,0
조교,UNKNOWN,2026-03-23 21:17:38,0
팔라,UNKNOWN,2026-03-23 21:17:38,0
라임,UNKNOWN,2026-03-23 21:17:38,0
가허,UNKNOWN,2026-03-23 21:17:38,0
단지리,UNKNOWN,2026-03-23 21:17:38,0
풍천,UNKNOWN,2026-03-23 21:17:38,0
쏘쏘,UNKNOWN,2026-03-23 21:17:38,0
산개,UNKNOWN,2026-03-23 21:17:38,0
핸콕,UNKNOWN,2026-03-23 21:17:38,0
가득,UNKNOWN,2026-03-23 21:17:38,0
IDen,UNKNOWN,2026-03-23 21:17:38,0
메피이토,UNKNOWN,2026-03-23 21:17:39,0
손승호,UNKNOWN,2026-03-23 21:17:39,0
셰비츠,UNKNOWN,2026-03-23 21:17:39,0
세야숍,UNKNOWN,2026-03-23 21:17:39,0
Drive,UNKNOWN,2026-03-23 21:17:39,0
흔영,UNKNOWN,2026-03-23 21:17:39,0
켐페,UNKNOWN,2026-03-23 21:17:39,0
사춘기,UNKNOWN,2026-03-23 21:17:39,0
광선,UNKNOWN,2026-03-23 21:17:39,0
솔냥,UNKNOWN,2026-03-23 21:17:39,0
잇호땅,UNKNOWN,2026-03-23 21:17:39,0
머시따,UNKNOWN,2026-03-23 21:17:39,0
금권,UNKNOWN,2026-03-23 21:17:39,0
어둠,UNKNOWN,2026-03-23 21:17:39,0
뿌름,UNKNOWN,2026-03-23 21:17:39,0
방지게,UNKNOWN,2026-03-23 21:17:39,0
뉴욕제츠피자,UNKNOWN,2026-03-23 21:17:39,0
기행,UNKNOWN,2026-03-23 21:17:39,0
불괴독,UNKNOWN,2026-03-23 21:17:39,0
성치,UNKNOWN,2026-03-23 21:17:39,0
번트,UNKNOWN,2026-03-23 21:17:39,0
마위,UNKNOWN,2026-03-23 21:17:39,0
벨치스,UNKNOWN,2026-03-23 21:17:39,0
쿵찌리,UNKNOWN,2026-03-23 21:17:39,0
프레온가스,UNKNOWN,2026-03-23 21:17:39,0
에빈,UNKNOWN,2026-03-23 21:17:39,0
바다려언,UNKNOWN,2026-03-23 21:17:39,0
한약,UNKNOWN,2026-03-23 21:17:39,0
딜두,UNKNOWN,2026-03-23 21:17:39,0
수교,UNKNOWN,2026-03-23 21:17:39,0
에라화,UNKNOWN,2026-03-23 21:17:39,0
아크러아,UNKNOWN,2026-03-23 21:17:39,0
공포,UNKNOWN,2026-03-23 21:17:39,0
논이,UNKNOWN,2026-03-23 21:17:39,0
덩치큰사내,UNKNOWN,2026-03-23 21:17:39,0
위지경덕,UNKNOWN,2026-03-23 21:17:39,0
남녀쌍생아,UNKNOWN,2026-03-23 21:17:39,0
곰찬,UNKNOWN,2026-03-23 21:17:39,0
반주,UNKNOWN,2026-03-23 21:17:39,0
곶콜,UNKNOWN,2026-03-23 21:17:39,0
어협,UNKNOWN,2026-03-23 21:17:39,0
대쪼,UNKNOWN,2026-03-23 21:17:39,0
그어,UNKNOWN,2026-03-23 21:17:39,0
머팝,UNKNOWN,2026-03-23 21:17:39,0
계콩,UNKNOWN,2026-03-23 21:17:39,0
냐거,UNKNOWN,2026-03-23 21:17:39,0
시프,UNKNOWN,2026-03-23 21:17:39,0
홍다,UNKNOWN,2026-03-23 21:17:39,0
김득팔,UNKNOWN,2026-03-23 21:17:39,0
곤식,UNKNOWN,2026-03-23 21:17:39,0
라바케인,UNKNOWN,2026-03-23 21:17:39,0
풍무고불빠따,UNKNOWN,2026-03-23 21:17:39,0
지중,UNKNOWN,2026-03-23 21:17:39,0
대벤,UNKNOWN,2026-03-23 21:17:39,0
장지동개구리,UNKNOWN,2026-03-23 21:17:39,0
adel,UNKNOWN,2026-03-23 21:17:39,0
전체채팅,UNKNOWN,2026-03-23 21:17:39,0
난치,UNKNOWN,2026-03-23 21:17:39,0
님은,UNKNOWN,2026-03-23 21:17:39,0
드르,UNKNOWN,2026-03-23 21:17:39,0
뭐쫑,UNKNOWN,2026-03-23 21:17:39,0
수당,UNKNOWN,2026-03-23 21:17:39,0
길어,UNKNOWN,2026-03-23 21:17:39,0
맨두,UNKNOWN,2026-03-23 21:17:39,0
르키,UNKNOWN,2026-03-23 21:17:39,0
엔버킴쿤,UNKNOWN,2026-03-23 21:17:39,0
취사,UNKNOWN,2026-03-23 21:17:40,0
띠젠,UNKNOWN,2026-03-23 21:17:40,0
그란디아,UNKNOWN,2026-03-23 21:17:40,0
네오의박쥐,UNKNOWN,2026-03-23 21:17:40,0
명장포마,UNKNOWN,2026-03-23 21:17:40,0
카토얌,UNKNOWN,2026-03-23 21:17:40,0
조승,UNKNOWN,2026-03-23 21:17:40,0
강핸욱,UNKNOWN,2026-03-23 21:17:40,0
착지점,UNKNOWN,2026-03-23 21:17:40,0
카잠,UNKNOWN,2026-03-23 21:17:40,0
갓혁,UNKNOWN,2026-03-23 21:17:40,0
맞냐,UNKNOWN,2026-03-23 21:17:40,0
칼리스타,UNKNOWN,2026-03-23 21:17:40,0
꾸삐,UNKNOWN,2026-03-23 21:17:40,0
솔여,UNKNOWN,2026-03-23 21:17:40,0
스톤쮸,UNKNOWN,2026-03-23 21:17:40,0
헤멜멜,UNKNOWN,2026-03-23 21:17:40,0
카이져,UNKNOWN,2026-03-23 21:17:40,0
윤섯스,UNKNOWN,2026-03-23 21:17:40,0
임꼬요,UNKNOWN,2026-03-23 21:17:40,0
제갈99,UNKNOWN,2026-03-23 21:17:40,0
롬롬,UNKNOWN,2026-03-23 21:17:40,0
과한,UNKNOWN,2026-03-23 21:17:40,0
샤댕,UNKNOWN,2026-03-23 21:17:40,0
민슥,UNKNOWN,2026-03-23 21:17:40,0
냐또,UNKNOWN,2026-03-23 21:17:40,0
파랑,UNKNOWN,2026-03-23 21:17:40,0
큐티깜찍오힌,UNKNOWN,2026-03-23 21:17:40,0
지저스김,UNKNOWN,2026-03-23 21:17:40,0
곽님,UNKNOWN,2026-03-23 21:17:40,0
본투비렌,UNKNOWN,2026-03-23 21:17:40,0
과인,UNKNOWN,2026-03-23 21:17:40,0
백층,UNKNOWN,2026-03-23 21:17:40,0
화퓨,UNKNOWN,2026-03-23 21:17:40,0
애고웨폰,UNKNOWN,2026-03-23 21:17:40,0
데밴져,UNKNOWN,2026-03-23 21:17:40,0
성모,UNKNOWN,2026-03-23 21:17:40,0
패스트푸드,UNKNOWN,2026-03-23 21:17:40,0
향초,UNKNOWN,2026-03-23 21:17:40,0
플래,UNKNOWN,2026-03-23 21:17:40,0
봄묘,UNKNOWN,2026-03-23 21:17:40,0
서해결,UNKNOWN,2026-03-23 21:17:40,0
김대호,UNKNOWN,2026-03-23 21:17:40,0
안사,UNKNOWN,2026-03-23 21:17:40,0
뛰는판다,UNKNOWN,2026-03-23 21:17:40,0
설아넬,UNKNOWN,2026-03-23 21:17:40,0
장문,UNKNOWN,2026-03-23 21:17:40,0
태윤,UNKNOWN,2026-03-23 21:17:40,0
상두,UNKNOWN,2026-03-23 21:17:40,0
사카즈키,UNKNOWN,2026-03-23 21:17:40,0
척수분해,UNKNOWN,2026-03-23 21:17:40,0
빠쓩,UNKNOWN,2026-03-23 21:17:40,0
파장,UNKNOWN,2026-03-23 21:17:40,0
쾅이,UNKNOWN,2026-03-23 21:17:40,0
빛거,UNKNOWN,2026-03-23 21:17:40,0
신년,UNKNOWN,2026-03-23 21:17:40,0
지워나,UNKNOWN,2026-03-23 21:17:40,0
포무웅,UNKNOWN,2026-03-23 21:17:41,0
메르Arc,UNKNOWN,2026-03-23 21:17:41,0
시휘다,UNKNOWN,2026-03-23 21:17:41,0
차령,UNKNOWN,2026-03-23 21:17:41,0
루전씨,UNKNOWN,2026-03-23 21:17:41,0
체뜨,UNKNOWN,2026-03-23 21:17:41,0
듀얼보우건,UNKNOWN,2026-03-23 21:17:41,0
폄룡,UNKNOWN,2026-03-23 21:17:41,0
LUDA,UNKNOWN,2026-03-23 21:17:41,0
쇄큐,UNKNOWN,2026-03-23 21:17:41,0
뻑꾹이야,UNKNOWN,2026-03-23 21:17:41,0
호마,UNKNOWN,2026-03-23 21:17:41,0
맹한자,UNKNOWN,2026-03-23 21:17:41,0
코노r,UNKNOWN,2026-03-23 21:17:41,0
탕빠,UNKNOWN,2026-03-23 21:17:41,0
치킨두세트,UNKNOWN,2026-03-23 21:17:41,0
맏형,UNKNOWN,2026-03-23 21:17:41,0
코믹,UNKNOWN,2026-03-23 21:17:41,0
지독한손키,UNKNOWN,2026-03-23 21:17:41,0
질풍속공,UNKNOWN,2026-03-23 21:17:41,0
숩히,UNKNOWN,2026-03-23 21:17:41,0
건승,UNKNOWN,2026-03-23 21:17:41,0
헛개,UNKNOWN,2026-03-23 21:17:41,0
포그로미,UNKNOWN,2026-03-23 21:17:41,0
스포츠,UNKNOWN,2026-03-23 21:17:41,0
나니,UNKNOWN,2026-03-23 21:17:41,0
지끈,UNKNOWN,2026-03-23 21:17:41,0
로캐가루,UNKNOWN,2026-03-23 21:17:41,0
궁극,UNKNOWN,2026-03-23 21:17:41,0
동전,UNKNOWN,2026-03-23 21:17:41,0
이교도,UNKNOWN,2026-03-23 21:17:41,0
피꺄,UNKNOWN,2026-03-23 21:17:41,0
슬플,UNKNOWN,2026-03-23 21:17:41,0
새치,UNKNOWN,2026-03-23 21:17:41,0
리산,UNKNOWN,2026-03-23 21:17:41,0
비홀더,UNKNOWN,2026-03-23 21:17:41,0
규돌,UNKNOWN,2026-03-23 21:17:41,0
요나기,UNKNOWN,2026-03-23 21:17:41,0
스멈,UNKNOWN,2026-03-23 21:17:41,0
연서,UNKNOWN,2026-03-23 21:17:41,0
시드포인트,UNKNOWN,2026-03-23 21:17:41,0
이요르i,UNKNOWN,2026-03-23 21:17:41,0
태평양,UNKNOWN,2026-03-23 21:17:41,0
훈근,UNKNOWN,2026-03-23 21:17:41,0
써언콜,UNKNOWN,2026-03-23 21:17:41,0
우츄,UNKNOWN,2026-03-23 21:17:41,0
Wise,UNKNOWN,2026-03-23 21:17:41,0
떵준,UNKNOWN,2026-03-23 21:17:41,0
물별,UNKNOWN,2026-03-23 21:17:41,0
상다미,UNKNOWN,2026-03-23 21:17:41,0
벼씨,UNKNOWN,2026-03-23 21:17:41,0
프뢰벨,UNKNOWN,2026-03-23 21:17:41,0
뽀히,UNKNOWN,2026-03-23 21:17:41,0
라투,UNKNOWN,2026-03-23 21:17:41,0
뽀델,UNKNOWN,2026-03-23 21:17:41,0
카와나,UNKNOWN,2026-03-23 21:17:41,0
룩팸,UNKNOWN,2026-03-23 21:17:41,0
ifthenelse,UNKNOWN,2026-03-23 21:17:41,0
죽각,UNKNOWN,2026-03-23 21:17:41,0
신수학다니자,UNKNOWN,2026-03-23 21:17:41,0
킴데폴,UNKNOWN,2026-03-23 21:17:41,0
오솔길,UNKNOWN,2026-03-23 21:17:41,0
라뽀뀨,UNKNOWN,2026-03-23 21:17:41,0
엔단,UNKNOWN,2026-03-23 21:17:41,0
멸망,UNKNOWN,2026-03-23 21:17:42,0
포독,UNKNOWN,2026-03-23 21:17:42,0
뚱할래,UNKNOWN,2026-03-23 21:17:42,0
독살,UNKNOWN,2026-03-23 21:17:42,0
자맥동,UNKNOWN,2026-03-23 21:17:42,0
희쥰,UNKNOWN,2026-03-23 21:17:42,0
입대천사,UNKNOWN,2026-03-23 21:17:42,0
밍득,UNKNOWN,2026-03-23 21:17:42,0
안내자,UNKNOWN,2026-03-23 21:17:42,0
허들,UNKNOWN,2026-03-23 21:17:42,0
트뱉,UNKNOWN,2026-03-23 21:17:42,0
이코치,UNKNOWN,2026-03-23 21:17:42,0
도여,UNKNOWN,2026-03-23 21:17:42,0
박사,UNKNOWN,2026-03-23 21:17:42,0
도맥,UNKNOWN,2026-03-23 21:17:42,0
현명한구이,UNKNOWN,2026-03-23 21:17:42,0
물빛담비,UNKNOWN,2026-03-23 21:17:42,0
연속,UNKNOWN,2026-03-23 21:17:42,0
수족,UNKNOWN,2026-03-23 21:17:42,0
캉기,UNKNOWN,2026-03-23 21:17:42,0
탄설,UNKNOWN,2026-03-23 21:17:42,0
꾸져,UNKNOWN,2026-03-23 21:17:42,0
달빛다크52,UNKNOWN,2026-03-23 21:17:42,0
계산,UNKNOWN,2026-03-23 21:17:42,0
할배수염뽑기,UNKNOWN,2026-03-23 21:17:42,0
서은상1,UNKNOWN,2026-03-23 21:17:42,0
그앙그니,UNKNOWN,2026-03-23 21:17:42,0
일매낙화,UNKNOWN,2026-03-23 21:17:42,0
츠오,UNKNOWN,2026-03-23 21:17:42,0
강군S2로이,UNKNOWN,2026-03-23 21:17:42,0
수민2,UNKNOWN,2026-03-23 21:17:42,0
낡두,UNKNOWN,2026-03-23 21:17:42,0
몽글,UNKNOWN,2026-03-23 21:17:42,0
히든,UNKNOWN,2026-03-23 21:17:42,0
핑크돼지,UNKNOWN,2026-03-23 21:17:42,0
놀장천만팔림,UNKNOWN,2026-03-23 21:17:42,0
드다,UNKNOWN,2026-03-23 21:17:42,0
촉발,UNKNOWN,2026-03-23 21:17:42,0
파블,UNKNOWN,2026-03-23 21:17:42,0
우기얌,UNKNOWN,2026-03-23 21:17:42,0
나쥐,UNKNOWN,2026-03-23 21:17:42,0
블루베리엔요,UNKNOWN,2026-03-23 21:17:42,0
멘헤라,UNKNOWN,2026-03-23 21:17:42,0
조행,UNKNOWN,2026-03-23 21:17:42,0
효리,UNKNOWN,2026-03-23 21:17:42,0
RagDoll렌,UNKNOWN,2026-03-23 21:17:42,0
꾀단,UNKNOWN,2026-03-23 21:17:42,0
금대신나타난,UNKNOWN,2026-03-23 21:17:42,0
블랑팡,UNKNOWN,2026-03-23 21:17:42,0
성견,UNKNOWN,2026-03-23 21:17:42,0
아이폰,UNKNOWN,2026-03-23 21:17:42,0
라며,UNKNOWN,2026-03-23 21:17:42,0
늘청송,UNKNOWN,2026-03-23 21:17:42,0
럽션,UNKNOWN,2026-03-23 21:17:42,0
새로움,UNKNOWN,2026-03-23 21:17:42,0
일뷔,UNKNOWN,2026-03-23 21:17:42,0
얍기,UNKNOWN,2026-03-23 21:17:42,0
키읔,UNKNOWN,2026-03-23 21:17:42,0
값도,UNKNOWN,2026-03-23 21:17:42,0
경찐,UNKNOWN,2026-03-23 21:17:42,0
진석,UNKNOWN,2026-03-23 21:17:42,0
광도도,UNKNOWN,2026-03-23 21:17:42,0
관즈,UNKNOWN,2026-03-23 21:17:42,0
금금,UNKNOWN,2026-03-23 21:17:42,0
차은우,UNKNOWN,2026-03-23 21:17:42,0
봄의아델,UNKNOWN,2026-03-23 21:17:43,0
쿤민,UNKNOWN,2026-03-23 21:17:43,0
꼽자,UNKNOWN,2026-03-23 21:17:43,0
달김,UNKNOWN,2026-03-23 21:17:43,0
사겨죠,UNKNOWN,2026-03-23 21:17:43,0
착함,UNKNOWN,2026-03-23 21:17:43,0
음난,UNKNOWN,2026-03-23 21:17:43,0
뚜카,UNKNOWN,2026-03-23 21:17:43,0
Ryeongh,UNKNOWN,2026-03-23 21:17:43,0
시스테민,UNKNOWN,2026-03-23 21:17:43,0
장착,UNKNOWN,2026-03-23 21:17:43,0
부결,UNKNOWN,2026-03-23 21:17:43,0
가챠대란,UNKNOWN,2026-03-23 21:17:43,0
법행,UNKNOWN,2026-03-23 21:17:43,0
망dnjf,UNKNOWN,2026-03-23 21:17:43,0
불떠미,UNKNOWN,2026-03-23 21:17:43,0
시핑,UNKNOWN,2026-03-23 21:17:43,0
약폴,UNKNOWN,2026-03-23 21:17:43,0
저속,UNKNOWN,2026-03-23 21:17:43,0
헤븐즈도어,UNKNOWN,2026-03-23 21:17:43,0
압도,UNKNOWN,2026-03-23 21:17:43,0
핵종례,UNKNOWN,2026-03-23 21:17:43,0
으줴,UNKNOWN,2026-03-23 21:17:43,0
윤형,UNKNOWN,2026-03-23 21:17:43,0
안도,UNKNOWN,2026-03-23 21:17:43,0
옥쟁호영,UNKNOWN,2026-03-23 21:17:43,0
숲쏙,UNKNOWN,2026-03-23 21:17:43,0
위데몬,UNKNOWN,2026-03-23 21:17:43,0
도앵,UNKNOWN,2026-03-23 21:17:43,0
샤파,UNKNOWN,2026-03-23 21:17:43,0
띠동,UNKNOWN,2026-03-23 21:17:43,0
묑국,UNKNOWN,2026-03-23 21:17:43,0
모대,UNKNOWN,2026-03-23 21:17:43,0
재꼰,UNKNOWN,2026-03-23 21:17:43,0
펀잉,UNKNOWN,2026-03-23 21:17:43,0
겨울정이,UNKNOWN,2026-03-23 21:17:43,0
고텐,UNKNOWN,2026-03-23 21:17:43,0
차돌,UNKNOWN,2026-03-23 21:17:43,0
강돌,UNKNOWN,2026-03-23 21:17:43,0
율님,UNKNOWN,2026-03-23 21:17:43,0
wizardlord,UNKNOWN,2026-03-23 21:17:43,0
아리아,UNKNOWN,2026-03-23 21:17:43,0
이긴,UNKNOWN,2026-03-23 21:17:43,0
숯꾼,UNKNOWN,2026-03-23 21:17:43,0
너굴님,UNKNOWN,2026-03-23 21:17:43,0
휴디,UNKNOWN,2026-03-23 21:17:43,0
라운레거,UNKNOWN,2026-03-23 21:17:43,0
정무도적,UNKNOWN,2026-03-23 21:17:43,0
햄짱,UNKNOWN,2026-03-23 21:17:43,0
르뉴,UNKNOWN,2026-03-23 21:17:43,0
정힛,UNKNOWN,2026-03-23 21:17:43,0
헤이저,UNKNOWN,2026-03-23 21:17:43,0
아슬잉,UNKNOWN,2026-03-23 21:17:43,0
발림,UNKNOWN,2026-03-23 21:17:43,0
고영민임13,UNKNOWN,2026-03-23 21:17:43,0
불장판,UNKNOWN,2026-03-23 21:17:43,0
누시,UNKNOWN,2026-03-23 21:17:43,0
턴스,UNKNOWN,2026-03-23 21:17:43,0
헤에,UNKNOWN,2026-03-23 21:17:43,0
라이,UNKNOWN,2026-03-23 21:17:43,0
After,UNKNOWN,2026-03-23 21:17:43,0
검뻑,UNKNOWN,2026-03-23 21:17:43,0
Rodi,UNKNOWN,2026-03-23 21:17:44,0
가족,UNKNOWN,2026-03-23 21:17:44,0
하쿠밍쿠,UNKNOWN,2026-03-23 21:17:44,0
큐티,UNKNOWN,2026-03-23 21:17:44,0
코이시o,UNKNOWN,2026-03-23 21:17:44,0
냐악,UNKNOWN,2026-03-23 21:17:44,0
황건일,UNKNOWN,2026-03-23 21:17:44,0
은긴,UNKNOWN,2026-03-23 21:17:44,0
RMcube,UNKNOWN,2026-03-23 21:17:44,0
상동듀블,UNKNOWN,2026-03-23 21:17:44,0
현마토,UNKNOWN,2026-03-23 21:17:44,0
유먀,UNKNOWN,2026-03-23 21:17:44,0
강숩,UNKNOWN,2026-03-23 21:17:44,0
쿰척쿰척소주,UNKNOWN,2026-03-23 21:17:44,0
잭슨라라,UNKNOWN,2026-03-23 21:17:44,0
본선,UNKNOWN,2026-03-23 21:17:44,0
진쎄,UNKNOWN,2026-03-23 21:17:44,0
라한리움,UNKNOWN,2026-03-23 21:17:44,0
츠또,UNKNOWN,2026-03-23 21:17:44,0
택흔,UNKNOWN,2026-03-23 21:17:44,0
고자본뉴비,UNKNOWN,2026-03-23 21:17:44,0
막타,UNKNOWN,2026-03-23 21:17:44,0
딸깍도치,UNKNOWN,2026-03-23 21:17:44,0
박정문,UNKNOWN,2026-03-23 21:17:44,0
시뤄,UNKNOWN,2026-03-23 21:17:44,0
샷별,UNKNOWN,2026-03-23 21:17:44,0
꾸렝,UNKNOWN,2026-03-23 21:17:44,0
택지,UNKNOWN,2026-03-23 21:17:44,0
레티,UNKNOWN,2026-03-23 21:17:44,0
김담우,UNKNOWN,2026-03-23 21:17:44,0
동행,UNKNOWN,2026-03-23 21:17:44,0
조셉,UNKNOWN,2026-03-23 21:17:44,0
두줄,UNKNOWN,2026-03-23 21:17:44,0
갓데,UNKNOWN,2026-03-23 21:17:44,0
천직,UNKNOWN,2026-03-23 21:17:44,0
맞앙,UNKNOWN,2026-03-23 21:17:44,0
재수탱,UNKNOWN,2026-03-23 21:17:44,0
정호준,UNKNOWN,2026-03-23 21:17:44,0
왕율,UNKNOWN,2026-03-23 21:17:44,0
아져씨,UNKNOWN,2026-03-23 21:17:44,0
촉촉델,UNKNOWN,2026-03-23 21:17:44,0
Senior,UNKNOWN,2026-03-23 21:17:44,0
뫼잘알,UNKNOWN,2026-03-23 21:17:44,0
정성원,UNKNOWN,2026-03-23 21:17:44,0
공테,UNKNOWN,2026-03-23 21:17:44,0
규율,UNKNOWN,2026-03-23 21:17:44,0
스플렌디다,UNKNOWN,2026-03-23 21:17:44,0
대선이,UNKNOWN,2026-03-23 21:17:44,0
해달강산,UNKNOWN,2026-03-23 21:17:44,0
짱몬,UNKNOWN,2026-03-23 21:17:44,0
두마리,UNKNOWN,2026-03-23 21:17:44,0
깜스,UNKNOWN,2026-03-23 21:17:44,0
마키먀,UNKNOWN,2026-03-23 21:17:44,0
Flash,UNKNOWN,2026-03-23 21:17:44,0
보마노랑이,UNKNOWN,2026-03-23 21:17:44,0
심심한영훈,UNKNOWN,2026-03-23 21:17:44,0
달고나커피,UNKNOWN,2026-03-23 21:17:44,0
야돈,UNKNOWN,2026-03-23 21:17:44,0
닥공,UNKNOWN,2026-03-23 21:17:44,0
레지나,UNKNOWN,2026-03-23 21:17:44,0
호니,UNKNOWN,2026-03-23 21:17:44,0
더라,UNKNOWN,2026-03-23 21:17:44,0
멍카이,UNKNOWN,2026-03-23 21:17:44,0
죄무넌,UNKNOWN,2026-03-23 21:17:44,0
몽블랑b,UNKNOWN,2026-03-23 21:17:44,0
썽현,UNKNOWN,2026-03-23 21:17:44,0
비온,UNKNOWN,2026-03-23 21:17:44,0
메르메이지,UNKNOWN,2026-03-23 21:17:44,0
백하윰,UNKNOWN,2026-03-23 21:17:45,0
얌뗑,UNKNOWN,2026-03-23 21:17:45,0
지승윤,UNKNOWN,2026-03-23 21:17:45,0
뇌물,UNKNOWN,2026-03-23 21:17:45,0
액샐,UNKNOWN,2026-03-23 21:17:45,0
용사검,UNKNOWN,2026-03-23 21:17:45,0
StroboNights,UNKNOWN,2026-03-23 21:17:45,0
톰스,UNKNOWN,2026-03-23 21:17:45,0
채후니,UNKNOWN,2026-03-23 21:17:45,0
태오니언,UNKNOWN,2026-03-23 21:17:45,0
겜럭,UNKNOWN,2026-03-23 21:17:45,0
러프,UNKNOWN,2026-03-23 21:17:45,0
비카기,UNKNOWN,2026-03-23 21:17:45,0
양재순,UNKNOWN,2026-03-23 21:17:45,0
짜즌,UNKNOWN,2026-03-23 21:17:45,0
첼릭,UNKNOWN,2026-03-23 21:17:45,0
체련,UNKNOWN,2026-03-23 21:17:45,0
류애,UNKNOWN,2026-03-23 21:17:45,0
일숍,UNKNOWN,2026-03-23 21:17:45,0
속연,UNKNOWN,2026-03-23 21:17:45,0
원일,UNKNOWN,2026-03-23 21:17:45,0
렛콜,UNKNOWN,2026-03-23 21:17:45,0
리와와,UNKNOWN,2026-03-23 21:17:45,0
딤짭,UNKNOWN,2026-03-23 21:17:45,0
깔시,UNKNOWN,2026-03-23 21:17:45,0
보라잠바,UNKNOWN,2026-03-23 21:17:45,0
소쭝,UNKNOWN,2026-03-23 21:17:45,0
튜순,UNKNOWN,2026-03-23 21:17:45,0
티격,UNKNOWN,2026-03-23 21:17:45,0
배신자,UNKNOWN,2026-03-23 21:17:45,0
허영두,UNKNOWN,2026-03-23 21:17:45,0
전심,UNKNOWN,2026-03-23 21:17:45,0
윈드밀,UNKNOWN,2026-03-23 21:17:45,0
곰다솜,UNKNOWN,2026-03-23 21:17:45,0
갑오,UNKNOWN,2026-03-23 21:17:45,0
용일,UNKNOWN,2026-03-23 21:17:45,0
연대전전14,UNKNOWN,2026-03-23 21:17:45,0
쏠컴,UNKNOWN,2026-03-23 21:17:45,0
동성로,UNKNOWN,2026-03-23 21:17:45,0
엘지훈이,UNKNOWN,2026-03-23 21:17:45,0
우유횡령,UNKNOWN,2026-03-23 21:17:45,0
비무,UNKNOWN,2026-03-23 21:17:45,0
던힐,UNKNOWN,2026-03-23 21:17:45,0
달빛조각술,UNKNOWN,2026-03-23 21:17:45,0
투객,UNKNOWN,2026-03-23 21:17:45,0
찡얼,UNKNOWN,2026-03-23 21:17:45,0
찬엽,UNKNOWN,2026-03-23 21:17:45,0
뀨삐렌,UNKNOWN,2026-03-23 21:17:45,0
사국적,UNKNOWN,2026-03-23 21:17:45,0
뿡뿡뿡,UNKNOWN,2026-03-23 21:17:45,0
위잉,UNKNOWN,2026-03-23 21:17:45,0
딜동차,UNKNOWN,2026-03-23 21:17:45,0
화아타,UNKNOWN,2026-03-23 21:17:45,0
조각빵,UNKNOWN,2026-03-23 21:17:45,0
도둑놈,UNKNOWN,2026-03-23 21:17:45,0
크흑,UNKNOWN,2026-03-23 21:17:45,0
불뇽,UNKNOWN,2026-03-23 21:17:45,0
슬리퍼,UNKNOWN,2026-03-23 21:17:45,0
에태,UNKNOWN,2026-03-23 21:17:45,0
흑산도홍어,UNKNOWN,2026-03-23 21:17:45,0
르니에트,UNKNOWN,2026-03-23 21:17:45,0
카퓨굿,UNKNOWN,2026-03-23 21:17:45,0
상주발바닥,UNKNOWN,2026-03-23 21:17:45,0
옵드,UNKNOWN,2026-03-23 21:17:45,0
잘크,UNKNOWN,2026-03-23 21:17:45,0
피방누나우유,UNKNOWN,2026-03-23 21:17:45,0
또냐,UNKNOWN,2026-03-23 21:17:45,0
왕큼,UNKNOWN,2026-03-23 21:17:45,0
카오렌렌,UNKNOWN,2026-03-23 21:17:46,0
바다소녀,UNKNOWN,2026-03-23 21:17:46,0
로건짱짱맨,UNKNOWN,2026-03-23 21:17:46,0
혈언구,UNKNOWN,2026-03-23 21:17:46,0
남충,UNKNOWN,2026-03-23 21:17:46,0
묘밍,UNKNOWN,2026-03-23 21:17:46,0
거베나,UNKNOWN,2026-03-23 21:17:46,0
메르린이야,UNKNOWN,2026-03-23 21:17:46,0
녕욱,UNKNOWN,2026-03-23 21:17:46,0
나넹,UNKNOWN,2026-03-23 21:17:46,0
동다다,UNKNOWN,2026-03-23 21:17:46,0
박주호,UNKNOWN,2026-03-23 21:17:46,0
고래쩡,UNKNOWN,2026-03-23 21:17:46,0
에뽀,UNKNOWN,2026-03-23 21:17:46,0
덤퍼,UNKNOWN,2026-03-23 21:17:46,0
훈지청년,UNKNOWN,2026-03-23 21:17:46,0
치유,UNKNOWN,2026-03-23 21:17:46,0
닭전문가,UNKNOWN,2026-03-23 21:17:46,0
솔찐,UNKNOWN,2026-03-23 21:17:46,0
싸우,UNKNOWN,2026-03-23 21:17:46,0
업냐,UNKNOWN,2026-03-23 21:17:46,0
타락파워승정,UNKNOWN,2026-03-23 21:17:46,0
포그레,UNKNOWN,2026-03-23 21:17:46,0
정이,UNKNOWN,2026-03-23 21:17:46,0
킴튜큐,UNKNOWN,2026-03-23 21:17:46,0
류땅,UNKNOWN,2026-03-23 21:17:46,0
자몽맛젤라또,UNKNOWN,2026-03-23 21:17:46,0
설곡,UNKNOWN,2026-03-23 21:17:46,0
뭉탱,UNKNOWN,2026-03-23 21:17:46,0
김씨,UNKNOWN,2026-03-23 21:17:46,0
너왜,UNKNOWN,2026-03-23 21:17:46,0
랑제빈,UNKNOWN,2026-03-23 21:17:46,0
썽빈,UNKNOWN,2026-03-23 21:17:46,0
꾸안,UNKNOWN,2026-03-23 21:17:46,0
팔라재람,UNKNOWN,2026-03-23 21:17:46,0
메카똑순이,UNKNOWN,2026-03-23 21:17:46,0
쟌망,UNKNOWN,2026-03-23 21:17:46,0
최규멀,UNKNOWN,2026-03-23 21:17:46,0
월아,UNKNOWN,2026-03-23 21:17:46,0
정등량,UNKNOWN,2026-03-23 21:17:46,0
침착,UNKNOWN,2026-03-23 21:17:46,0
이달영,UNKNOWN,2026-03-23 21:17:46,0
키지,UNKNOWN,2026-03-23 21:17:46,0
zero쳇,UNKNOWN,2026-03-23 21:17:46,0
죽창호주,UNKNOWN,2026-03-23 21:17:46,0
개링,UNKNOWN,2026-03-23 21:17:46,0
일미,UNKNOWN,2026-03-23 21:17:46,0
차시혜,UNKNOWN,2026-03-23 21:17:46,0
개곰탱,UNKNOWN,2026-03-23 21:17:46,0
막좡,UNKNOWN,2026-03-23 21:17:46,0
테라카륨,UNKNOWN,2026-03-23 21:17:46,0
유츠메,UNKNOWN,2026-03-23 21:17:46,0
꼽늬,UNKNOWN,2026-03-23 21:17:46,0
퍼링이당,UNKNOWN,2026-03-23 21:17:46,0
성믹,UNKNOWN,2026-03-23 21:17:46,0
넝넝,UNKNOWN,2026-03-23 21:17:46,0
미삼민,UNKNOWN,2026-03-23 21:17:46,0
뀨삐약,UNKNOWN,2026-03-23 21:17:46,0
펜던,UNKNOWN,2026-03-23 21:17:46,0
태현이,UNKNOWN,2026-03-23 21:17:46,0
맘고,UNKNOWN,2026-03-23 21:17:46,0
연결,UNKNOWN,2026-03-23 21:17:46,0
오형춘,UNKNOWN,2026-03-23 21:17:46,0
아자자,UNKNOWN,2026-03-23 21:17:46,0
크릉츄마녀님,UNKNOWN,2026-03-23 21:17:47,0
헤리,UNKNOWN,2026-03-23 21:17:47,0
혀로전설,UNKNOWN,2026-03-23 21:17:47,0
궁애,UNKNOWN,2026-03-23 21:17:47,0
인명재해,UNKNOWN,2026-03-23 21:17:47,0
변동,UNKNOWN,2026-03-23 21:17:47,0
권키위,UNKNOWN,2026-03-23 21:17:47,0
칼트만,UNKNOWN,2026-03-23 21:17:47,0
궁경,UNKNOWN,2026-03-23 21:17:47,0
시츄상,UNKNOWN,2026-03-23 21:17:47,0
꿈우기,UNKNOWN,2026-03-23 21:17:47,0
해적면봉,UNKNOWN,2026-03-23 21:17:47,0
명당,UNKNOWN,2026-03-23 21:17:47,0
중령,UNKNOWN,2026-03-23 21:17:47,0
누렁이,UNKNOWN,2026-03-23 21:17:47,0
Aufgabe,UNKNOWN,2026-03-23 21:17:47,0
란돔,UNKNOWN,2026-03-23 21:17:47,0
운서,UNKNOWN,2026-03-23 21:17:47,0
사욤,UNKNOWN,2026-03-23 21:17:47,0
채아양,UNKNOWN,2026-03-23 21:17:47,0
골쥬,UNKNOWN,2026-03-23 21:17:47,0
지아비,UNKNOWN,2026-03-23 21:17:47,0
졸대,UNKNOWN,2026-03-23 21:17:47,0
OneJoker,UNKNOWN,2026-03-23 21:17:47,0
몽니,UNKNOWN,2026-03-23 21:17:47,0
끼오,UNKNOWN,2026-03-23 21:17:47,0
류현솔,UNKNOWN,2026-03-23 21:17:47,0
녁재,UNKNOWN,2026-03-23 21:17:47,0
라임풍,UNKNOWN,2026-03-23 21:17:47,0
햄딘팡,UNKNOWN,2026-03-23 21:17:47,0
불다로볶음면,UNKNOWN,2026-03-23 21:17:47,0
빠이,UNKNOWN,2026-03-23 21:17:47,0
재승,UNKNOWN,2026-03-23 21:17:47,0
팔붕,UNKNOWN,2026-03-23 21:17:47,0
강영빈,UNKNOWN,2026-03-23 21:17:47,0
컴값,UNKNOWN,2026-03-23 21:17:47,0
흉측,UNKNOWN,2026-03-23 21:17:47,0
세탁기,UNKNOWN,2026-03-23 21:17:47,0
Machanik,UNKNOWN,2026-03-23 21:17:47,0
어크,UNKNOWN,2026-03-23 21:17:47,0
단트,UNKNOWN,2026-03-23 21:17:47,0
찐컴벳,UNKNOWN,2026-03-23 21:17:47,0
최애의스쿠,UNKNOWN,2026-03-23 21:17:47,0
탠워,UNKNOWN,2026-03-23 21:17:47,0
익산정사장,UNKNOWN,2026-03-23 21:17:47,0
바르바할,UNKNOWN,2026-03-23 21:17:47,0
캐요,UNKNOWN,2026-03-23 21:17:47,0
천자,UNKNOWN,2026-03-23 21:17:47,0
두칟,UNKNOWN,2026-03-23 21:17:47,0
식스,UNKNOWN,2026-03-23 21:17:47,0
팀장님,UNKNOWN,2026-03-23 21:17:47,0
디젤,UNKNOWN,2026-03-23 21:17:47,0
민성,UNKNOWN,2026-03-23 21:17:47,0
쿵쿵형님,UNKNOWN,2026-03-23 21:17:47,0
란코,UNKNOWN,2026-03-23 21:17:47,0
닉네임우,UNKNOWN,2026-03-23 21:17:47,0
브넛,UNKNOWN,2026-03-23 21:17:47,0
청백,UNKNOWN,2026-03-23 21:17:47,0
담비수,UNKNOWN,2026-03-23 21:17:47,0
메르언냐,UNKNOWN,2026-03-23 21:17:47,0
소환서,UNKNOWN,2026-03-23 21:17:47,0
밤윤띠,UNKNOWN,2026-03-23 21:17:47,0
살담잉,UNKNOWN,2026-03-23 21:17:47,0
웽거,UNKNOWN,2026-03-23 21:17:47,0
솔희,UNKNOWN,2026-03-23 21:17:47,0
패나,UNKNOWN,2026-03-23 21:17:47,0
도적요,UNKNOWN,2026-03-23 21:17:48,0
댕댕밤이,UNKNOWN,2026-03-23 21:17:48,0
바드,UNKNOWN,2026-03-23 21:17:48,0
야품,UNKNOWN,2026-03-23 21:17:48,0
마에스트로,UNKNOWN,2026-03-23 21:17:48,0
아잉븝미,UNKNOWN,2026-03-23 21:17:48,0
LuvPain,UNKNOWN,2026-03-23 21:17:48,0
나연,UNKNOWN,2026-03-23 21:17:48,0
행복이부주,UNKNOWN,2026-03-23 21:17:48,0
당대표,UNKNOWN,2026-03-23 21:17:48,0
러키안,UNKNOWN,2026-03-23 21:17:48,0
시가,UNKNOWN,2026-03-23 21:17:48,0
스르르,UNKNOWN,2026-03-23 21:17:48,0
Limit,UNKNOWN,2026-03-23 21:17:48,0
설젬,UNKNOWN,2026-03-23 21:17:48,0
럽쮸,UNKNOWN,2026-03-23 21:17:48,0
써티,UNKNOWN,2026-03-23 21:17:48,0
북경세트,UNKNOWN,2026-03-23 21:17:48,0
위상,UNKNOWN,2026-03-23 21:17:48,0
메소atm,UNKNOWN,2026-03-23 21:17:48,0
뮤맨,UNKNOWN,2026-03-23 21:17:48,0
둔찰,UNKNOWN,2026-03-23 21:17:48,0
리민,UNKNOWN,2026-03-23 21:17:48,0
정보원,UNKNOWN,2026-03-23 21:17:48,0
행메함,UNKNOWN,2026-03-23 21:17:48,0
깨루미,UNKNOWN,2026-03-23 21:17:48,0
좌니,UNKNOWN,2026-03-23 21:17:48,0
막내짜응,UNKNOWN,2026-03-23 21:17:48,0
루루,UNKNOWN,2026-03-23 21:17:48,0
커니,UNKNOWN,2026-03-23 21:17:48,0
애쉬,UNKNOWN,2026-03-23 21:17:48,0
비각,UNKNOWN,2026-03-23 21:17:48,0
람찌부,UNKNOWN,2026-03-23 21:17:48,0
라바데이,UNKNOWN,2026-03-23 21:17:48,0
휴학이제멈춰,UNKNOWN,2026-03-23 21:17:48,0
LGang,UNKNOWN,2026-03-23 21:17:48,0
김초아,UNKNOWN,2026-03-23 21:17:48,0
위중,UNKNOWN,2026-03-23 21:17:48,0
스압,UNKNOWN,2026-03-23 21:17:48,0
뭬삐,UNKNOWN,2026-03-23 21:17:48,0
앵듕,UNKNOWN,2026-03-23 21:17:48,0
카벨,UNKNOWN,2026-03-23 21:17:48,0
youzy,UNKNOWN,2026-03-23 21:17:48,0
노까,UNKNOWN,2026-03-23 21:17:48,0
에반도잘해,UNKNOWN,2026-03-23 21:17:48,0
밍쟁,UNKNOWN,2026-03-23 21:17:48,0
바윙,UNKNOWN,2026-03-23 21:17:48,0
량주,UNKNOWN,2026-03-23 21:17:48,0
귀문진,UNKNOWN,2026-03-23 21:17:48,0
뻥힛,UNKNOWN,2026-03-23 21:17:48,0
찍샷,UNKNOWN,2026-03-23 21:17:48,0
toradora25,UNKNOWN,2026-03-23 21:17:48,0
뭉게구름,UNKNOWN,2026-03-23 21:17:48,0
곡갱s,UNKNOWN,2026-03-23 21:17:48,0
탁라다,UNKNOWN,2026-03-23 21:17:48,0
꽁지,UNKNOWN,2026-03-23 21:17:48,0
오카,UNKNOWN,2026-03-23 21:17:48,0
백인,UNKNOWN,2026-03-23 21:17:48,0
은잇,UNKNOWN,2026-03-23 21:17:48,0
데귤렌,UNKNOWN,2026-03-23 21:17:48,0
머녀,UNKNOWN,2026-03-23 21:17:48,0
단오,UNKNOWN,2026-03-23 21:17:48,0
삽루,UNKNOWN,2026-03-23 21:17:48,0
마롯슈,UNKNOWN,2026-03-23 21:17:48,0
달콤폭신호빵,UNKNOWN,2026-03-23 21:17:48,0
데밴,UNKNOWN,2026-03-23 21:17:49,0
휘경,UNKNOWN,2026-03-23 21:17:49,0
권수,UNKNOWN,2026-03-23 21:17:49,0
깡땡,UNKNOWN,2026-03-23 21:17:49,0
카이팅쏭에반,UNKNOWN,2026-03-23 21:17:49,0
바람잉,UNKNOWN,2026-03-23 21:17:49,0
연운수,UNKNOWN,2026-03-23 21:17:49,0
폭격마,UNKNOWN,2026-03-23 21:17:49,0
김또추,UNKNOWN,2026-03-23 21:17:49,0
전주빈,UNKNOWN,2026-03-23 21:17:49,0
종우,UNKNOWN,2026-03-23 21:17:49,0
얄별,UNKNOWN,2026-03-23 21:17:49,0
잠욱이,UNKNOWN,2026-03-23 21:17:49,0
레빙츠,UNKNOWN,2026-03-23 21:17:49,0
팡콩,UNKNOWN,2026-03-23 21:17:49,0
서하네가족,UNKNOWN,2026-03-23 21:17:49,0
띠버,UNKNOWN,2026-03-23 21:17:49,0
광쿠,UNKNOWN,2026-03-23 21:17:49,0
녕향,UNKNOWN,2026-03-23 21:17:49,0
방개,UNKNOWN,2026-03-23 21:17:49,0
카이딘,UNKNOWN,2026-03-23 21:17:49,0
진리님,UNKNOWN,2026-03-23 21:17:49,0
캐시,UNKNOWN,2026-03-23 21:17:49,0
홍랑,UNKNOWN,2026-03-23 21:17:49,0
본명,UNKNOWN,2026-03-23 21:17:49,0
채석준,UNKNOWN,2026-03-23 21:17:49,0
혜라,UNKNOWN,2026-03-23 21:17:49,0
데션족,UNKNOWN,2026-03-23 21:17:49,0
핵맨,UNKNOWN,2026-03-23 21:17:49,0
둥몬,UNKNOWN,2026-03-23 21:17:49,0
또로시,UNKNOWN,2026-03-23 21:17:49,0
싹다집어넣어,UNKNOWN,2026-03-23 21:17:49,0
쁠이블,UNKNOWN,2026-03-23 21:17:49,0
길복남,UNKNOWN,2026-03-23 21:17:49,0
불가살,UNKNOWN,2026-03-23 21:17:49,0
퇴근후재획,UNKNOWN,2026-03-23 21:17:49,0
제집,UNKNOWN,2026-03-23 21:17:49,0
초옛,UNKNOWN,2026-03-23 21:17:49,0
맷집,UNKNOWN,2026-03-23 21:17:49,0
Criee,UNKNOWN,2026-03-23 21:17:49,0
보도,UNKNOWN,2026-03-23 21:17:49,0
7889,UNKNOWN,2026-03-23 21:17:49,0
어린Ol,UNKNOWN,2026-03-23 21:17:49,0
최강셰도찬희,UNKNOWN,2026-03-23 21:17:49,0
옆쪽,UNKNOWN,2026-03-23 21:17:49,0
종쎈세,UNKNOWN,2026-03-23 21:17:49,0
토끼신,UNKNOWN,2026-03-23 21:17:49,0
파보오오니,UNKNOWN,2026-03-23 21:17:49,0
주주야야휴휴,UNKNOWN,2026-03-23 21:17:49,0
서양,UNKNOWN,2026-03-23 21:17:49,0
혀롯트,UNKNOWN,2026-03-23 21:17:49,0
메서,UNKNOWN,2026-03-23 21:17:49,0
발리,UNKNOWN,2026-03-23 21:17:49,0
언둠,UNKNOWN,2026-03-23 21:17:49,0
포이,UNKNOWN,2026-03-23 21:17:49,0
현질,UNKNOWN,2026-03-23 21:17:49,0
이제티,UNKNOWN,2026-03-23 21:17:49,0
쇄벽,UNKNOWN,2026-03-23 21:17:49,0
잇씽,UNKNOWN,2026-03-23 21:17:49,0
KU빈,UNKNOWN,2026-03-23 21:17:49,0
링크,UNKNOWN,2026-03-23 21:17:49,0
24성,UNKNOWN,2026-03-23 21:17:49,0
낙찌님,UNKNOWN,2026-03-23 21:17:49,0
미노,UNKNOWN,2026-03-23 21:17:49,0
고드림,UNKNOWN,2026-03-23 21:17:49,0
겁화,UNKNOWN,2026-03-23 21:17:49,0
또멍냥,UNKNOWN,2026-03-23 21:17:49,0
소뿡,UNKNOWN,2026-03-23 21:17:49,0
프렌치폴라,UNKNOWN,2026-03-23 21:17:49,0
그린형광,UNKNOWN,2026-03-23 21:17:49,0
은경이,UNKNOWN,2026-03-23 21:17:50,0
집이보임,UNKNOWN,2026-03-23 21:17:50,0
진이꼬야옹,UNKNOWN,2026-03-23 21:17:50,0
초롬,UNKNOWN,2026-03-23 21:17:50,0
삭감,UNKNOWN,2026-03-23 21:17:50,0
하멜른쥐잡이,UNKNOWN,2026-03-23 21:17:50,0
구뻠즈,UNKNOWN,2026-03-23 21:17:50,0
드림팟,UNKNOWN,2026-03-23 21:17:50,0
지미희,UNKNOWN,2026-03-23 21:17:50,0
후라칸,UNKNOWN,2026-03-23 21:17:50,0
제느로디드,UNKNOWN,2026-03-23 21:17:50,0
암거그,UNKNOWN,2026-03-23 21:17:50,0
쩡네,UNKNOWN,2026-03-23 21:17:50,0
리카스,UNKNOWN,2026-03-23 21:17:50,0
랭킹,UNKNOWN,2026-03-23 21:17:50,0
파벗,UNKNOWN,2026-03-23 21:17:50,0
티샷,UNKNOWN,2026-03-23 21:17:50,0
쩝법사21세,UNKNOWN,2026-03-23 21:17:50,0
비욘드코인,UNKNOWN,2026-03-23 21:17:50,0
꿀복,UNKNOWN,2026-03-23 21:17:50,0
구교민짱짱맨,UNKNOWN,2026-03-23 21:17:50,0
낙광,UNKNOWN,2026-03-23 21:17:50,0
쭈원,UNKNOWN,2026-03-23 21:17:50,0
철앙,UNKNOWN,2026-03-23 21:17:50,0
여수법사,UNKNOWN,2026-03-23 21:17:50,0
라멜,UNKNOWN,2026-03-23 21:17:50,0
AshyTak,UNKNOWN,2026-03-23 21:17:50,0
디니,UNKNOWN,2026-03-23 21:17:50,0
휩휑,UNKNOWN,2026-03-23 21:17:50,0
레몬맨,UNKNOWN,2026-03-23 21:17:50,0
카즈하,UNKNOWN,2026-03-23 21:17:50,0
열려,UNKNOWN,2026-03-23 21:17:50,0
잼쿠,UNKNOWN,2026-03-23 21:17:50,0
호왕아,UNKNOWN,2026-03-23 21:17:50,0
타벤,UNKNOWN,2026-03-23 21:17:50,0
아끄,UNKNOWN,2026-03-23 21:17:50,0
뽀북,UNKNOWN,2026-03-23 21:17:50,0
들잎,UNKNOWN,2026-03-23 21:17:50,0
민휘,UNKNOWN,2026-03-23 21:17:50,0
달빛팔라딘52,UNKNOWN,2026-03-23 21:17:50,0
넴드,UNKNOWN,2026-03-23 21:17:50,0
별빛로안,UNKNOWN,2026-03-23 21:17:50,0
임앉아,UNKNOWN,2026-03-23 21:17:50,0
룬초,UNKNOWN,2026-03-23 21:17:50,0
우스,UNKNOWN,2026-03-23 21:17:50,0
불우,UNKNOWN,2026-03-23 21:17:50,0
태양1세,UNKNOWN,2026-03-23 21:17:50,0
적곰,UNKNOWN,2026-03-23 21:17:50,0
도랑,UNKNOWN,2026-03-23 21:17:50,0
설궁,UNKNOWN,2026-03-23 21:17:50,0
우잉,UNKNOWN,2026-03-23 21:17:50,0
고객,UNKNOWN,2026-03-23 21:17:50,0
꽃다운,UNKNOWN,2026-03-23 21:17:50,0
연지곤지휴우,UNKNOWN,2026-03-23 21:17:50,0
흐보,UNKNOWN,2026-03-23 21:17:50,0
자버,UNKNOWN,2026-03-23 21:17:50,0
은빈,UNKNOWN,2026-03-23 21:17:50,0
체공,UNKNOWN,2026-03-23 21:17:50,0
애퓨,UNKNOWN,2026-03-23 21:17:51,0
극딜,UNKNOWN,2026-03-23 21:17:51,0
박강휘,UNKNOWN,2026-03-23 21:17:51,0
골쁘,UNKNOWN,2026-03-23 21:17:51,0
호청,UNKNOWN,2026-03-23 21:17:51,0
상말,UNKNOWN,2026-03-23 21:17:51,0
메롱,UNKNOWN,2026-03-23 21:17:51,0
Tera,UNKNOWN,2026-03-23 21:17:51,0
무인시대,UNKNOWN,2026-03-23 21:17:51,0
토카사키,UNKNOWN,2026-03-23 21:17:51,0
화빈,UNKNOWN,2026-03-23 21:17:51,0
격캐,UNKNOWN,2026-03-23 21:17:51,0
펭지스,UNKNOWN,2026-03-23 21:17:51,0
중점,UNKNOWN,2026-03-23 21:17:51,0
삐약e,UNKNOWN,2026-03-23 21:17:51,0
그밍소,UNKNOWN,2026-03-23 21:17:51,0
허약한zero,UNKNOWN,2026-03-23 21:17:51,0
회용,UNKNOWN,2026-03-23 21:17:51,0
찍눈,UNKNOWN,2026-03-23 21:17:51,0
매끈,UNKNOWN,2026-03-23 21:17:51,0
영비,UNKNOWN,2026-03-23 21:17:51,0
근비,UNKNOWN,2026-03-23 21:17:51,0
스채,UNKNOWN,2026-03-23 21:17:51,0
돈가져와돈,UNKNOWN,2026-03-23 21:17:51,0
면접,UNKNOWN,2026-03-23 21:17:51,0
씸즈,UNKNOWN,2026-03-23 21:17:51,0
범브,UNKNOWN,2026-03-23 21:17:51,0
지안세,UNKNOWN,2026-03-23 21:17:51,0
느비,UNKNOWN,2026-03-23 21:17:51,0
린소리,UNKNOWN,2026-03-23 21:17:51,0
제트탱크,UNKNOWN,2026-03-23 21:17:51,0
휴텔,UNKNOWN,2026-03-23 21:17:51,0
박찌롤,UNKNOWN,2026-03-23 21:17:51,0
퐁규,UNKNOWN,2026-03-23 21:17:51,0
블랑,UNKNOWN,2026-03-23 21:17:51,0
영웅츄,UNKNOWN,2026-03-23 21:17:51,0
유명한망구,UNKNOWN,2026-03-23 21:17:51,0
뤠알,UNKNOWN,2026-03-23 21:17:51,0
흙준,UNKNOWN,2026-03-23 21:17:51,0
넨냠,UNKNOWN,2026-03-23 21:17:51,0
위독,UNKNOWN,2026-03-23 21:17:51,0
울보히,UNKNOWN,2026-03-23 21:17:51,0
럇미,UNKNOWN,2026-03-23 21:17:51,0
창석,UNKNOWN,2026-03-23 21:17:51,0
키부,UNKNOWN,2026-03-23 21:17:51,0
조랑이,UNKNOWN,2026-03-23 21:17:51,0
미식,UNKNOWN,2026-03-23 21:17:51,0
운동,UNKNOWN,2026-03-23 21:17:51,0
Pulkoz,UNKNOWN,2026-03-23 21:17:51,0
너무사랑하면,UNKNOWN,2026-03-23 21:17:51,0
낭독,UNKNOWN,2026-03-23 21:17:51,0
길팻,UNKNOWN,2026-03-23 21:17:51,0
모른,UNKNOWN,2026-03-23 21:17:51,0
클탐,UNKNOWN,2026-03-23 21:17:51,0
쥬피썬더,UNKNOWN,2026-03-23 21:17:51,0
해산,UNKNOWN,2026-03-23 21:17:51,0
점프띵크,UNKNOWN,2026-03-23 21:17:51,0
오늘프로틴,UNKNOWN,2026-03-23 21:17:51,0
신선,UNKNOWN,2026-03-23 21:17:51,0
달솜,UNKNOWN,2026-03-23 21:17:51,0
캐논라보,UNKNOWN,2026-03-23 21:17:51,0
밍몬,UNKNOWN,2026-03-23 21:17:52,0
로마뿌,UNKNOWN,2026-03-23 21:17:52,0
메구밍,UNKNOWN,2026-03-23 21:17:52,0
히붕갓,UNKNOWN,2026-03-23 21:17:52,0
공연,UNKNOWN,2026-03-23 21:17:52,0
삑살,UNKNOWN,2026-03-23 21:17:52,0
저즈,UNKNOWN,2026-03-23 21:17:52,0
광뚜,UNKNOWN,2026-03-23 21:17:52,0
단검쓰는범이,UNKNOWN,2026-03-23 21:17:52,0
코비좋아,UNKNOWN,2026-03-23 21:17:52,0
등촌칼국수,UNKNOWN,2026-03-23 21:17:52,0
월매일척,UNKNOWN,2026-03-23 21:17:52,0
잼넹,UNKNOWN,2026-03-23 21:17:52,0
팩소주,UNKNOWN,2026-03-23 21:17:52,0
쭈놈,UNKNOWN,2026-03-23 21:17:52,0
주점,UNKNOWN,2026-03-23 21:17:52,0
도민준,UNKNOWN,2026-03-23 21:17:52,0
까모,UNKNOWN,2026-03-23 21:17:52,0
찍먹표도,UNKNOWN,2026-03-23 21:17:52,0
형벌,UNKNOWN,2026-03-23 21:17:52,0
귀요미도영,UNKNOWN,2026-03-23 21:17:52,0
김보경,UNKNOWN,2026-03-23 21:17:52,0
미니쯔,UNKNOWN,2026-03-23 21:17:52,0
Fairytail,UNKNOWN,2026-03-23 21:17:52,0
원딜대학지망,UNKNOWN,2026-03-23 21:17:52,0
uynet,UNKNOWN,2026-03-23 21:17:52,0
Cheeze,UNKNOWN,2026-03-23 21:17:52,0
뻗어,UNKNOWN,2026-03-23 21:17:52,0
혐쮸,UNKNOWN,2026-03-23 21:17:52,0
zuha,UNKNOWN,2026-03-23 21:17:52,0
용프룡,UNKNOWN,2026-03-23 21:17:52,0
쀼찡,UNKNOWN,2026-03-23 21:17:52,0
톰리들,UNKNOWN,2026-03-23 21:17:52,0
계습,UNKNOWN,2026-03-23 21:17:52,0
머저리,UNKNOWN,2026-03-23 21:17:52,0
매별,UNKNOWN,2026-03-23 21:17:52,0
민초웜,UNKNOWN,2026-03-23 21:17:52,0
화난다크,UNKNOWN,2026-03-23 21:17:52,0
추신,UNKNOWN,2026-03-23 21:17:52,0
시제,UNKNOWN,2026-03-23 21:17:52,0
갱이와,UNKNOWN,2026-03-23 21:17:52,0
틴즈,UNKNOWN,2026-03-23 21:17:52,0
노노앨,UNKNOWN,2026-03-23 21:17:52,0
탐책,UNKNOWN,2026-03-23 21:17:52,0
현진o,UNKNOWN,2026-03-23 21:17:52,0
베일,UNKNOWN,2026-03-23 21:17:52,0
간곡,UNKNOWN,2026-03-23 21:17:52,0
데순순,UNKNOWN,2026-03-23 21:17:52,0
자장이,UNKNOWN,2026-03-23 21:17:52,0
삼탄당,UNKNOWN,2026-03-23 21:17:52,0
야붕,UNKNOWN,2026-03-23 21:17:52,0
치트,UNKNOWN,2026-03-23 21:17:52,0
ColLoR,UNKNOWN,2026-03-23 21:17:52,0
신승현,UNKNOWN,2026-03-23 21:17:52,0
민지병원비,UNKNOWN,2026-03-23 21:17:52,0
밀희,UNKNOWN,2026-03-23 21:17:52,0
꽝부,UNKNOWN,2026-03-23 21:17:52,0
파카츄츄,UNKNOWN,2026-03-23 21:17:52,0
이재명의사,UNKNOWN,2026-03-23 21:17:52,0
장혜지918,UNKNOWN,2026-03-23 21:17:53,0
나찰,UNKNOWN,2026-03-23 21:17:53,0
Jaurim,UNKNOWN,2026-03-23 21:17:53,0
칼빵,UNKNOWN,2026-03-23 21:17:53,0
요르문간드,UNKNOWN,2026-03-23 21:17:53,0
데스로드,UNKNOWN,2026-03-23 21:17:53,0
현피뜨던강,UNKNOWN,2026-03-23 21:17:53,0
공쭈,UNKNOWN,2026-03-23 21:17:53,0
일회용품,UNKNOWN,2026-03-23 21:17:53,0
쏘그,UNKNOWN,2026-03-23 21:17:53,0
쩨우,UNKNOWN,2026-03-23 21:17:53,0
찐빰,UNKNOWN,2026-03-23 21:17:53,0
또름,UNKNOWN,2026-03-23 21:17:53,0
초두존,UNKNOWN,2026-03-23 21:17:53,0
오화,UNKNOWN,2026-03-23 21:17:53,0
표도생성,UNKNOWN,2026-03-23 21:17:53,0
최종민,UNKNOWN,2026-03-23 21:17:53,0
통숄,UNKNOWN,2026-03-23 21:17:53,0
쓰커,UNKNOWN,2026-03-23 21:17:53,0
셀유,UNKNOWN,2026-03-23 21:17:53,0
빵굽,UNKNOWN,2026-03-23 21:17:53,0
해주세요부릉,UNKNOWN,2026-03-23 21:17:53,0
장승원,UNKNOWN,2026-03-23 21:17:53,0
영댕,UNKNOWN,2026-03-23 21:17:53,0
낌끼잉,UNKNOWN,2026-03-23 21:17:53,0
대안,UNKNOWN,2026-03-23 21:17:53,0
김민암,UNKNOWN,2026-03-23 21:17:53,0
블랙맨맨,UNKNOWN,2026-03-23 21:17:53,0
거칠어,UNKNOWN,2026-03-23 21:17:53,0
흑뽀님,UNKNOWN,2026-03-23 21:17:53,0
쁨삑,UNKNOWN,2026-03-23 21:17:53,0
호랭이젤리떡,UNKNOWN,2026-03-23 21:17:53,0
고순띠,UNKNOWN,2026-03-23 21:17:53,0
노풍,UNKNOWN,2026-03-23 21:17:53,0
언남,UNKNOWN,2026-03-23 21:17:53,0
카데놔,UNKNOWN,2026-03-23 21:17:53,0
단연화,UNKNOWN,2026-03-23 21:17:53,0
곤희,UNKNOWN,2026-03-23 21:17:53,0
쪼헤피롱,UNKNOWN,2026-03-23 21:17:53,0
달덩,UNKNOWN,2026-03-23 21:17:53,0
한장,UNKNOWN,2026-03-23 21:17:53,0
썩은세상,UNKNOWN,2026-03-23 21:17:53,0
630번지,UNKNOWN,2026-03-23 21:17:53,0
꾜뽁,UNKNOWN,2026-03-23 21:17:53,0
사형선고end,UNKNOWN,2026-03-23 21:17:53,0
댕장,UNKNOWN,2026-03-23 21:17:53,0
Jinyuseong,UNKNOWN,2026-03-23 21:17:53,0
잠동글,UNKNOWN,2026-03-23 21:17:53,0
분신난무,UNKNOWN,2026-03-23 21:17:53,0
서대진,UNKNOWN,2026-03-23 21:17:53,0
재림,UNKNOWN,2026-03-23 21:17:53,0
핫삼,UNKNOWN,2026-03-23 21:17:53,0
선매리,UNKNOWN,2026-03-23 21:17:53,0
태을선인,UNKNOWN,2026-03-23 21:17:53,0
러브샷,UNKNOWN,2026-03-23 21:17:53,0
프랑,UNKNOWN,2026-03-23 21:17:53,0
국문,UNKNOWN,2026-03-23 21:17:53,0
유아이,UNKNOWN,2026-03-23 21:17:53,0
금빤쓰,UNKNOWN,2026-03-23 21:17:53,0
쵸파,UNKNOWN,2026-03-23 21:17:53,0
무작위,UNKNOWN,2026-03-23 21:17:53,0
차호0,UNKNOWN,2026-03-23 21:17:53,0
YouTube피엘,UNKNOWN,2026-03-23 21:17:53,0
한란모시,UNKNOWN,2026-03-23 21:17:53,0
석대짱임,UNKNOWN,2026-03-23 21:17:53,0
노을빛호영i,UNKNOWN,2026-03-23 21:17:54,0
개구리는깡총,UNKNOWN,2026-03-23 21:17:54,0
표창휴리,UNKNOWN,2026-03-23 21:17:54,0
털건이,UNKNOWN,2026-03-23 21:17:54,0
천쁘,UNKNOWN,2026-03-23 21:17:54,0
해류d,UNKNOWN,2026-03-23 21:17:54,0
제플,UNKNOWN,2026-03-23 21:17:54,0
은장도,UNKNOWN,2026-03-23 21:17:54,0
형참,UNKNOWN,2026-03-23 21:17:54,0
우유는팔라중,UNKNOWN,2026-03-23 21:17:54,0
연탄,UNKNOWN,2026-03-23 21:17:54,0
동멘,UNKNOWN,2026-03-23 21:17:54,0
최네,UNKNOWN,2026-03-23 21:17:54,0
김섭,UNKNOWN,2026-03-23 21:17:54,0
라폼,UNKNOWN,2026-03-23 21:17:54,0
꿀씨,UNKNOWN,2026-03-23 21:17:54,0
신왕,UNKNOWN,2026-03-23 21:17:54,0
Effect,UNKNOWN,2026-03-23 21:17:54,0
악마아야,UNKNOWN,2026-03-23 21:17:54,0
은월,UNKNOWN,2026-03-23 21:17:54,0
플러버도적,UNKNOWN,2026-03-23 21:17:54,0
도적사이,UNKNOWN,2026-03-23 21:17:54,0
더쿠,UNKNOWN,2026-03-23 21:17:54,0
칸르,UNKNOWN,2026-03-23 21:17:54,0
민이x,UNKNOWN,2026-03-23 21:17:54,0
노스,UNKNOWN,2026-03-23 21:17:54,0
혜남푠,UNKNOWN,2026-03-23 21:17:54,0
자료실습,UNKNOWN,2026-03-23 21:17:54,0
앙마부,UNKNOWN,2026-03-23 21:17:54,0
이원빈,UNKNOWN,2026-03-23 21:17:54,0
칸쿠,UNKNOWN,2026-03-23 21:17:54,0
창폐,UNKNOWN,2026-03-23 21:17:54,0
두렝,UNKNOWN,2026-03-23 21:17:54,0
다로,UNKNOWN,2026-03-23 21:17:54,0
기넌,UNKNOWN,2026-03-23 21:17:54,0
빼박,UNKNOWN,2026-03-23 21:17:54,0
일황,UNKNOWN,2026-03-23 21:17:54,0
팔라스,UNKNOWN,2026-03-23 21:17:54,0
아쉬운궁모1,UNKNOWN,2026-03-23 21:17:54,0
날먹캐릭터1,UNKNOWN,2026-03-23 21:17:54,0
우해,UNKNOWN,2026-03-23 21:17:54,0
시멘트,UNKNOWN,2026-03-23 21:17:54,0
시쟈,UNKNOWN,2026-03-23 21:17:54,0
저가,UNKNOWN,2026-03-23 21:17:54,0
캑봇,UNKNOWN,2026-03-23 21:17:54,0
사용,UNKNOWN,2026-03-23 21:17:54,0
호브,UNKNOWN,2026-03-23 21:17:54,0
검첩,UNKNOWN,2026-03-23 21:17:54,0
센스엘,UNKNOWN,2026-03-23 21:17:54,0
박자,UNKNOWN,2026-03-23 21:17:54,0
봄에,UNKNOWN,2026-03-23 21:17:54,0
챠쓰,UNKNOWN,2026-03-23 21:17:54,0
답은,UNKNOWN,2026-03-23 21:17:54,0
몽룡의장독대,UNKNOWN,2026-03-23 21:17:54,0
뽀랄,UNKNOWN,2026-03-23 21:17:54,0
이둔,UNKNOWN,2026-03-23 21:17:54,0
부설고,UNKNOWN,2026-03-23 21:17:54,0
목방,UNKNOWN,2026-03-23 21:17:54,0
Lunalune,UNKNOWN,2026-03-23 21:17:54,0
주걱,UNKNOWN,2026-03-23 21:17:54,0
에또재호,UNKNOWN,2026-03-23 21:17:54,0
대세지,UNKNOWN,2026-03-23 21:17:54,0
로브,UNKNOWN,2026-03-23 21:17:54,0
여삐,UNKNOWN,2026-03-23 21:17:54,0
싯타,UNKNOWN,2026-03-23 21:17:54,0
코리코코,UNKNOWN,2026-03-23 21:17:55,0
염종,UNKNOWN,2026-03-23 21:17:55,0
와앙,UNKNOWN,2026-03-23 21:17:55,0
슈륙챙이,UNKNOWN,2026-03-23 21:17:55,0
쮸시,UNKNOWN,2026-03-23 21:17:55,0
매화,UNKNOWN,2026-03-23 21:17:55,0
대가,UNKNOWN,2026-03-23 21:17:55,0
로디드,UNKNOWN,2026-03-23 21:17:55,0
트위치,UNKNOWN,2026-03-23 21:17:55,0
FirstRetry,UNKNOWN,2026-03-23 21:17:55,0
전제한,UNKNOWN,2026-03-23 21:17:55,0
이깎이,UNKNOWN,2026-03-23 21:17:55,0
쪽저,UNKNOWN,2026-03-23 21:17:55,0
복권,UNKNOWN,2026-03-23 21:17:55,0
구쨩,UNKNOWN,2026-03-23 21:17:55,0
냠냠채린,UNKNOWN,2026-03-23 21:17:55,0
전지현,UNKNOWN,2026-03-23 21:17:55,0
5히니,UNKNOWN,2026-03-23 21:17:55,0
밤히,UNKNOWN,2026-03-23 21:17:55,0
제뇬,UNKNOWN,2026-03-23 21:17:55,0
요망,UNKNOWN,2026-03-23 21:17:55,0
역천문,UNKNOWN,2026-03-23 21:17:55,0
때죠,UNKNOWN,2026-03-23 21:17:55,0
뿌울,UNKNOWN,2026-03-23 21:17:55,0
입학생,UNKNOWN,2026-03-23 21:17:55,0
Coxy,UNKNOWN,2026-03-23 21:17:55,0
힐너,UNKNOWN,2026-03-23 21:17:55,0
보스총,UNKNOWN,2026-03-23 21:17:55,0
네루의추억,UNKNOWN,2026-03-23 21:17:55,0
문완,UNKNOWN,2026-03-23 21:17:55,0
은혼,UNKNOWN,2026-03-23 21:17:55,0
눈물,UNKNOWN,2026-03-23 21:17:55,0
요찡,UNKNOWN,2026-03-23 21:17:55,0
반전생각,UNKNOWN,2026-03-23 21:17:55,0
운찬,UNKNOWN,2026-03-23 21:17:55,0
켓시,UNKNOWN,2026-03-23 21:17:55,0
슈켄,UNKNOWN,2026-03-23 21:17:55,0
근육결핍,UNKNOWN,2026-03-23 21:17:55,0
장인,UNKNOWN,2026-03-23 21:17:55,0
완령,UNKNOWN,2026-03-23 21:17:55,0
가깝,UNKNOWN,2026-03-23 21:17:55,0
캡짠보,UNKNOWN,2026-03-23 21:17:55,0
꼬슴아02,UNKNOWN,2026-03-23 21:17:55,0
만뎀,UNKNOWN,2026-03-23 21:17:55,0
데스노트,UNKNOWN,2026-03-23 21:17:55,0
홍귀달,UNKNOWN,2026-03-23 21:17:55,0
눈꽃천지,UNKNOWN,2026-03-23 21:17:55,0
주작좀그만,UNKNOWN,2026-03-23 21:17:55,0
주권,UNKNOWN,2026-03-23 21:17:55,0
넵튠,UNKNOWN,2026-03-23 21:17:55,0
망병스,UNKNOWN,2026-03-23 21:17:55,0
다리미,UNKNOWN,2026-03-23 21:17:55,0
표이블,UNKNOWN,2026-03-23 21:17:55,0
현석현,UNKNOWN,2026-03-23 21:17:55,0
입새,UNKNOWN,2026-03-23 21:17:55,0
변치,UNKNOWN,2026-03-23 21:17:55,0
뒨뒨,UNKNOWN,2026-03-23 21:17:55,0
디궁,UNKNOWN,2026-03-23 21:17:56,0
속설,UNKNOWN,2026-03-23 21:17:56,0
꿈별,UNKNOWN,2026-03-23 21:17:56,0
깜흑,UNKNOWN,2026-03-23 21:17:56,0
스티플,UNKNOWN,2026-03-23 21:17:56,0
테즈,UNKNOWN,2026-03-23 21:17:56,0
무릉도장,UNKNOWN,2026-03-23 21:17:56,0
특별채용,UNKNOWN,2026-03-23 21:17:56,0
칼잽이또리,UNKNOWN,2026-03-23 21:17:56,0
외형,UNKNOWN,2026-03-23 21:17:56,0
승보짱,UNKNOWN,2026-03-23 21:17:56,0
나의사랑토끼,UNKNOWN,2026-03-23 21:17:56,0
애송,UNKNOWN,2026-03-23 21:17:56,0
나짱,UNKNOWN,2026-03-23 21:17:56,0
Cloudyn,UNKNOWN,2026-03-23 21:17:56,0
레업라,UNKNOWN,2026-03-23 21:17:56,0
곡류,UNKNOWN,2026-03-23 21:17:56,0
꿀뿌,UNKNOWN,2026-03-23 21:17:56,0
IKEA,UNKNOWN,2026-03-23 21:17:56,0
졸업주,UNKNOWN,2026-03-23 21:17:56,0
씨비,UNKNOWN,2026-03-23 21:17:56,0
김탄,UNKNOWN,2026-03-23 21:17:56,0
틴녀,UNKNOWN,2026-03-23 21:17:56,0
헤응,UNKNOWN,2026-03-23 21:17:56,0
쇼요,UNKNOWN,2026-03-23 21:17:56,0
시간을넘어서,UNKNOWN,2026-03-23 21:17:56,0
힝써,UNKNOWN,2026-03-23 21:17:56,0
커믹,UNKNOWN,2026-03-23 21:17:56,0
으짠,UNKNOWN,2026-03-23 21:17:56,0
프로키온,UNKNOWN,2026-03-23 21:17:56,0
단도없,UNKNOWN,2026-03-23 21:17:56,0
앙마숍,UNKNOWN,2026-03-23 21:17:56,0
신침,UNKNOWN,2026-03-23 21:17:56,0
Harb,UNKNOWN,2026-03-23 21:17:56,0
Ol원제,UNKNOWN,2026-03-23 21:17:56,0
실패,UNKNOWN,2026-03-23 21:17:56,0
한숲,UNKNOWN,2026-03-23 21:17:56,0
기승전이리나,UNKNOWN,2026-03-23 21:17:56,0
너에게만,UNKNOWN,2026-03-23 21:17:56,0
넬은빌,UNKNOWN,2026-03-23 21:17:56,0
루영,UNKNOWN,2026-03-23 21:17:56,0
넥키,UNKNOWN,2026-03-23 21:17:56,0
꿀랭,UNKNOWN,2026-03-23 21:17:56,0
독충,UNKNOWN,2026-03-23 21:17:56,0
여보,UNKNOWN,2026-03-23 21:17:56,0
고떡민,UNKNOWN,2026-03-23 21:17:56,0
탱꾸,UNKNOWN,2026-03-23 21:17:56,0
기낙,UNKNOWN,2026-03-23 21:17:56,0
뚜녀님,UNKNOWN,2026-03-23 21:17:56,0
빡블레이더,UNKNOWN,2026-03-23 21:17:56,0
붐붕,UNKNOWN,2026-03-23 21:17:56,0
준딱,UNKNOWN,2026-03-23 21:17:56,0
해적왕,UNKNOWN,2026-03-23 21:17:56,0
탄찌,UNKNOWN,2026-03-23 21:17:56,0
신재혁,UNKNOWN,2026-03-23 21:17:56,0
지히라히,UNKNOWN,2026-03-23 21:17:56,0
택진,UNKNOWN,2026-03-23 21:17:56,0
백캅,UNKNOWN,2026-03-23 21:17:56,0
무능맨,UNKNOWN,2026-03-23 21:17:56,0
콘칩,UNKNOWN,2026-03-23 21:17:56,0
땅껸,UNKNOWN,2026-03-23 21:17:56,0
해삼,UNKNOWN,2026-03-23 21:17:56,0
팁파,UNKNOWN,2026-03-23 21:17:56,0
파이어독,UNKNOWN,2026-03-23 21:17:56,0
해가드,UNKNOWN,2026-03-23 21:17:56,0
노땅윤,UNKNOWN,2026-03-23 21:17:56,0
그내,UNKNOWN,2026-03-23 21:17:57,0
사랑은속궁합,UNKNOWN,2026-03-23 21:17:57,0
아고a,UNKNOWN,2026-03-23 21:17:57,0
쥬까,UNKNOWN,2026-03-23 21:17:57,0
댈람이,UNKNOWN,2026-03-23 21:17:57,0
째툇,UNKNOWN,2026-03-23 21:17:57,0
조각품,UNKNOWN,2026-03-23 21:17:57,0
쁨루트,UNKNOWN,2026-03-23 21:17:57,0
CEO표표,UNKNOWN,2026-03-23 21:17:57,0
또랑,UNKNOWN,2026-03-23 21:17:57,0
별빰,UNKNOWN,2026-03-23 21:17:57,0
쓰레쉬,UNKNOWN,2026-03-23 21:17:57,0
능아,UNKNOWN,2026-03-23 21:17:57,0
장흐,UNKNOWN,2026-03-23 21:17:57,0
길드원심셔틀,UNKNOWN,2026-03-23 21:17:57,0
PointZR,UNKNOWN,2026-03-23 21:17:57,0
키누,UNKNOWN,2026-03-23 21:17:57,0
데탱스,UNKNOWN,2026-03-23 21:17:57,0
무편,UNKNOWN,2026-03-23 21:17:57,0
병력,UNKNOWN,2026-03-23 21:17:57,0
점정,UNKNOWN,2026-03-23 21:17:57,0
샵지,UNKNOWN,2026-03-23 21:17:57,0
빕면,UNKNOWN,2026-03-23 21:17:57,0
워컬,UNKNOWN,2026-03-23 21:17:57,0
감칠,UNKNOWN,2026-03-23 21:17:57,0
카드의정령,UNKNOWN,2026-03-23 21:17:57,0
뱃살,UNKNOWN,2026-03-23 21:17:57,0
레이셔널리티,UNKNOWN,2026-03-23 21:17:57,0
식사,UNKNOWN,2026-03-23 21:17:57,0
전설궁,UNKNOWN,2026-03-23 21:17:57,0
힐줄게기달려,UNKNOWN,2026-03-23 21:17:57,0
계지,UNKNOWN,2026-03-23 21:17:57,0
주징,UNKNOWN,2026-03-23 21:17:57,0
유리별,UNKNOWN,2026-03-23 21:17:57,0
서화솜,UNKNOWN,2026-03-23 21:17:57,0
으나랑버디,UNKNOWN,2026-03-23 21:17:57,0
Ma9Tae324,UNKNOWN,2026-03-23 21:17:57,0
띠후,UNKNOWN,2026-03-23 21:17:57,0
산악,UNKNOWN,2026-03-23 21:17:57,0
평식,UNKNOWN,2026-03-23 21:17:57,0
닻별,UNKNOWN,2026-03-23 21:17:57,0
촌재비,UNKNOWN,2026-03-23 21:17:57,0
임여랑,UNKNOWN,2026-03-23 21:17:57,0
별님,UNKNOWN,2026-03-23 21:17:57,0
히성,UNKNOWN,2026-03-23 21:17:57,0
제루,UNKNOWN,2026-03-23 21:17:57,0
쏘닉,UNKNOWN,2026-03-23 21:17:57,0
포릭,UNKNOWN,2026-03-23 21:17:57,0
하읨,UNKNOWN,2026-03-23 21:17:57,0
꼬냥이,UNKNOWN,2026-03-23 21:17:57,0
여으,UNKNOWN,2026-03-23 21:17:57,0
원킬,UNKNOWN,2026-03-23 21:17:57,0
체대,UNKNOWN,2026-03-23 21:17:57,0
뗀준,UNKNOWN,2026-03-23 21:17:57,0
픽미,UNKNOWN,2026-03-23 21:17:57,0
사켜,UNKNOWN,2026-03-23 21:17:57,0
옥토,UNKNOWN,2026-03-23 21:17:57,0
댜뇨,UNKNOWN,2026-03-23 21:17:57,0
약카,UNKNOWN,2026-03-23 21:17:57,0
범효,UNKNOWN,2026-03-23 21:17:57,0
히토리,UNKNOWN,2026-03-23 21:17:57,0
요격,UNKNOWN,2026-03-23 21:17:57,0
평일야간삽련,UNKNOWN,2026-03-23 21:17:57,0
불쾌,UNKNOWN,2026-03-23 21:17:58,0
대위,UNKNOWN,2026-03-23 21:17:58,0
키내,UNKNOWN,2026-03-23 21:17:58,0
모모세카렌,UNKNOWN,2026-03-23 21:17:58,0
영고고영욱,UNKNOWN,2026-03-23 21:17:58,0
독학,UNKNOWN,2026-03-23 21:17:58,0
쟝원영,UNKNOWN,2026-03-23 21:17:58,0
나비꽃,UNKNOWN,2026-03-23 21:17:58,0
민쭈,UNKNOWN,2026-03-23 21:17:58,0
학자놈,UNKNOWN,2026-03-23 21:17:58,0
치우,UNKNOWN,2026-03-23 21:17:58,0
동동,UNKNOWN,2026-03-23 21:17:58,0
DAY6,UNKNOWN,2026-03-23 21:17:58,0
샤프한선물,UNKNOWN,2026-03-23 21:17:58,0
백구의상견례,UNKNOWN,2026-03-23 21:17:58,0
나로봉이,UNKNOWN,2026-03-23 21:17:58,0
레드핫나워,UNKNOWN,2026-03-23 21:17:58,0
가뜨,UNKNOWN,2026-03-23 21:17:58,0
페니,UNKNOWN,2026-03-23 21:17:58,0
변리,UNKNOWN,2026-03-23 21:17:58,0
단풍마을무희,UNKNOWN,2026-03-23 21:17:58,0
가쓰,UNKNOWN,2026-03-23 21:17:58,0
김충오,UNKNOWN,2026-03-23 21:17:58,0
남창,UNKNOWN,2026-03-23 21:17:58,0
론스마이어,UNKNOWN,2026-03-23 21:17:58,0
푸파,UNKNOWN,2026-03-23 21:17:58,0
웃지마,UNKNOWN,2026-03-23 21:17:58,0
인벤전문의,UNKNOWN,2026-03-23 21:17:58,0
nimo,UNKNOWN,2026-03-23 21:17:58,0
달빛가윤,UNKNOWN,2026-03-23 21:17:58,0
HILLSTATE,UNKNOWN,2026-03-23 21:17:58,0
깡꿍,UNKNOWN,2026-03-23 21:17:58,0
헤비임,UNKNOWN,2026-03-23 21:17:58,0
하락,UNKNOWN,2026-03-23 21:17:58,0
그개,UNKNOWN,2026-03-23 21:17:58,0
프릿,UNKNOWN,2026-03-23 21:17:58,0
선량한주찬이,UNKNOWN,2026-03-23 21:17:58,0
보채,UNKNOWN,2026-03-23 21:17:58,0
개미집구석,UNKNOWN,2026-03-23 21:17:58,0
디세,UNKNOWN,2026-03-23 21:17:58,0
잰송,UNKNOWN,2026-03-23 21:17:58,0
DeliaHF,UNKNOWN,2026-03-23 21:17:58,0
유니콘집사,UNKNOWN,2026-03-23 21:17:58,0
답답도사,UNKNOWN,2026-03-23 21:17:58,0
벵냐,UNKNOWN,2026-03-23 21:17:58,0
ProSuppot,UNKNOWN,2026-03-23 21:17:58,0
치드,UNKNOWN,2026-03-23 21:17:58,0
죤콘,UNKNOWN,2026-03-23 21:17:58,0
산미,UNKNOWN,2026-03-23 21:17:58,0
많음,UNKNOWN,2026-03-23 21:17:58,0
보컬,UNKNOWN,2026-03-23 21:17:58,0
스슥,UNKNOWN,2026-03-23 21:17:58,0
인절밍,UNKNOWN,2026-03-23 21:17:58,0
만츄,UNKNOWN,2026-03-23 21:17:58,0
습관성탑오픈,UNKNOWN,2026-03-23 21:17:58,0
몽군,UNKNOWN,2026-03-23 21:17:58,0
파황,UNKNOWN,2026-03-23 21:17:58,0
기병,UNKNOWN,2026-03-23 21:17:58,0
햄프,UNKNOWN,2026-03-23 21:17:58,0
댜다,UNKNOWN,2026-03-23 21:17:58,0
호출형,UNKNOWN,2026-03-23 21:17:58,0
국기,UNKNOWN,2026-03-23 21:17:58,0
푸슥,UNKNOWN,2026-03-23 21:17:58,0
니엥,UNKNOWN,2026-03-23 21:17:58,0
뾰마,UNKNOWN,2026-03-23 21:17:59,0
넘게,UNKNOWN,2026-03-23 21:17:59,0
내내,UNKNOWN,2026-03-23 21:17:59,0
흑창듄,UNKNOWN,2026-03-23 21:17:59,0
듀블김치,UNKNOWN,2026-03-23 21:17:59,0
째우,UNKNOWN,2026-03-23 21:17:59,0
성성진,UNKNOWN,2026-03-23 21:17:59,0
로거,UNKNOWN,2026-03-23 21:17:59,0
렝렝렌렌,UNKNOWN,2026-03-23 21:17:59,0
파파라치,UNKNOWN,2026-03-23 21:17:59,0
연플,UNKNOWN,2026-03-23 21:17:59,0
며혼,UNKNOWN,2026-03-23 21:17:59,0
닦어,UNKNOWN,2026-03-23 21:17:59,0
빛루미,UNKNOWN,2026-03-23 21:17:59,0
뷰좋,UNKNOWN,2026-03-23 21:17:59,0
엠비피,UNKNOWN,2026-03-23 21:17:59,0
명승,UNKNOWN,2026-03-23 21:17:59,0
주건슬,UNKNOWN,2026-03-23 21:17:59,0
레워,UNKNOWN,2026-03-23 21:17:59,0
리호빈,UNKNOWN,2026-03-23 21:17:59,0
전찬범,UNKNOWN,2026-03-23 21:17:59,0
불디아,UNKNOWN,2026-03-23 21:17:59,0
번역함,UNKNOWN,2026-03-23 21:17:59,0
변신조절장애,UNKNOWN,2026-03-23 21:17:59,0
병국,UNKNOWN,2026-03-23 21:17:59,0
랜턴,UNKNOWN,2026-03-23 21:17:59,0
뽀객,UNKNOWN,2026-03-23 21:17:59,0
흙편지,UNKNOWN,2026-03-23 21:17:59,0
투레,UNKNOWN,2026-03-23 21:17:59,0
롱자이,UNKNOWN,2026-03-23 21:17:59,0
꾼유,UNKNOWN,2026-03-23 21:17:59,0
옌아,UNKNOWN,2026-03-23 21:17:59,0
턴턴,UNKNOWN,2026-03-23 21:17:59,0
결연,UNKNOWN,2026-03-23 21:17:59,0
보막,UNKNOWN,2026-03-23 21:17:59,0
키톡,UNKNOWN,2026-03-23 21:17:59,0
잉구,UNKNOWN,2026-03-23 21:17:59,0
츄칼,UNKNOWN,2026-03-23 21:17:59,0
복라온,UNKNOWN,2026-03-23 21:17:59,0
댕칼리,UNKNOWN,2026-03-23 21:17:59,0
홍변,UNKNOWN,2026-03-23 21:17:59,0
일톤,UNKNOWN,2026-03-23 21:17:59,0
터뜨,UNKNOWN,2026-03-23 21:17:59,0
최악,UNKNOWN,2026-03-23 21:17:59,0
에리디브,UNKNOWN,2026-03-23 21:17:59,0
순뎅,UNKNOWN,2026-03-23 21:17:59,0
바이보라,UNKNOWN,2026-03-23 21:17:59,0
몽둥이여사님,UNKNOWN,2026-03-23 21:17:59,0
지금,UNKNOWN,2026-03-23 21:17:59,0
라땐,UNKNOWN,2026-03-23 21:17:59,0
부정경험,UNKNOWN,2026-03-23 21:17:59,0
천화린,UNKNOWN,2026-03-23 21:17:59,0
센들,UNKNOWN,2026-03-23 21:17:59,0
동대문스윗누,UNKNOWN,2026-03-23 21:17:59,0
줬음,UNKNOWN,2026-03-23 21:17:59,0
AliveL,UNKNOWN,2026-03-23 21:17:59,0
낑워,UNKNOWN,2026-03-23 21:17:59,0
숙화,UNKNOWN,2026-03-23 21:17:59,0
BIO카레라,UNKNOWN,2026-03-23 21:17:59,0
호리,UNKNOWN,2026-03-23 21:17:59,0
지멈,UNKNOWN,2026-03-23 21:18:00,0
루메,UNKNOWN,2026-03-23 21:18:00,0
검은인간,UNKNOWN,2026-03-23 21:18:00,0
뀔쟁,UNKNOWN,2026-03-23 21:18:00,0
일세현,UNKNOWN,2026-03-23 21:18:00,0
승리업,UNKNOWN,2026-03-23 21:18:00,0
기적의오더,UNKNOWN,2026-03-23 21:18:00,0
업착,UNKNOWN,2026-03-23 21:18:00,0
루쓰,UNKNOWN,2026-03-23 21:18:00,0
훙톰,UNKNOWN,2026-03-23 21:18:00,0
격랑,UNKNOWN,2026-03-23 21:18:00,0
박하스,UNKNOWN,2026-03-23 21:18:00,0
이지아,UNKNOWN,2026-03-23 21:18:00,0
쩔좀,UNKNOWN,2026-03-23 21:18:00,0
쪼당,UNKNOWN,2026-03-23 21:18:00,0
돈츠,UNKNOWN,2026-03-23 21:18:00,0
레서당,UNKNOWN,2026-03-23 21:18:00,0
접이,UNKNOWN,2026-03-23 21:18:00,0
치글러,UNKNOWN,2026-03-23 21:18:00,0
츠미,UNKNOWN,2026-03-23 21:18:00,0
휴가매화,UNKNOWN,2026-03-23 21:18:00,0
하버,UNKNOWN,2026-03-23 21:18:00,0
백말창,UNKNOWN,2026-03-23 21:18:00,0
고래잠,UNKNOWN,2026-03-23 21:18:00,0
학급붕괴,UNKNOWN,2026-03-23 21:18:00,0
Dana,UNKNOWN,2026-03-23 21:18:00,0
낭하,UNKNOWN,2026-03-23 21:18:00,0
악하죠,UNKNOWN,2026-03-23 21:18:00,0
김다솔,UNKNOWN,2026-03-23 21:18:00,0
따랑,UNKNOWN,2026-03-23 21:18:00,0
세디바,UNKNOWN,2026-03-23 21:18:00,0
쇼당,UNKNOWN,2026-03-23 21:18:00,0
여로,UNKNOWN,2026-03-23 21:18:00,0
사법개론,UNKNOWN,2026-03-23 21:18:00,0
오노,UNKNOWN,2026-03-23 21:18:00,0
Machine,UNKNOWN,2026-03-23 21:18:00,0
우핑,UNKNOWN,2026-03-23 21:18:00,0
전트로올,UNKNOWN,2026-03-23 21:18:00,0
첼럽,UNKNOWN,2026-03-23 21:18:00,0
시검,UNKNOWN,2026-03-23 21:18:00,0
캔디나워,UNKNOWN,2026-03-23 21:18:00,0
사용장,UNKNOWN,2026-03-23 21:18:00,0
레투다,UNKNOWN,2026-03-23 21:18:00,0
히사치,UNKNOWN,2026-03-23 21:18:00,0
재웅,UNKNOWN,2026-03-23 21:18:00,0
팅출,UNKNOWN,2026-03-23 21:18:00,0
띵설,UNKNOWN,2026-03-23 21:18:00,0
이리나어머니,UNKNOWN,2026-03-23 21:18:00,0
나이샹,UNKNOWN,2026-03-23 21:18:00,0
악힐,UNKNOWN,2026-03-23 21:18:00,0
군감자,UNKNOWN,2026-03-23 21:18:00,0
서구,UNKNOWN,2026-03-23 21:18:00,0
솜서애,UNKNOWN,2026-03-23 21:18:00,0
심탱,UNKNOWN,2026-03-23 21:18:00,0
옥치킨,UNKNOWN,2026-03-23 21:18:00,0
마개,UNKNOWN,2026-03-23 21:18:00,0
인연님이에요,UNKNOWN,2026-03-23 21:18:00,0
말르,UNKNOWN,2026-03-23 21:18:00,0
해줘,UNKNOWN,2026-03-23 21:18:00,0
협하일,UNKNOWN,2026-03-23 21:18:00,0
예영,UNKNOWN,2026-03-23 21:18:01,0
옌쓩,UNKNOWN,2026-03-23 21:18:01,0
바이뽀,UNKNOWN,2026-03-23 21:18:01,0
카랄블루,UNKNOWN,2026-03-23 21:18:01,0
다희,UNKNOWN,2026-03-23 21:18:01,0
안정땜,UNKNOWN,2026-03-23 21:18:01,0
데벤찡마기,UNKNOWN,2026-03-23 21:18:01,0
신애,UNKNOWN,2026-03-23 21:18:01,0
황섭,UNKNOWN,2026-03-23 21:18:01,0
잔느,UNKNOWN,2026-03-23 21:18:01,0
칼빵각,UNKNOWN,2026-03-23 21:18:01,0
뽕마왕,UNKNOWN,2026-03-23 21:18:01,0
킨낭,UNKNOWN,2026-03-23 21:18:01,0
둥둥라데,UNKNOWN,2026-03-23 21:18:01,0
혈언,UNKNOWN,2026-03-23 21:18:01,0
DEX알깔,UNKNOWN,2026-03-23 21:18:01,0
임금,UNKNOWN,2026-03-23 21:18:01,0
만쉐,UNKNOWN,2026-03-23 21:18:01,0
밈석,UNKNOWN,2026-03-23 21:18:01,0
시영,UNKNOWN,2026-03-23 21:18:01,0
jekki123,UNKNOWN,2026-03-23 21:18:01,0
딥발,UNKNOWN,2026-03-23 21:18:01,0
갯핸,UNKNOWN,2026-03-23 21:18:01,0
찐쎈,UNKNOWN,2026-03-23 21:18:01,0
이귀영,UNKNOWN,2026-03-23 21:18:01,0
지더킹,UNKNOWN,2026-03-23 21:18:01,0
흑소,UNKNOWN,2026-03-23 21:18:01,0
창원00,UNKNOWN,2026-03-23 21:18:01,0
아이밈,UNKNOWN,2026-03-23 21:18:01,0
늘인,UNKNOWN,2026-03-23 21:18:01,0
강릉시,UNKNOWN,2026-03-23 21:18:01,0
평신,UNKNOWN,2026-03-23 21:18:01,0
부분일식월식,UNKNOWN,2026-03-23 21:18:01,0
화가,UNKNOWN,2026-03-23 21:18:01,0
아랑곳,UNKNOWN,2026-03-23 21:18:01,0
차녕,UNKNOWN,2026-03-23 21:18:01,0
히망,UNKNOWN,2026-03-23 21:18:01,0
읔쌍,UNKNOWN,2026-03-23 21:18:01,0
유바달,UNKNOWN,2026-03-23 21:18:01,0
우웍,UNKNOWN,2026-03-23 21:18:01,0
뒤도,UNKNOWN,2026-03-23 21:18:01,0
socowa비숍,UNKNOWN,2026-03-23 21:18:01,0
김동빈,UNKNOWN,2026-03-23 21:18:01,0
탐지,UNKNOWN,2026-03-23 21:18:01,0
감보리,UNKNOWN,2026-03-23 21:18:01,0
릿소은,UNKNOWN,2026-03-23 21:18:01,0
설탕매지션,UNKNOWN,2026-03-23 21:18:01,0
염따,UNKNOWN,2026-03-23 21:18:01,0
투주,UNKNOWN,2026-03-23 21:18:01,0
자버요,UNKNOWN,2026-03-23 21:18:01,0
혜선,UNKNOWN,2026-03-23 21:18:01,0
호다,UNKNOWN,2026-03-23 21:18:01,0
비숍플룹,UNKNOWN,2026-03-23 21:18:02,0
꿈룡,UNKNOWN,2026-03-23 21:18:02,0
패떡,UNKNOWN,2026-03-23 21:18:02,0
멜론,UNKNOWN,2026-03-23 21:18:02,0
몽크,UNKNOWN,2026-03-23 21:18:02,0
겁븜,UNKNOWN,2026-03-23 21:18:02,0
러러랜드,UNKNOWN,2026-03-23 21:18:02,0
채혜,UNKNOWN,2026-03-23 21:18:02,0
이광딱,UNKNOWN,2026-03-23 21:18:02,0
델진,UNKNOWN,2026-03-23 21:18:02,0
삿갓리신,UNKNOWN,2026-03-23 21:18:02,0
김뼈삼,UNKNOWN,2026-03-23 21:18:02,0
로보옷,UNKNOWN,2026-03-23 21:18:02,0
검로,UNKNOWN,2026-03-23 21:18:02,0
미나쓰리,UNKNOWN,2026-03-23 21:18:02,0
Healer,UNKNOWN,2026-03-23 21:18:02,0
믹휴,UNKNOWN,2026-03-23 21:18:02,0
THOR,UNKNOWN,2026-03-23 21:18:02,0
승genih,UNKNOWN,2026-03-23 21:18:02,0
킹서안,UNKNOWN,2026-03-23 21:18:02,0
딜찍,UNKNOWN,2026-03-23 21:18:02,0
꼬마돌,UNKNOWN,2026-03-23 21:18:02,0
낭자,UNKNOWN,2026-03-23 21:18:02,0
윤하님,UNKNOWN,2026-03-23 21:18:02,0
저있지,UNKNOWN,2026-03-23 21:18:02,0
현상금,UNKNOWN,2026-03-23 21:18:02,0
쿠쿠,UNKNOWN,2026-03-23 21:18:02,0
골리니,UNKNOWN,2026-03-23 21:18:02,0
우림,UNKNOWN,2026-03-23 21:18:02,0
흑짱,UNKNOWN,2026-03-23 21:18:02,0
지진,UNKNOWN,2026-03-23 21:18:02,0
안궁,UNKNOWN,2026-03-23 21:18:02,0
오디오,UNKNOWN,2026-03-23 21:18:02,0
킹마제검성,UNKNOWN,2026-03-23 21:18:02,0
탱잉,UNKNOWN,2026-03-23 21:18:02,0
warr,UNKNOWN,2026-03-23 21:18:02,0
식품,UNKNOWN,2026-03-23 21:18:02,0
샷토,UNKNOWN,2026-03-23 21:18:02,0
밥먹을준비해,UNKNOWN,2026-03-23 21:18:02,0
춥춥,UNKNOWN,2026-03-23 21:18:02,0
PreciousZeRo,UNKNOWN,2026-03-23 21:18:02,0
쪼플,UNKNOWN,2026-03-23 21:18:02,0
Lr은,UNKNOWN,2026-03-23 21:18:02,0
초라,UNKNOWN,2026-03-23 21:18:02,0
다마,UNKNOWN,2026-03-23 21:18:02,0
양주유저,UNKNOWN,2026-03-23 21:18:02,0
도벽,UNKNOWN,2026-03-23 21:18:02,0
겨울의별,UNKNOWN,2026-03-23 21:18:02,0
워뙈,UNKNOWN,2026-03-23 21:18:02,0
딘뽀,UNKNOWN,2026-03-23 21:18:02,0
훈수군,UNKNOWN,2026-03-23 21:18:02,0
Setsura,UNKNOWN,2026-03-23 21:18:02,0
승하플,UNKNOWN,2026-03-23 21:18:02,0
염전섬노예,UNKNOWN,2026-03-23 21:18:02,0
중등하생입니,UNKNOWN,2026-03-23 21:18:02,0
쐬탄,UNKNOWN,2026-03-23 21:18:02,0
초관,UNKNOWN,2026-03-23 21:18:02,0
넌플러밍,UNKNOWN,2026-03-23 21:18:02,0
띵뀨,UNKNOWN,2026-03-23 21:18:02,0
러뎀,UNKNOWN,2026-03-23 21:18:02,0
귀족,UNKNOWN,2026-03-23 21:18:02,0
법서,UNKNOWN,2026-03-23 21:18:02,0
emmet7141,UNKNOWN,2026-03-23 21:18:02,0
뮤리루,UNKNOWN,2026-03-23 21:18:03,0
자장,UNKNOWN,2026-03-23 21:18:03,0
마크나워,UNKNOWN,2026-03-23 21:18:03,0
공쁜이,UNKNOWN,2026-03-23 21:18:03,0
하욧,UNKNOWN,2026-03-23 21:18:03,0
미헤,UNKNOWN,2026-03-23 21:18:03,0
뀨챘,UNKNOWN,2026-03-23 21:18:03,0
이머,UNKNOWN,2026-03-23 21:18:03,0
루오호시,UNKNOWN,2026-03-23 21:18:03,0
뚜응,UNKNOWN,2026-03-23 21:18:03,0
동안프리,UNKNOWN,2026-03-23 21:18:03,0
왕뿡,UNKNOWN,2026-03-23 21:18:03,0
전조증상,UNKNOWN,2026-03-23 21:18:03,0
써프,UNKNOWN,2026-03-23 21:18:03,0
박시균,UNKNOWN,2026-03-23 21:18:03,0
효눈,UNKNOWN,2026-03-23 21:18:03,0
펫줍,UNKNOWN,2026-03-23 21:18:03,0
대졸,UNKNOWN,2026-03-23 21:18:03,0
라이벌,UNKNOWN,2026-03-23 21:18:03,0
맹구,UNKNOWN,2026-03-23 21:18:03,0
센넘,UNKNOWN,2026-03-23 21:18:03,0
뽀짝섀도어,UNKNOWN,2026-03-23 21:18:03,0
바쨩,UNKNOWN,2026-03-23 21:18:03,0
하덴젤비숍,UNKNOWN,2026-03-23 21:18:03,0
룰링이,UNKNOWN,2026-03-23 21:18:03,0
규슥,UNKNOWN,2026-03-23 21:18:03,0
인성메르시,UNKNOWN,2026-03-23 21:18:03,0
망셔,UNKNOWN,2026-03-23 21:18:03,0
왱서,UNKNOWN,2026-03-23 21:18:03,0
탐사,UNKNOWN,2026-03-23 21:18:03,0
깨물기,UNKNOWN,2026-03-23 21:18:03,0
Eight,UNKNOWN,2026-03-23 21:18:03,0
럭캐,UNKNOWN,2026-03-23 21:18:03,0
설윤,UNKNOWN,2026-03-23 21:18:03,0
이월회상,UNKNOWN,2026-03-23 21:18:03,0
나루늬,UNKNOWN,2026-03-23 21:18:03,0
몽둥기,UNKNOWN,2026-03-23 21:18:03,0
꾸녕달,UNKNOWN,2026-03-23 21:18:03,0
야찌이,UNKNOWN,2026-03-23 21:18:03,0
송종,UNKNOWN,2026-03-23 21:18:03,0
너드,UNKNOWN,2026-03-23 21:18:03,0
한마린,UNKNOWN,2026-03-23 21:18:03,0
순태,UNKNOWN,2026-03-23 21:18:03,0
여가,UNKNOWN,2026-03-23 21:18:03,0
와유,UNKNOWN,2026-03-23 21:18:03,0
힛탠,UNKNOWN,2026-03-23 21:18:03,0
라인개편,UNKNOWN,2026-03-23 21:18:03,0
입주,UNKNOWN,2026-03-23 21:18:03,0
표팡,UNKNOWN,2026-03-23 21:18:03,0
싯포히메,UNKNOWN,2026-03-23 21:18:03,0
술화,UNKNOWN,2026-03-23 21:18:03,0
케차,UNKNOWN,2026-03-23 21:18:03,0
모건,UNKNOWN,2026-03-23 21:18:03,0
같군,UNKNOWN,2026-03-23 21:18:03,0
로쥼,UNKNOWN,2026-03-23 21:18:03,0
이국한,UNKNOWN,2026-03-23 21:18:03,0
코팡,UNKNOWN,2026-03-23 21:18:03,0
종기루,UNKNOWN,2026-03-23 21:18:03,0
대구광역시,UNKNOWN,2026-03-23 21:18:03,0
씨엘,UNKNOWN,2026-03-23 21:18:03,0
콩고물,UNKNOWN,2026-03-23 21:18:03,0
구드,UNKNOWN,2026-03-23 21:18:03,0
잊다,UNKNOWN,2026-03-23 21:18:03,0
라또,UNKNOWN,2026-03-23 21:18:04,0
칠러,UNKNOWN,2026-03-23 21:18:04,0
전찬민,UNKNOWN,2026-03-23 21:18:04,0
태린,UNKNOWN,2026-03-23 21:18:04,0
오꿀돌,UNKNOWN,2026-03-23 21:18:04,0
아치포,UNKNOWN,2026-03-23 21:18:04,0
또미,UNKNOWN,2026-03-23 21:18:04,0
우오미,UNKNOWN,2026-03-23 21:18:04,0
엽끼,UNKNOWN,2026-03-23 21:18:04,0
피쳐,UNKNOWN,2026-03-23 21:18:04,0
아둬,UNKNOWN,2026-03-23 21:18:04,0
박쪼쿵,UNKNOWN,2026-03-23 21:18:04,0
크리민스s,UNKNOWN,2026-03-23 21:18:04,0
연구실,UNKNOWN,2026-03-23 21:18:04,0
Citizen,UNKNOWN,2026-03-23 21:18:04,0
앗스틸이다,UNKNOWN,2026-03-23 21:18:04,0
얌슈,UNKNOWN,2026-03-23 21:18:04,0
Lacheln,UNKNOWN,2026-03-23 21:18:04,0
오산,UNKNOWN,2026-03-23 21:18:04,0
가초,UNKNOWN,2026-03-23 21:18:04,0
승효,UNKNOWN,2026-03-23 21:18:04,0
제갈이나로,UNKNOWN,2026-03-23 21:18:04,0
포능,UNKNOWN,2026-03-23 21:18:04,0
낙렴,UNKNOWN,2026-03-23 21:18:04,0
더치,UNKNOWN,2026-03-23 21:18:04,0
나이뚜,UNKNOWN,2026-03-23 21:18:04,0
라파엘의성배,UNKNOWN,2026-03-23 21:18:04,0
재상,UNKNOWN,2026-03-23 21:18:04,0
zl존대현z,UNKNOWN,2026-03-23 21:18:04,0
암살자동무,UNKNOWN,2026-03-23 21:18:04,0
황홀,UNKNOWN,2026-03-23 21:18:04,0
찰까,UNKNOWN,2026-03-23 21:18:04,0
노현종,UNKNOWN,2026-03-23 21:18:04,0
뷸토,UNKNOWN,2026-03-23 21:18:04,0
박효민,UNKNOWN,2026-03-23 21:18:04,0
촁얘,UNKNOWN,2026-03-23 21:18:04,0
도띨,UNKNOWN,2026-03-23 21:18:04,0
향나무,UNKNOWN,2026-03-23 21:18:04,0
이영지,UNKNOWN,2026-03-23 21:18:04,0
루미님,UNKNOWN,2026-03-23 21:18:04,0
학망,UNKNOWN,2026-03-23 21:18:04,0
연유진,UNKNOWN,2026-03-23 21:18:04,0
시미터,UNKNOWN,2026-03-23 21:18:04,0
almond마스터,UNKNOWN,2026-03-23 21:18:04,0
완치,UNKNOWN,2026-03-23 21:18:04,0
덩구,UNKNOWN,2026-03-23 21:18:04,0
체빈,UNKNOWN,2026-03-23 21:18:04,0
양후,UNKNOWN,2026-03-23 21:18:04,0
친츄,UNKNOWN,2026-03-23 21:18:04,0
달콤별,UNKNOWN,2026-03-23 21:18:04,0
내조자,UNKNOWN,2026-03-23 21:18:04,0
키랏,UNKNOWN,2026-03-23 21:18:04,0
밥숑,UNKNOWN,2026-03-23 21:18:04,0
잼민이,UNKNOWN,2026-03-23 21:18:04,0
단죵,UNKNOWN,2026-03-23 21:18:04,0
리쟌,UNKNOWN,2026-03-23 21:18:04,0
클린,UNKNOWN,2026-03-23 21:18:04,0
아델하드코어,UNKNOWN,2026-03-23 21:18:04,0
미캡,UNKNOWN,2026-03-23 21:18:05,0
난초랑,UNKNOWN,2026-03-23 21:18:05,0
달송,UNKNOWN,2026-03-23 21:18:05,0
렛뚜아님,UNKNOWN,2026-03-23 21:18:05,0
안녕한번해줘,UNKNOWN,2026-03-23 21:18:05,0
티카,UNKNOWN,2026-03-23 21:18:05,0
문떽,UNKNOWN,2026-03-23 21:18:05,0
억큐,UNKNOWN,2026-03-23 21:18:05,0
물새는컵,UNKNOWN,2026-03-23 21:18:05,0
깅이,UNKNOWN,2026-03-23 21:18:05,0
령수,UNKNOWN,2026-03-23 21:18:05,0
곤죠,UNKNOWN,2026-03-23 21:18:05,0
헛짜헛,UNKNOWN,2026-03-23 21:18:05,0
배재,UNKNOWN,2026-03-23 21:18:05,0
개마,UNKNOWN,2026-03-23 21:18:05,0
방과후옥상,UNKNOWN,2026-03-23 21:18:05,0
평가,UNKNOWN,2026-03-23 21:18:05,0
서녕찡찡,UNKNOWN,2026-03-23 21:18:05,0
불꼼,UNKNOWN,2026-03-23 21:18:05,0
히애,UNKNOWN,2026-03-23 21:18:05,0
뻠추,UNKNOWN,2026-03-23 21:18:05,0
아들래미,UNKNOWN,2026-03-23 21:18:05,0
쪼랏슈,UNKNOWN,2026-03-23 21:18:05,0
촐칸,UNKNOWN,2026-03-23 21:18:05,0
몰랐던분,UNKNOWN,2026-03-23 21:18:05,0
엉빈콩,UNKNOWN,2026-03-23 21:18:05,0
테룽이,UNKNOWN,2026-03-23 21:18:05,0
내가술마시면,UNKNOWN,2026-03-23 21:18:05,0
삘삘,UNKNOWN,2026-03-23 21:18:05,0
산꿀,UNKNOWN,2026-03-23 21:18:05,0
섹시거유,UNKNOWN,2026-03-23 21:18:05,0
추첨,UNKNOWN,2026-03-23 21:18:05,0
칠산,UNKNOWN,2026-03-23 21:18:05,0
모찌레아,UNKNOWN,2026-03-23 21:18:05,0
맘먹,UNKNOWN,2026-03-23 21:18:05,0
쟤드,UNKNOWN,2026-03-23 21:18:05,0
홍숍,UNKNOWN,2026-03-23 21:18:05,0
쭈뺘,UNKNOWN,2026-03-23 21:18:05,0
약국,UNKNOWN,2026-03-23 21:18:05,0
이즈,UNKNOWN,2026-03-23 21:18:05,0
페이스북,UNKNOWN,2026-03-23 21:18:05,0
헤머,UNKNOWN,2026-03-23 21:18:05,0
흡잎,UNKNOWN,2026-03-23 21:18:05,0
Icasian,UNKNOWN,2026-03-23 21:18:05,0
말린문어,UNKNOWN,2026-03-23 21:18:05,0
징트,UNKNOWN,2026-03-23 21:18:05,0
MZ장석현,UNKNOWN,2026-03-23 21:18:05,0
논렉스,UNKNOWN,2026-03-23 21:18:05,0
김율매,UNKNOWN,2026-03-23 21:18:05,0
꼰머돌,UNKNOWN,2026-03-23 21:18:05,0
퍽냥,UNKNOWN,2026-03-23 21:18:05,0
justgo,UNKNOWN,2026-03-23 21:18:05,0
랏히로,UNKNOWN,2026-03-23 21:18:05,0
엔젤링,UNKNOWN,2026-03-23 21:18:05,0
퀵률,UNKNOWN,2026-03-23 21:18:05,0
쓰틱,UNKNOWN,2026-03-23 21:18:05,0
레니쨔,UNKNOWN,2026-03-23 21:18:05,0
최은별,UNKNOWN,2026-03-23 21:18:05,0
첫곡,UNKNOWN,2026-03-23 21:18:05,0
쵸탄,UNKNOWN,2026-03-23 21:18:06,0
붓싼,UNKNOWN,2026-03-23 21:18:06,0
찢기,UNKNOWN,2026-03-23 21:18:06,0
몽은이,UNKNOWN,2026-03-23 21:18:06,0
성능,UNKNOWN,2026-03-23 21:18:06,0
재영이,UNKNOWN,2026-03-23 21:18:06,0
DTYED,UNKNOWN,2026-03-23 21:18:06,0
져봐,UNKNOWN,2026-03-23 21:18:06,0
주인공,UNKNOWN,2026-03-23 21:18:06,0
머니,UNKNOWN,2026-03-23 21:18:06,0
마르디아,UNKNOWN,2026-03-23 21:18:06,0
수조,UNKNOWN,2026-03-23 21:18:06,0
두집,UNKNOWN,2026-03-23 21:18:06,0
으노,UNKNOWN,2026-03-23 21:18:06,0
호츠,UNKNOWN,2026-03-23 21:18:06,0
영혼,UNKNOWN,2026-03-23 21:18:06,0
록시,UNKNOWN,2026-03-23 21:18:06,0
떠조,UNKNOWN,2026-03-23 21:18:06,0
봄뜰,UNKNOWN,2026-03-23 21:18:06,0
키리덕,UNKNOWN,2026-03-23 21:18:06,0
우화,UNKNOWN,2026-03-23 21:18:06,0
섬섬,UNKNOWN,2026-03-23 21:18:06,0
평형,UNKNOWN,2026-03-23 21:18:06,0
포체,UNKNOWN,2026-03-23 21:18:06,0
황릉,UNKNOWN,2026-03-23 21:18:06,0
뇨맹,UNKNOWN,2026-03-23 21:18:06,0
느낌이형,UNKNOWN,2026-03-23 21:18:06,0
일자,UNKNOWN,2026-03-23 21:18:06,0
제논니삭스,UNKNOWN,2026-03-23 21:18:06,0
퀸터,UNKNOWN,2026-03-23 21:18:06,0
카인님,UNKNOWN,2026-03-23 21:18:06,0
인터널메디슨,UNKNOWN,2026-03-23 21:18:06,0
입뽀,UNKNOWN,2026-03-23 21:18:06,0
이치저치,UNKNOWN,2026-03-23 21:18:06,0
쏘련,UNKNOWN,2026-03-23 21:18:06,0
HANl,UNKNOWN,2026-03-23 21:18:06,0
뚝딱렌,UNKNOWN,2026-03-23 21:18:06,0
포노,UNKNOWN,2026-03-23 21:18:06,0
SonSE,UNKNOWN,2026-03-23 21:18:06,0
센쓰,UNKNOWN,2026-03-23 21:18:06,0
팜이,UNKNOWN,2026-03-23 21:18:06,0
묘수,UNKNOWN,2026-03-23 21:18:06,0
머빼,UNKNOWN,2026-03-23 21:18:06,0
구바,UNKNOWN,2026-03-23 21:18:06,0
봄라,UNKNOWN,2026-03-23 21:18:06,0
봄솔,UNKNOWN,2026-03-23 21:18:06,0
칼앱,UNKNOWN,2026-03-23 21:18:06,0
이어징,UNKNOWN,2026-03-23 21:18:06,0
양구,UNKNOWN,2026-03-23 21:18:06,0
차청두,UNKNOWN,2026-03-23 21:18:06,0
안충호,UNKNOWN,2026-03-23 21:18:06,0
쪼렙렌,UNKNOWN,2026-03-23 21:18:06,0
꿀욱,UNKNOWN,2026-03-23 21:18:06,0
개딱지김밥,UNKNOWN,2026-03-23 21:18:06,0
궁희,UNKNOWN,2026-03-23 21:18:06,0
종익,UNKNOWN,2026-03-23 21:18:06,0
한가지확실함,UNKNOWN,2026-03-23 21:18:06,0
소파위메시,UNKNOWN,2026-03-23 21:18:06,0
썬태,UNKNOWN,2026-03-23 21:18:06,0
너따운,UNKNOWN,2026-03-23 21:18:06,0
댕댕시노,UNKNOWN,2026-03-23 21:18:07,0
소마랑,UNKNOWN,2026-03-23 21:18:07,0
세젤예나은띠,UNKNOWN,2026-03-23 21:18:07,0
신창섭,UNKNOWN,2026-03-23 21:18:07,0
박규영,UNKNOWN,2026-03-23 21:18:07,0
소마입니다,UNKNOWN,2026-03-23 21:18:07,0
긔뚫나워,UNKNOWN,2026-03-23 21:18:07,0
힛댜힛댜,UNKNOWN,2026-03-23 21:18:07,0
정령통조림,UNKNOWN,2026-03-23 21:18:07,0
드나우리,UNKNOWN,2026-03-23 21:18:07,0
남다빈,UNKNOWN,2026-03-23 21:18:07,0
롱코트,UNKNOWN,2026-03-23 21:18:07,0
나린,UNKNOWN,2026-03-23 21:18:07,0
정벌써,UNKNOWN,2026-03-23 21:18:07,0
슈읕,UNKNOWN,2026-03-23 21:18:07,0
버퍼링,UNKNOWN,2026-03-23 21:18:07,0
블릭시,UNKNOWN,2026-03-23 21:18:07,0
표땜,UNKNOWN,2026-03-23 21:18:07,0
악플,UNKNOWN,2026-03-23 21:18:07,0
목편지,UNKNOWN,2026-03-23 21:18:07,0
나맹,UNKNOWN,2026-03-23 21:18:07,0
또도가스,UNKNOWN,2026-03-23 21:18:07,0
숙면,UNKNOWN,2026-03-23 21:18:07,0
탱구르좌,UNKNOWN,2026-03-23 21:18:07,0
빡재현,UNKNOWN,2026-03-23 21:18:07,0
초콜릿처럼,UNKNOWN,2026-03-23 21:18:07,0
베스트,UNKNOWN,2026-03-23 21:18:07,0
데슬사냥상향,UNKNOWN,2026-03-23 21:18:07,0
섀미,UNKNOWN,2026-03-23 21:18:07,0
당황,UNKNOWN,2026-03-23 21:18:07,0
단양리,UNKNOWN,2026-03-23 21:18:07,0
빨간곰,UNKNOWN,2026-03-23 21:18:07,0
됴라,UNKNOWN,2026-03-23 21:18:07,0
피l포,UNKNOWN,2026-03-23 21:18:07,0
땅효비,UNKNOWN,2026-03-23 21:18:07,0
퍼즐,UNKNOWN,2026-03-23 21:18:07,0
똥멋,UNKNOWN,2026-03-23 21:18:07,0
셔우,UNKNOWN,2026-03-23 21:18:07,0
야놘,UNKNOWN,2026-03-23 21:18:07,0
땡글선장,UNKNOWN,2026-03-23 21:18:07,0
김동희,UNKNOWN,2026-03-23 21:18:07,0
뜬구름,UNKNOWN,2026-03-23 21:18:07,0
팜피,UNKNOWN,2026-03-23 21:18:07,0
혜황,UNKNOWN,2026-03-23 21:18:07,0
불꽃양궁쇼,UNKNOWN,2026-03-23 21:18:07,0
밤한,UNKNOWN,2026-03-23 21:18:07,0
디뎌,UNKNOWN,2026-03-23 21:18:07,0
CuisineDeYun,UNKNOWN,2026-03-23 21:18:07,0
쿠크해,UNKNOWN,2026-03-23 21:18:07,0
힙팬,UNKNOWN,2026-03-23 21:18:07,0
노가다,UNKNOWN,2026-03-23 21:18:07,0
셀리안카인,UNKNOWN,2026-03-23 21:18:07,0
제잉,UNKNOWN,2026-03-23 21:18:07,0
짐덕철,UNKNOWN,2026-03-23 21:18:07,0
샤뱅,UNKNOWN,2026-03-23 21:18:07,0
귤섭,UNKNOWN,2026-03-23 21:18:07,0
내무실,UNKNOWN,2026-03-23 21:18:07,0
언메모라이즈,UNKNOWN,2026-03-23 21:18:07,0
대푼,UNKNOWN,2026-03-23 21:18:07,0
필리핀안성일,UNKNOWN,2026-03-23 21:18:07,0
좋음,UNKNOWN,2026-03-23 21:18:07,0
바민,UNKNOWN,2026-03-23 21:18:07,0
씨그너스,UNKNOWN,2026-03-23 21:18:07,0
댕댕삼겹,UNKNOWN,2026-03-23 21:18:07,0
볼베,UNKNOWN,2026-03-23 21:18:08,0
고봉포,UNKNOWN,2026-03-23 21:18:08,0
럭피스,UNKNOWN,2026-03-23 21:18:08,0
회교,UNKNOWN,2026-03-23 21:18:08,0
썬꿀멍,UNKNOWN,2026-03-23 21:18:08,0
와인잔,UNKNOWN,2026-03-23 21:18:08,0
버러지,UNKNOWN,2026-03-23 21:18:08,0
교자노오쇼,UNKNOWN,2026-03-23 21:18:08,0
SteIla,UNKNOWN,2026-03-23 21:18:08,0
박탈감,UNKNOWN,2026-03-23 21:18:08,0
쏭이,UNKNOWN,2026-03-23 21:18:08,0
찬린,UNKNOWN,2026-03-23 21:18:08,0
신예은,UNKNOWN,2026-03-23 21:18:08,0
강유미,UNKNOWN,2026-03-23 21:18:08,0
탱크,UNKNOWN,2026-03-23 21:18:08,0
날아라차니띠,UNKNOWN,2026-03-23 21:18:08,0
똑설,UNKNOWN,2026-03-23 21:18:08,0
독망,UNKNOWN,2026-03-23 21:18:08,0
리퐁,UNKNOWN,2026-03-23 21:18:08,0
명복,UNKNOWN,2026-03-23 21:18:08,0
골목대장,UNKNOWN,2026-03-23 21:18:08,0
Country,UNKNOWN,2026-03-23 21:18:08,0
썬밤,UNKNOWN,2026-03-23 21:18:08,0
초잉,UNKNOWN,2026-03-23 21:18:08,0
엘랑,UNKNOWN,2026-03-23 21:18:08,0
오설아씨,UNKNOWN,2026-03-23 21:18:08,0
댕우다,UNKNOWN,2026-03-23 21:18:08,0
LffreyS,UNKNOWN,2026-03-23 21:18:08,0
세속,UNKNOWN,2026-03-23 21:18:08,0
방울의주인,UNKNOWN,2026-03-23 21:18:08,0
메론맛,UNKNOWN,2026-03-23 21:18:08,0
중기,UNKNOWN,2026-03-23 21:18:08,0
의대생,UNKNOWN,2026-03-23 21:18:08,0
떵모,UNKNOWN,2026-03-23 21:18:08,0
인도,UNKNOWN,2026-03-23 21:18:08,0
허닝,UNKNOWN,2026-03-23 21:18:08,0
초코팅,UNKNOWN,2026-03-23 21:18:08,0
한도,UNKNOWN,2026-03-23 21:18:08,0
언능,UNKNOWN,2026-03-23 21:18:08,0
버흑,UNKNOWN,2026-03-23 21:18:08,0
메카스러움,UNKNOWN,2026-03-23 21:18:08,0
이백철,UNKNOWN,2026-03-23 21:18:08,0
경광등,UNKNOWN,2026-03-23 21:18:08,0
악마데몬,UNKNOWN,2026-03-23 21:18:08,0
은근쌤,UNKNOWN,2026-03-23 21:18:08,0
spcc,UNKNOWN,2026-03-23 21:18:08,0
히엉,UNKNOWN,2026-03-23 21:18:08,0
조경학과,UNKNOWN,2026-03-23 21:18:08,0
억울,UNKNOWN,2026-03-23 21:18:08,0
일도리치,UNKNOWN,2026-03-23 21:18:08,0
발드,UNKNOWN,2026-03-23 21:18:08,0
김재담,UNKNOWN,2026-03-23 21:18:08,0
점프묵묵,UNKNOWN,2026-03-23 21:18:08,0
가난한기아,UNKNOWN,2026-03-23 21:18:08,0
메론ad,UNKNOWN,2026-03-23 21:18:08,0
무퍼,UNKNOWN,2026-03-23 21:18:08,0
마이리,UNKNOWN,2026-03-23 21:18:08,0
똥덩어리,UNKNOWN,2026-03-23 21:18:08,0
앙곡,UNKNOWN,2026-03-23 21:18:08,0
몬닭,UNKNOWN,2026-03-23 21:18:08,0
섀뽀,UNKNOWN,2026-03-23 21:18:08,0
쭈혜나,UNKNOWN,2026-03-23 21:18:08,0
쿠마,UNKNOWN,2026-03-23 21:18:08,0
쾌락,UNKNOWN,2026-03-23 21:18:08,0
팡부밥,UNKNOWN,2026-03-23 21:18:08,0
역방향추론,UNKNOWN,2026-03-23 21:18:08,0
라스트쇼다운,UNKNOWN,2026-03-23 21:18:09,0
슈유빙,UNKNOWN,2026-03-23 21:18:09,0
잠방,UNKNOWN,2026-03-23 21:18:09,0
파랑별,UNKNOWN,2026-03-23 21:18:09,0
아슈김밥,UNKNOWN,2026-03-23 21:18:09,0
마룡님,UNKNOWN,2026-03-23 21:18:09,0
현준,UNKNOWN,2026-03-23 21:18:09,0
겜었,UNKNOWN,2026-03-23 21:18:09,0
배팀,UNKNOWN,2026-03-23 21:18:09,0
Adios,UNKNOWN,2026-03-23 21:18:09,0
모듬,UNKNOWN,2026-03-23 21:18:09,0
흑안석,UNKNOWN,2026-03-23 21:18:09,0
시장,UNKNOWN,2026-03-23 21:18:09,0
은사,UNKNOWN,2026-03-23 21:18:09,0
땅글,UNKNOWN,2026-03-23 21:18:09,0
후눠,UNKNOWN,2026-03-23 21:18:09,0
여의,UNKNOWN,2026-03-23 21:18:09,0
댕먕멍,UNKNOWN,2026-03-23 21:18:09,0
끝냄,UNKNOWN,2026-03-23 21:18:09,0
주접,UNKNOWN,2026-03-23 21:18:09,0
송영한,UNKNOWN,2026-03-23 21:18:09,0
우드뤼,UNKNOWN,2026-03-23 21:18:09,0
오신,UNKNOWN,2026-03-23 21:18:09,0
존잘Jins,UNKNOWN,2026-03-23 21:18:09,0
별뎀,UNKNOWN,2026-03-23 21:18:09,0
금월,UNKNOWN,2026-03-23 21:18:09,0
비그,UNKNOWN,2026-03-23 21:18:09,0
BLACKPlNK,UNKNOWN,2026-03-23 21:18:09,0
풍천로,UNKNOWN,2026-03-23 21:18:09,0
빠끄찐후,UNKNOWN,2026-03-23 21:18:09,0
헌이밍,UNKNOWN,2026-03-23 21:18:09,0
포스텍꼴통,UNKNOWN,2026-03-23 21:18:09,0
줌줌멍,UNKNOWN,2026-03-23 21:18:09,0
검륜,UNKNOWN,2026-03-23 21:18:09,0
루티살려줘,UNKNOWN,2026-03-23 21:18:09,0
무츠원명류,UNKNOWN,2026-03-23 21:18:09,0
피노밍,UNKNOWN,2026-03-23 21:18:09,0
뮤떼,UNKNOWN,2026-03-23 21:18:09,0
고기우동,UNKNOWN,2026-03-23 21:18:09,0
난초롱,UNKNOWN,2026-03-23 21:18:09,0
떠누,UNKNOWN,2026-03-23 21:18:09,0
윤화,UNKNOWN,2026-03-23 21:18:09,0
joodi,UNKNOWN,2026-03-23 21:18:09,0
현실은시궁창,UNKNOWN,2026-03-23 21:18:09,0
멋남,UNKNOWN,2026-03-23 21:18:09,0
곽두근,UNKNOWN,2026-03-23 21:18:09,0
나붕,UNKNOWN,2026-03-23 21:18:09,0
이더눈,UNKNOWN,2026-03-23 21:18:09,0
촛퍼,UNKNOWN,2026-03-23 21:18:09,0
수길,UNKNOWN,2026-03-23 21:18:09,0
배틀페이저,UNKNOWN,2026-03-23 21:18:09,0
레벨,UNKNOWN,2026-03-23 21:18:09,0
널갖고싶다,UNKNOWN,2026-03-23 21:18:09,0
꽃민트,UNKNOWN,2026-03-23 21:18:09,0
다히나,UNKNOWN,2026-03-23 21:18:09,0
간언,UNKNOWN,2026-03-23 21:18:09,0
화적,UNKNOWN,2026-03-23 21:18:09,0
달벌,UNKNOWN,2026-03-23 21:18:09,0
디뉴,UNKNOWN,2026-03-23 21:18:09,0
기동간,UNKNOWN,2026-03-23 21:18:09,0
옴니포,UNKNOWN,2026-03-23 21:18:09,0
반정,UNKNOWN,2026-03-23 21:18:09,0
쌩눈,UNKNOWN,2026-03-23 21:18:09,0
졌어,UNKNOWN,2026-03-23 21:18:10,0
짬통,UNKNOWN,2026-03-23 21:18:10,0
꿈전,UNKNOWN,2026-03-23 21:18:10,0
괴물룡,UNKNOWN,2026-03-23 21:18:10,0
박청안,UNKNOWN,2026-03-23 21:18:10,0
펭수,UNKNOWN,2026-03-23 21:18:10,0
칠흑줍는아델,UNKNOWN,2026-03-23 21:18:10,0
흘련,UNKNOWN,2026-03-23 21:18:10,0
김정윤,UNKNOWN,2026-03-23 21:18:10,0
하하하웃긴다,UNKNOWN,2026-03-23 21:18:10,0
라큔,UNKNOWN,2026-03-23 21:18:10,0
말캉콩떡,UNKNOWN,2026-03-23 21:18:10,0
보규,UNKNOWN,2026-03-23 21:18:10,0
자이륜,UNKNOWN,2026-03-23 21:18:10,0
하드카운팅,UNKNOWN,2026-03-23 21:18:10,0
김앰비,UNKNOWN,2026-03-23 21:18:10,0
개명,UNKNOWN,2026-03-23 21:18:10,0
의보호,UNKNOWN,2026-03-23 21:18:10,0
렌두삼,UNKNOWN,2026-03-23 21:18:10,0
향애,UNKNOWN,2026-03-23 21:18:10,0
댕구귀요미,UNKNOWN,2026-03-23 21:18:10,0
김현호,UNKNOWN,2026-03-23 21:18:10,0
진간장,UNKNOWN,2026-03-23 21:18:10,0
소랴카,UNKNOWN,2026-03-23 21:18:10,0
폴카,UNKNOWN,2026-03-23 21:18:10,0
당랑이,UNKNOWN,2026-03-23 21:18:10,0
프루우드,UNKNOWN,2026-03-23 21:18:10,0
심친,UNKNOWN,2026-03-23 21:18:10,0
여무아,UNKNOWN,2026-03-23 21:18:10,0
밈냄,UNKNOWN,2026-03-23 21:18:10,0
막츔,UNKNOWN,2026-03-23 21:18:10,0
클전,UNKNOWN,2026-03-23 21:18:10,0
꼴리면자전,UNKNOWN,2026-03-23 21:18:10,0
크산테,UNKNOWN,2026-03-23 21:18:10,0
지격,UNKNOWN,2026-03-23 21:18:10,0
푸광,UNKNOWN,2026-03-23 21:18:10,0
벌쳐,UNKNOWN,2026-03-23 21:18:10,0
때코,UNKNOWN,2026-03-23 21:18:10,0
저항자,UNKNOWN,2026-03-23 21:18:10,0
PlayR2,UNKNOWN,2026-03-23 21:18:10,0
매시,UNKNOWN,2026-03-23 21:18:10,0
병겁,UNKNOWN,2026-03-23 21:18:10,0
옥구슬,UNKNOWN,2026-03-23 21:18:10,0
버뜨어,UNKNOWN,2026-03-23 21:18:10,0
기양선,UNKNOWN,2026-03-23 21:18:10,0
요짖,UNKNOWN,2026-03-23 21:18:10,0
여기자,UNKNOWN,2026-03-23 21:18:10,0
용하리,UNKNOWN,2026-03-23 21:18:10,0
니테로,UNKNOWN,2026-03-23 21:18:10,0
형찬,UNKNOWN,2026-03-23 21:18:10,0
시이즘,UNKNOWN,2026-03-23 21:18:10,0
링칸,UNKNOWN,2026-03-23 21:18:10,0
루러,UNKNOWN,2026-03-23 21:18:10,0
영내,UNKNOWN,2026-03-23 21:18:10,0
올스타,UNKNOWN,2026-03-23 21:18:10,0
삐져,UNKNOWN,2026-03-23 21:18:10,0
시노,UNKNOWN,2026-03-23 21:18:10,0
정빵이야,UNKNOWN,2026-03-23 21:18:10,0
매이,UNKNOWN,2026-03-23 21:18:10,0
장훈,UNKNOWN,2026-03-23 21:18:10,0
보마신,UNKNOWN,2026-03-23 21:18:10,0
현교,UNKNOWN,2026-03-23 21:18:10,0
약품,UNKNOWN,2026-03-23 21:18:11,0
고고붸베,UNKNOWN,2026-03-23 21:18:11,0
머쓱,UNKNOWN,2026-03-23 21:18:11,0
상점,UNKNOWN,2026-03-23 21:18:11,0
황헤솔,UNKNOWN,2026-03-23 21:18:11,0
포쯔,UNKNOWN,2026-03-23 21:18:11,0
엿장수,UNKNOWN,2026-03-23 21:18:11,0
김태풍,UNKNOWN,2026-03-23 21:18:11,0
쭈니군,UNKNOWN,2026-03-23 21:18:11,0
고졸오타쿠,UNKNOWN,2026-03-23 21:18:11,0
행메,UNKNOWN,2026-03-23 21:18:11,0
수찬강,UNKNOWN,2026-03-23 21:18:11,0
보호,UNKNOWN,2026-03-23 21:18:11,0
무황,UNKNOWN,2026-03-23 21:18:11,0
호연,UNKNOWN,2026-03-23 21:18:11,0
뉴스,UNKNOWN,2026-03-23 21:18:11,0
성간물질,UNKNOWN,2026-03-23 21:18:11,0
기발,UNKNOWN,2026-03-23 21:18:11,0
여히쿄,UNKNOWN,2026-03-23 21:18:11,0
파기금,UNKNOWN,2026-03-23 21:18:11,0
뭐임머임,UNKNOWN,2026-03-23 21:18:11,0
김손지,UNKNOWN,2026-03-23 21:18:11,0
배반은월,UNKNOWN,2026-03-23 21:18:11,0
흰둥곰,UNKNOWN,2026-03-23 21:18:11,0
브로콜리메,UNKNOWN,2026-03-23 21:18:11,0
크악,UNKNOWN,2026-03-23 21:18:11,0
쮸겡,UNKNOWN,2026-03-23 21:18:11,0
꾸리,UNKNOWN,2026-03-23 21:18:11,0
Gomez,UNKNOWN,2026-03-23 21:18:11,0
사과빵먹고싶,UNKNOWN,2026-03-23 21:18:11,0
염우정,UNKNOWN,2026-03-23 21:18:11,0
젬춘,UNKNOWN,2026-03-23 21:18:11,0
낙쥐,UNKNOWN,2026-03-23 21:18:11,0
나평,UNKNOWN,2026-03-23 21:18:11,0
사렌,UNKNOWN,2026-03-23 21:18:11,0
은백,UNKNOWN,2026-03-23 21:18:11,0
뚜오,UNKNOWN,2026-03-23 21:18:11,0
사진,UNKNOWN,2026-03-23 21:18:11,0
씩팔,UNKNOWN,2026-03-23 21:18:11,0
반올,UNKNOWN,2026-03-23 21:18:11,0
내튜,UNKNOWN,2026-03-23 21:18:11,0
싼크쓰,UNKNOWN,2026-03-23 21:18:11,0
판나,UNKNOWN,2026-03-23 21:18:11,0
스틱씨,UNKNOWN,2026-03-23 21:18:11,0
겜방루나,UNKNOWN,2026-03-23 21:18:11,0
검꺾,UNKNOWN,2026-03-23 21:18:11,0
토뿐,UNKNOWN,2026-03-23 21:18:11,0
초보안관,UNKNOWN,2026-03-23 21:18:11,0
마옹언니,UNKNOWN,2026-03-23 21:18:11,0
홍당무,UNKNOWN,2026-03-23 21:18:11,0
서일,UNKNOWN,2026-03-23 21:18:11,0
라색,UNKNOWN,2026-03-23 21:18:11,0
그러,UNKNOWN,2026-03-23 21:18:11,0
장챈,UNKNOWN,2026-03-23 21:18:11,0
p1n9u,UNKNOWN,2026-03-23 21:18:11,0
GBen,UNKNOWN,2026-03-23 21:18:11,0
프림킹,UNKNOWN,2026-03-23 21:18:11,0
착소메르,UNKNOWN,2026-03-23 21:18:11,0
활십,UNKNOWN,2026-03-23 21:18:12,0
하징쿠,UNKNOWN,2026-03-23 21:18:12,0
최민똥,UNKNOWN,2026-03-23 21:18:12,0
메청년,UNKNOWN,2026-03-23 21:18:12,0
긍긍,UNKNOWN,2026-03-23 21:18:12,0
슈킹,UNKNOWN,2026-03-23 21:18:12,0
곰지훈지,UNKNOWN,2026-03-23 21:18:12,0
똘이의모험2,UNKNOWN,2026-03-23 21:18:12,0
람쥐야,UNKNOWN,2026-03-23 21:18:12,0
사객,UNKNOWN,2026-03-23 21:18:12,0
해율지존,UNKNOWN,2026-03-23 21:18:12,0
낑또삐,UNKNOWN,2026-03-23 21:18:12,0
약점은뒤쪽,UNKNOWN,2026-03-23 21:18:12,0
무라마나,UNKNOWN,2026-03-23 21:18:12,0
꾸꾸,UNKNOWN,2026-03-23 21:18:12,0
패팟,UNKNOWN,2026-03-23 21:18:12,0
은또님,UNKNOWN,2026-03-23 21:18:12,0
쁘렌딱,UNKNOWN,2026-03-23 21:18:12,0
찡찡,UNKNOWN,2026-03-23 21:18:12,0
슈팀,UNKNOWN,2026-03-23 21:18:12,0
건영7,UNKNOWN,2026-03-23 21:18:12,0
쥐즈코,UNKNOWN,2026-03-23 21:18:12,0
키카,UNKNOWN,2026-03-23 21:18:12,0
우뿌가져와,UNKNOWN,2026-03-23 21:18:12,0
찌뚱아,UNKNOWN,2026-03-23 21:18:12,0
부엉이무빙,UNKNOWN,2026-03-23 21:18:12,0
개귀여움,UNKNOWN,2026-03-23 21:18:12,0
벨기에,UNKNOWN,2026-03-23 21:18:12,0
페랑원,UNKNOWN,2026-03-23 21:18:12,0
튼덩,UNKNOWN,2026-03-23 21:18:12,0
꼬거,UNKNOWN,2026-03-23 21:18:12,0
깅인선,UNKNOWN,2026-03-23 21:18:12,0
Deritas,UNKNOWN,2026-03-23 21:18:12,0
바푹,UNKNOWN,2026-03-23 21:18:12,0
청담대장,UNKNOWN,2026-03-23 21:18:12,0
단제린,UNKNOWN,2026-03-23 21:18:12,0
마케,UNKNOWN,2026-03-23 21:18:12,0
엔바쓰,UNKNOWN,2026-03-23 21:18:12,0
링화,UNKNOWN,2026-03-23 21:18:12,0
순행,UNKNOWN,2026-03-23 21:18:12,0
단군왕검,UNKNOWN,2026-03-23 21:18:12,0
푸윽,UNKNOWN,2026-03-23 21:18:12,0
찹쌀모찌랑,UNKNOWN,2026-03-23 21:18:12,0
편순이,UNKNOWN,2026-03-23 21:18:12,0
괴혼,UNKNOWN,2026-03-23 21:18:12,0
멸망자,UNKNOWN,2026-03-23 21:18:12,0
쮜김,UNKNOWN,2026-03-23 21:18:12,0
토익,UNKNOWN,2026-03-23 21:18:12,0
타카내,UNKNOWN,2026-03-23 21:18:12,0
자객,UNKNOWN,2026-03-23 21:18:12,0
설평원,UNKNOWN,2026-03-23 21:18:12,0
럭뻥,UNKNOWN,2026-03-23 21:18:12,0
냥퍄냥,UNKNOWN,2026-03-23 21:18:12,0
늘푸른,UNKNOWN,2026-03-23 21:18:12,0
듀이,UNKNOWN,2026-03-23 21:18:12,0
주디,UNKNOWN,2026-03-23 21:18:12,0
오드리빈,UNKNOWN,2026-03-23 21:18:13,0
훈녀,UNKNOWN,2026-03-23 21:18:13,0
치징,UNKNOWN,2026-03-23 21:18:13,0
유욱,UNKNOWN,2026-03-23 21:18:13,0
티망,UNKNOWN,2026-03-23 21:18:13,0
개리,UNKNOWN,2026-03-23 21:18:13,0
츄서,UNKNOWN,2026-03-23 21:18:13,0
배뚜기,UNKNOWN,2026-03-23 21:18:13,0
cal리,UNKNOWN,2026-03-23 21:18:13,0
NH농협,UNKNOWN,2026-03-23 21:18:13,0
씨독,UNKNOWN,2026-03-23 21:18:13,0
초귀,UNKNOWN,2026-03-23 21:18:13,0
Aniva,UNKNOWN,2026-03-23 21:18:13,0
쑤띠,UNKNOWN,2026-03-23 21:18:13,0
라버,UNKNOWN,2026-03-23 21:18:13,0
쿨타임,UNKNOWN,2026-03-23 21:18:13,0
기문,UNKNOWN,2026-03-23 21:18:13,0
뿌엥졔,UNKNOWN,2026-03-23 21:18:13,0
Superfluo,UNKNOWN,2026-03-23 21:18:13,0
수누,UNKNOWN,2026-03-23 21:18:13,0
계단탁,UNKNOWN,2026-03-23 21:18:13,0
메바,UNKNOWN,2026-03-23 21:18:13,0
환절,UNKNOWN,2026-03-23 21:18:13,0
집착,UNKNOWN,2026-03-23 21:18:13,0
와찌롱,UNKNOWN,2026-03-23 21:18:13,0
적불,UNKNOWN,2026-03-23 21:18:13,0
물리가좋아,UNKNOWN,2026-03-23 21:18:13,0
티앤,UNKNOWN,2026-03-23 21:18:13,0
수백,UNKNOWN,2026-03-23 21:18:13,0
수작,UNKNOWN,2026-03-23 21:18:13,0
휴당,UNKNOWN,2026-03-23 21:18:13,0
진백,UNKNOWN,2026-03-23 21:18:13,0
주갤,UNKNOWN,2026-03-23 21:18:13,0
탐욕심,UNKNOWN,2026-03-23 21:18:13,0
츠츠,UNKNOWN,2026-03-23 21:18:13,0
엉하,UNKNOWN,2026-03-23 21:18:13,0
넴새,UNKNOWN,2026-03-23 21:18:13,0
Monash,UNKNOWN,2026-03-23 21:18:13,0
떠하,UNKNOWN,2026-03-23 21:18:13,0
용쥬달라,UNKNOWN,2026-03-23 21:18:13,0
온무,UNKNOWN,2026-03-23 21:18:13,0
처옥,UNKNOWN,2026-03-23 21:18:13,0
빠모얌,UNKNOWN,2026-03-23 21:18:13,0
츄응,UNKNOWN,2026-03-23 21:18:13,0
고롯,UNKNOWN,2026-03-23 21:18:13,0
땃치,UNKNOWN,2026-03-23 21:18:13,0
고드,UNKNOWN,2026-03-23 21:18:13,0
라밥띠,UNKNOWN,2026-03-23 21:18:13,0
시편,UNKNOWN,2026-03-23 21:18:13,0
생방,UNKNOWN,2026-03-23 21:18:13,0
아마따,UNKNOWN,2026-03-23 21:18:13,0
샘키,UNKNOWN,2026-03-23 21:18:13,0
낙지,UNKNOWN,2026-03-23 21:18:13,0
태검,UNKNOWN,2026-03-23 21:18:13,0
킴잔중일땐좀,UNKNOWN,2026-03-23 21:18:13,0
세수하는깜비,UNKNOWN,2026-03-23 21:18:13,0
하랑게,UNKNOWN,2026-03-23 21:18:13,0
환상향,UNKNOWN,2026-03-23 21:18:13,0
훈삐,UNKNOWN,2026-03-23 21:18:13,0
DongHee,UNKNOWN,2026-03-23 21:18:13,0
마믄,UNKNOWN,2026-03-23 21:18:13,0
먼지같은로드,UNKNOWN,2026-03-23 21:18:14,0
벳지,UNKNOWN,2026-03-23 21:18:14,0
본생,UNKNOWN,2026-03-23 21:18:14,0
해루아범,UNKNOWN,2026-03-23 21:18:14,0
반포,UNKNOWN,2026-03-23 21:18:14,0
명령,UNKNOWN,2026-03-23 21:18:14,0
무뉴,UNKNOWN,2026-03-23 21:18:14,0
부러진지퐝이,UNKNOWN,2026-03-23 21:18:14,0
해문,UNKNOWN,2026-03-23 21:18:14,0
끼갱,UNKNOWN,2026-03-23 21:18:14,0
인틴,UNKNOWN,2026-03-23 21:18:14,0
욱재두기,UNKNOWN,2026-03-23 21:18:14,0
품세,UNKNOWN,2026-03-23 21:18:14,0
도시출신,UNKNOWN,2026-03-23 21:18:14,0
반꼰,UNKNOWN,2026-03-23 21:18:14,0
전사에서도적,UNKNOWN,2026-03-23 21:18:14,0
류도,UNKNOWN,2026-03-23 21:18:14,0
조헤도,UNKNOWN,2026-03-23 21:18:14,0
홍형,UNKNOWN,2026-03-23 21:18:14,0
일단젬부터,UNKNOWN,2026-03-23 21:18:14,0
독호남유튜브,UNKNOWN,2026-03-23 21:18:14,0
소솟싯,UNKNOWN,2026-03-23 21:18:14,0
하다츠키,UNKNOWN,2026-03-23 21:18:14,0
준이임,UNKNOWN,2026-03-23 21:18:14,0
예띵델,UNKNOWN,2026-03-23 21:18:14,0
검은물방울석,UNKNOWN,2026-03-23 21:18:14,0
잼바름이,UNKNOWN,2026-03-23 21:18:14,0
사절,UNKNOWN,2026-03-23 21:18:14,0
정이역,UNKNOWN,2026-03-23 21:18:14,0
AqoursYosiko,UNKNOWN,2026-03-23 21:18:14,0
임아토,UNKNOWN,2026-03-23 21:18:14,0
헷콩,UNKNOWN,2026-03-23 21:18:14,0
생애,UNKNOWN,2026-03-23 21:18:14,0
잭페이트,UNKNOWN,2026-03-23 21:18:14,0
섹요,UNKNOWN,2026-03-23 21:18:14,0
댕냥꿍이,UNKNOWN,2026-03-23 21:18:14,0
으앙,UNKNOWN,2026-03-23 21:18:14,0
모과니,UNKNOWN,2026-03-23 21:18:14,0
니러,UNKNOWN,2026-03-23 21:18:14,0
꼬뭉델,UNKNOWN,2026-03-23 21:18:14,0
벽산고도,UNKNOWN,2026-03-23 21:18:14,0
폭격비,UNKNOWN,2026-03-23 21:18:14,0
봉사활동,UNKNOWN,2026-03-23 21:18:14,0
장난없음,UNKNOWN,2026-03-23 21:18:14,0
이덥,UNKNOWN,2026-03-23 21:18:14,0
챙피,UNKNOWN,2026-03-23 21:18:14,0
Moiy,UNKNOWN,2026-03-23 21:18:14,0
창순이유,UNKNOWN,2026-03-23 21:18:14,0
은범,UNKNOWN,2026-03-23 21:18:14,0
텀앤텀,UNKNOWN,2026-03-23 21:18:14,0
닭뛰,UNKNOWN,2026-03-23 21:18:14,0
한방,UNKNOWN,2026-03-23 21:18:14,0
때잉,UNKNOWN,2026-03-23 21:18:14,0
마녀잉,UNKNOWN,2026-03-23 21:18:14,0
승용,UNKNOWN,2026-03-23 21:18:14,0
렁회,UNKNOWN,2026-03-23 21:18:14,0
난플님,UNKNOWN,2026-03-23 21:18:14,0
므농,UNKNOWN,2026-03-23 21:18:14,0
쫑우,UNKNOWN,2026-03-23 21:18:14,0
애기돼지,UNKNOWN,2026-03-23 21:18:14,0
부둥,UNKNOWN,2026-03-23 21:18:14,0
일어나,UNKNOWN,2026-03-23 21:18:14,0
캬하하,UNKNOWN,2026-03-23 21:18:14,0
시은,UNKNOWN,2026-03-23 21:18:14,0
쇼브스,UNKNOWN,2026-03-23 21:18:14,0
와량,UNKNOWN,2026-03-23 21:18:14,0
마체테,UNKNOWN,2026-03-23 21:18:14,0
김버금,UNKNOWN,2026-03-23 21:18:14,0
포캣,UNKNOWN,2026-03-23 21:18:14,0
탁구부,UNKNOWN,2026-03-23 21:18:15,0
인사관,UNKNOWN,2026-03-23 21:18:15,0
이원준,UNKNOWN,2026-03-23 21:18:15,0
델츠,UNKNOWN,2026-03-23 21:18:15,0
멍댈,UNKNOWN,2026-03-23 21:18:15,0
포캬,UNKNOWN,2026-03-23 21:18:15,0
유은,UNKNOWN,2026-03-23 21:18:15,0
풀파람,UNKNOWN,2026-03-23 21:18:15,0
탭먹,UNKNOWN,2026-03-23 21:18:15,0
키슨,UNKNOWN,2026-03-23 21:18:15,0
멍청한사람,UNKNOWN,2026-03-23 21:18:15,0
강원도민,UNKNOWN,2026-03-23 21:18:15,0
방패방패허네,UNKNOWN,2026-03-23 21:18:15,0
텐트,UNKNOWN,2026-03-23 21:18:15,0
태와니엔버,UNKNOWN,2026-03-23 21:18:15,0
야구갤러리,UNKNOWN,2026-03-23 21:18:15,0
시쭈,UNKNOWN,2026-03-23 21:18:15,0
봉의산도사,UNKNOWN,2026-03-23 21:18:15,0
팬컷,UNKNOWN,2026-03-23 21:18:15,0
별필드,UNKNOWN,2026-03-23 21:18:15,0
뿔소카,UNKNOWN,2026-03-23 21:18:15,0
놀드카이저,UNKNOWN,2026-03-23 21:18:15,0
봄무늬,UNKNOWN,2026-03-23 21:18:15,0
효랑,UNKNOWN,2026-03-23 21:18:15,0
성능검증,UNKNOWN,2026-03-23 21:18:15,0
꼿잎,UNKNOWN,2026-03-23 21:18:15,0
수습,UNKNOWN,2026-03-23 21:18:15,0
MumblebeePCR,UNKNOWN,2026-03-23 21:18:15,0
맥쁘,UNKNOWN,2026-03-23 21:18:15,0
스브,UNKNOWN,2026-03-23 21:18:15,0
Intel01,UNKNOWN,2026-03-23 21:18:15,0
조금잘래요,UNKNOWN,2026-03-23 21:18:15,0
zl죤,UNKNOWN,2026-03-23 21:18:15,0
교상,UNKNOWN,2026-03-23 21:18:15,0
흥흥낭랑,UNKNOWN,2026-03-23 21:18:15,0
팔락아울,UNKNOWN,2026-03-23 21:18:15,0
테르,UNKNOWN,2026-03-23 21:18:15,0
로오,UNKNOWN,2026-03-23 21:18:15,0
우디,UNKNOWN,2026-03-23 21:18:15,0
최데원,UNKNOWN,2026-03-23 21:18:15,0
후릇,UNKNOWN,2026-03-23 21:18:15,0
추앙,UNKNOWN,2026-03-23 21:18:15,0
고규,UNKNOWN,2026-03-23 21:18:15,0
퇴근후지코바,UNKNOWN,2026-03-23 21:18:15,0
경보,UNKNOWN,2026-03-23 21:18:15,0
활쏨,UNKNOWN,2026-03-23 21:18:15,0
내일할일생김,UNKNOWN,2026-03-23 21:18:15,0
아쥐,UNKNOWN,2026-03-23 21:18:15,0
미오,UNKNOWN,2026-03-23 21:18:15,0
무백,UNKNOWN,2026-03-23 21:18:15,0
적꿉,UNKNOWN,2026-03-23 21:18:15,0
반도체노예3,UNKNOWN,2026-03-23 21:18:15,0
쌀태준,UNKNOWN,2026-03-23 21:18:15,0
폭스바갬,UNKNOWN,2026-03-23 21:18:15,0
파크,UNKNOWN,2026-03-23 21:18:15,0
대쟝,UNKNOWN,2026-03-23 21:18:15,0
괴도후꾸,UNKNOWN,2026-03-23 21:18:15,0
본오,UNKNOWN,2026-03-23 21:18:15,0
헝님,UNKNOWN,2026-03-23 21:18:15,0
성규님,UNKNOWN,2026-03-23 21:18:15,0
사샤예요,UNKNOWN,2026-03-23 21:18:15,0
크림가득와플,UNKNOWN,2026-03-23 21:18:15,0
천성코믹스,UNKNOWN,2026-03-23 21:18:15,0
물결,UNKNOWN,2026-03-23 21:18:16,0
전빵,UNKNOWN,2026-03-23 21:18:16,0
둔툰,UNKNOWN,2026-03-23 21:18:16,0
치즈볶이,UNKNOWN,2026-03-23 21:18:16,0
토츠,UNKNOWN,2026-03-23 21:18:16,0
빛호,UNKNOWN,2026-03-23 21:18:16,0
백대진,UNKNOWN,2026-03-23 21:18:16,0
솜련,UNKNOWN,2026-03-23 21:18:16,0
딸쌍바,UNKNOWN,2026-03-23 21:18:16,0
타츠,UNKNOWN,2026-03-23 21:18:16,0
멍몬,UNKNOWN,2026-03-23 21:18:16,0
매력만빵,UNKNOWN,2026-03-23 21:18:16,0
포착,UNKNOWN,2026-03-23 21:18:16,0
정무,UNKNOWN,2026-03-23 21:18:16,0
패배,UNKNOWN,2026-03-23 21:18:16,0
숙명,UNKNOWN,2026-03-23 21:18:16,0
테슬렌,UNKNOWN,2026-03-23 21:18:16,0
특란,UNKNOWN,2026-03-23 21:18:16,0
뭘해도우냥,UNKNOWN,2026-03-23 21:18:16,0
고구,UNKNOWN,2026-03-23 21:18:16,0
양보,UNKNOWN,2026-03-23 21:18:16,0
표도,UNKNOWN,2026-03-23 21:18:16,0
뇌파,UNKNOWN,2026-03-23 21:18:16,0
신문,UNKNOWN,2026-03-23 21:18:16,0
겐키,UNKNOWN,2026-03-23 21:18:16,0
pouch,UNKNOWN,2026-03-23 21:18:16,0
처무,UNKNOWN,2026-03-23 21:18:16,0
쌓수,UNKNOWN,2026-03-23 21:18:16,0
승용차,UNKNOWN,2026-03-23 21:18:16,0
흑마왕,UNKNOWN,2026-03-23 21:18:16,0
사상기린,UNKNOWN,2026-03-23 21:18:16,0
축하함,UNKNOWN,2026-03-23 21:18:16,0
띨해,UNKNOWN,2026-03-23 21:18:16,0
ror5,UNKNOWN,2026-03-23 21:18:16,0
군고구마,UNKNOWN,2026-03-23 21:18:16,0
주오은월,UNKNOWN,2026-03-23 21:18:16,0
본전,UNKNOWN,2026-03-23 21:18:16,0
흑단풍,UNKNOWN,2026-03-23 21:18:16,0
봉빚이,UNKNOWN,2026-03-23 21:18:16,0
딸피드,UNKNOWN,2026-03-23 21:18:16,0
채줌,UNKNOWN,2026-03-23 21:18:16,0
부끄,UNKNOWN,2026-03-23 21:18:16,0
밤떡,UNKNOWN,2026-03-23 21:18:16,0
띠너,UNKNOWN,2026-03-23 21:18:16,0
힐채은,UNKNOWN,2026-03-23 21:18:16,0
팬슈,UNKNOWN,2026-03-23 21:18:16,0
혜진의금구슬,UNKNOWN,2026-03-23 21:18:16,0
누구세여부릉,UNKNOWN,2026-03-23 21:18:16,0
미쿠,UNKNOWN,2026-03-23 21:18:16,0
다솜초롬,UNKNOWN,2026-03-23 21:18:16,0
히즈,UNKNOWN,2026-03-23 21:18:16,0
규세하,UNKNOWN,2026-03-23 21:18:16,0
딥코드,UNKNOWN,2026-03-23 21:18:16,0
강원도원통,UNKNOWN,2026-03-23 21:18:16,0
SuperStar,UNKNOWN,2026-03-23 21:18:16,0
무너,UNKNOWN,2026-03-23 21:18:16,0
star헤는,UNKNOWN,2026-03-23 21:18:16,0
쁘띠용용,UNKNOWN,2026-03-23 21:18:17,0
표능란,UNKNOWN,2026-03-23 21:18:17,0
윤기,UNKNOWN,2026-03-23 21:18:17,0
쭈치,UNKNOWN,2026-03-23 21:18:17,0
뚜나당,UNKNOWN,2026-03-23 21:18:17,0
육손,UNKNOWN,2026-03-23 21:18:17,0
정은비,UNKNOWN,2026-03-23 21:18:17,0
알식,UNKNOWN,2026-03-23 21:18:17,0
흐야꺄리,UNKNOWN,2026-03-23 21:18:17,0
트랭,UNKNOWN,2026-03-23 21:18:17,0
김볶,UNKNOWN,2026-03-23 21:18:17,0
전명,UNKNOWN,2026-03-23 21:18:17,0
쿠캣,UNKNOWN,2026-03-23 21:18:17,0
노쓰,UNKNOWN,2026-03-23 21:18:17,0
장찬구,UNKNOWN,2026-03-23 21:18:17,0
띳변,UNKNOWN,2026-03-23 21:18:17,0
구글주식분할,UNKNOWN,2026-03-23 21:18:17,0
지은이안,UNKNOWN,2026-03-23 21:18:17,0
느렷,UNKNOWN,2026-03-23 21:18:17,0
제갈사빈,UNKNOWN,2026-03-23 21:18:17,0
헬스하는냅킨,UNKNOWN,2026-03-23 21:18:17,0
체술,UNKNOWN,2026-03-23 21:18:17,0
싱다콩,UNKNOWN,2026-03-23 21:18:17,0
둔빙,UNKNOWN,2026-03-23 21:18:17,0
민섭,UNKNOWN,2026-03-23 21:18:17,0
자색,UNKNOWN,2026-03-23 21:18:17,0
쌘콩,UNKNOWN,2026-03-23 21:18:17,0
52PGH52,UNKNOWN,2026-03-23 21:18:17,0
초록빡빡이,UNKNOWN,2026-03-23 21:18:17,0
여행자,UNKNOWN,2026-03-23 21:18:17,0
실명,UNKNOWN,2026-03-23 21:18:17,0
끄고,UNKNOWN,2026-03-23 21:18:17,0
초응성,UNKNOWN,2026-03-23 21:18:17,0
협상,UNKNOWN,2026-03-23 21:18:17,0
김봉봉,UNKNOWN,2026-03-23 21:18:17,0
동듀블준,UNKNOWN,2026-03-23 21:18:17,0
징스,UNKNOWN,2026-03-23 21:18:17,0
온반,UNKNOWN,2026-03-23 21:18:17,0
뭘자꾸쏘냐,UNKNOWN,2026-03-23 21:18:17,0
광란의춘젓,UNKNOWN,2026-03-23 21:18:17,0
달딸한커피,UNKNOWN,2026-03-23 21:18:17,0
상월,UNKNOWN,2026-03-23 21:18:17,0
달스,UNKNOWN,2026-03-23 21:18:17,0
롤러,UNKNOWN,2026-03-23 21:18:17,0
치즈빵먹고싶,UNKNOWN,2026-03-23 21:18:17,0
발주,UNKNOWN,2026-03-23 21:18:17,0
뽀곰,UNKNOWN,2026-03-23 21:18:17,0
뚠디,UNKNOWN,2026-03-23 21:18:17,0
템숍,UNKNOWN,2026-03-23 21:18:17,0
대사초,UNKNOWN,2026-03-23 21:18:17,0
JupiQ,UNKNOWN,2026-03-23 21:18:17,0
조리,UNKNOWN,2026-03-23 21:18:17,0
wrink,UNKNOWN,2026-03-23 21:18:17,0
애기븝미,UNKNOWN,2026-03-23 21:18:17,0
by흑가람,UNKNOWN,2026-03-23 21:18:17,0
발라딤,UNKNOWN,2026-03-23 21:18:17,0
매화가지,UNKNOWN,2026-03-23 21:18:17,0
카태나,UNKNOWN,2026-03-23 21:18:18,0
쥐앤장호동,UNKNOWN,2026-03-23 21:18:18,0
김연격,UNKNOWN,2026-03-23 21:18:18,0
보화,UNKNOWN,2026-03-23 21:18:18,0
라미캣,UNKNOWN,2026-03-23 21:18:18,0
두당당두,UNKNOWN,2026-03-23 21:18:18,0
이혜리미,UNKNOWN,2026-03-23 21:18:18,0
기획,UNKNOWN,2026-03-23 21:18:18,0
악운검,UNKNOWN,2026-03-23 21:18:18,0
미연플,UNKNOWN,2026-03-23 21:18:18,0
시누열,UNKNOWN,2026-03-23 21:18:18,0
뽀록,UNKNOWN,2026-03-23 21:18:18,0
갓바퍼,UNKNOWN,2026-03-23 21:18:18,0
쥐컵,UNKNOWN,2026-03-23 21:18:18,0
운천,UNKNOWN,2026-03-23 21:18:18,0
향단,UNKNOWN,2026-03-23 21:18:18,0
Alyida,UNKNOWN,2026-03-23 21:18:18,0
수천,UNKNOWN,2026-03-23 21:18:18,0
Castania,UNKNOWN,2026-03-23 21:18:18,0
아잉맛,UNKNOWN,2026-03-23 21:18:18,0
짜낭,UNKNOWN,2026-03-23 21:18:18,0
백년구름,UNKNOWN,2026-03-23 21:18:18,0
구작,UNKNOWN,2026-03-23 21:18:18,0
분해업자,UNKNOWN,2026-03-23 21:18:18,0
천화,UNKNOWN,2026-03-23 21:18:18,0
섟OI2,UNKNOWN,2026-03-23 21:18:18,0
오태,UNKNOWN,2026-03-23 21:18:18,0
걸뱅이,UNKNOWN,2026-03-23 21:18:18,0
레몬체리포도,UNKNOWN,2026-03-23 21:18:18,0
헤클리,UNKNOWN,2026-03-23 21:18:18,0
미래의렌,UNKNOWN,2026-03-23 21:18:18,0
열혈,UNKNOWN,2026-03-23 21:18:18,0
렝쿠마,UNKNOWN,2026-03-23 21:18:18,0
손청아,UNKNOWN,2026-03-23 21:18:18,0
조윤주,UNKNOWN,2026-03-23 21:18:18,0
읍냥,UNKNOWN,2026-03-23 21:18:18,0
꼬냑,UNKNOWN,2026-03-23 21:18:18,0
하쿠,UNKNOWN,2026-03-23 21:18:18,0
호염,UNKNOWN,2026-03-23 21:18:18,0
꾸당,UNKNOWN,2026-03-23 21:18:18,0
꽃로웰,UNKNOWN,2026-03-23 21:18:18,0
결별,UNKNOWN,2026-03-23 21:18:18,0
늑댕,UNKNOWN,2026-03-23 21:18:18,0
정식,UNKNOWN,2026-03-23 21:18:18,0
슈뜨델,UNKNOWN,2026-03-23 21:18:18,0
포시채,UNKNOWN,2026-03-23 21:18:18,0
바이퍼킹보이,UNKNOWN,2026-03-23 21:18:18,0
성흐,UNKNOWN,2026-03-23 21:18:18,0
윙끄,UNKNOWN,2026-03-23 21:18:18,0
멍청한놈너,UNKNOWN,2026-03-23 21:18:18,0
슬러지,UNKNOWN,2026-03-23 21:18:18,0
디언,UNKNOWN,2026-03-23 21:18:18,0
밧디,UNKNOWN,2026-03-23 21:18:18,0
빡이,UNKNOWN,2026-03-23 21:18:18,0
두프갓,UNKNOWN,2026-03-23 21:18:18,0
한권,UNKNOWN,2026-03-23 21:18:18,0
찍먹,UNKNOWN,2026-03-23 21:18:18,0
앨리쓰,UNKNOWN,2026-03-23 21:18:18,0
마리에,UNKNOWN,2026-03-23 21:18:18,0
쿠코,UNKNOWN,2026-03-23 21:18:18,0
사르우스,UNKNOWN,2026-03-23 21:18:19,0
베이비,UNKNOWN,2026-03-23 21:18:19,0
고윤설,UNKNOWN,2026-03-23 21:18:19,0
닥크,UNKNOWN,2026-03-23 21:18:19,0
포커,UNKNOWN,2026-03-23 21:18:19,0
삼천,UNKNOWN,2026-03-23 21:18:19,0
동화속의풍경,UNKNOWN,2026-03-23 21:18:19,0
도준뿌,UNKNOWN,2026-03-23 21:18:19,0
나영진,UNKNOWN,2026-03-23 21:18:19,0
앙떵,UNKNOWN,2026-03-23 21:18:19,0
JJack,UNKNOWN,2026-03-23 21:18:19,0
지그,UNKNOWN,2026-03-23 21:18:19,0
참디비,UNKNOWN,2026-03-23 21:18:19,0
자연한엔버,UNKNOWN,2026-03-23 21:18:19,0
폭조,UNKNOWN,2026-03-23 21:18:19,0
장난해,UNKNOWN,2026-03-23 21:18:19,0
매신,UNKNOWN,2026-03-23 21:18:19,0
진한빛,UNKNOWN,2026-03-23 21:18:19,0
매직키드짱구,UNKNOWN,2026-03-23 21:18:19,0
엄숙,UNKNOWN,2026-03-23 21:18:19,0
길드,UNKNOWN,2026-03-23 21:18:19,0
위치닥터부두,UNKNOWN,2026-03-23 21:18:19,0
곰방,UNKNOWN,2026-03-23 21:18:19,0
밤유카,UNKNOWN,2026-03-23 21:18:19,0
광원소,UNKNOWN,2026-03-23 21:18:19,0
배포터,UNKNOWN,2026-03-23 21:18:19,0
에씽짜증나a,UNKNOWN,2026-03-23 21:18:19,0
오노데라,UNKNOWN,2026-03-23 21:18:19,0
자광,UNKNOWN,2026-03-23 21:18:19,0
보필,UNKNOWN,2026-03-23 21:18:19,0
애그,UNKNOWN,2026-03-23 21:18:19,0
스왝,UNKNOWN,2026-03-23 21:18:19,0
믿신,UNKNOWN,2026-03-23 21:18:19,0
서재필,UNKNOWN,2026-03-23 21:18:19,0
양단,UNKNOWN,2026-03-23 21:18:19,0
간zl앙마,UNKNOWN,2026-03-23 21:18:19,0
테나시치,UNKNOWN,2026-03-23 21:18:19,0
돈겅이,UNKNOWN,2026-03-23 21:18:19,0
Minah,UNKNOWN,2026-03-23 21:18:19,0
너초,UNKNOWN,2026-03-23 21:18:19,0
세검,UNKNOWN,2026-03-23 21:18:19,0
담배깎는목사,UNKNOWN,2026-03-23 21:18:19,0
렌으로고고,UNKNOWN,2026-03-23 21:18:19,0
칼륨,UNKNOWN,2026-03-23 21:18:19,0
홈스테이,UNKNOWN,2026-03-23 21:18:19,0
조망렌,UNKNOWN,2026-03-23 21:18:19,0
푸호,UNKNOWN,2026-03-23 21:18:19,0
쿠뚠재,UNKNOWN,2026-03-23 21:18:19,0
꼬맹왔니,UNKNOWN,2026-03-23 21:18:19,0
계정돌리기,UNKNOWN,2026-03-23 21:18:19,0
자현성,UNKNOWN,2026-03-23 21:18:19,0
하구,UNKNOWN,2026-03-23 21:18:19,0
내옹,UNKNOWN,2026-03-23 21:18:19,0
지봉이,UNKNOWN,2026-03-23 21:18:19,0
역임,UNKNOWN,2026-03-23 21:18:19,0
츄진,UNKNOWN,2026-03-23 21:18:19,0
리주성,UNKNOWN,2026-03-23 21:18:19,0
이성진,UNKNOWN,2026-03-23 21:18:19,0
라라양,UNKNOWN,2026-03-23 21:18:19,0
랖시,UNKNOWN,2026-03-23 21:18:19,0
박대리해적,UNKNOWN,2026-03-23 21:18:19,0
반숙,UNKNOWN,2026-03-23 21:18:20,0
wookpago,UNKNOWN,2026-03-23 21:18:20,0
의런,UNKNOWN,2026-03-23 21:18:20,0
엘지,UNKNOWN,2026-03-23 21:18:20,0
뿌뽀,UNKNOWN,2026-03-23 21:18:20,0
둔이아란,UNKNOWN,2026-03-23 21:18:20,0
일월령,UNKNOWN,2026-03-23 21:18:20,0
모준,UNKNOWN,2026-03-23 21:18:20,0
조피디,UNKNOWN,2026-03-23 21:18:20,0
점쑨,UNKNOWN,2026-03-23 21:18:20,0
발랑틴,UNKNOWN,2026-03-23 21:18:20,0
전유앵,UNKNOWN,2026-03-23 21:18:20,0
피우,UNKNOWN,2026-03-23 21:18:20,0
흰봄,UNKNOWN,2026-03-23 21:18:20,0
영입,UNKNOWN,2026-03-23 21:18:20,0
천룡,UNKNOWN,2026-03-23 21:18:20,0
수매화이십사,UNKNOWN,2026-03-23 21:18:20,0
신염,UNKNOWN,2026-03-23 21:18:20,0
DragonValley,UNKNOWN,2026-03-23 21:18:20,0
데몬참Yeong,UNKNOWN,2026-03-23 21:18:20,0
박근욱이,UNKNOWN,2026-03-23 21:18:20,0
반품,UNKNOWN,2026-03-23 21:18:20,0
거슈,UNKNOWN,2026-03-23 21:18:20,0
섀뚜,UNKNOWN,2026-03-23 21:18:20,0
OP미드,UNKNOWN,2026-03-23 21:18:20,0
잼짝이,UNKNOWN,2026-03-23 21:18:20,0
앵천,UNKNOWN,2026-03-23 21:18:20,0
중고,UNKNOWN,2026-03-23 21:18:20,0
이현호,UNKNOWN,2026-03-23 21:18:20,0
상봉,UNKNOWN,2026-03-23 21:18:20,0
권구,UNKNOWN,2026-03-23 21:18:20,0
휘긴,UNKNOWN,2026-03-23 21:18:20,0
호시노태수,UNKNOWN,2026-03-23 21:18:20,0
달별쿤,UNKNOWN,2026-03-23 21:18:20,0
검증자,UNKNOWN,2026-03-23 21:18:20,0
오이윔,UNKNOWN,2026-03-23 21:18:20,0
분격,UNKNOWN,2026-03-23 21:18:20,0
쾌화,UNKNOWN,2026-03-23 21:18:20,0
고양이클,UNKNOWN,2026-03-23 21:18:20,0
어깡,UNKNOWN,2026-03-23 21:18:20,0
유심,UNKNOWN,2026-03-23 21:18:20,0
거장,UNKNOWN,2026-03-23 21:18:20,0
치잉,UNKNOWN,2026-03-23 21:18:20,0
뮤짱,UNKNOWN,2026-03-23 21:18:20,0
라테일,UNKNOWN,2026-03-23 21:18:20,0
브셔,UNKNOWN,2026-03-23 21:18:20,0
활녹,UNKNOWN,2026-03-23 21:18:20,0
단술맨,UNKNOWN,2026-03-23 21:18:20,0
턱푸,UNKNOWN,2026-03-23 21:18:20,0
혹도기,UNKNOWN,2026-03-23 21:18:20,0
밀수,UNKNOWN,2026-03-23 21:18:20,0
몇주,UNKNOWN,2026-03-23 21:18:20,0
미사일,UNKNOWN,2026-03-23 21:18:20,0
wiyeia,UNKNOWN,2026-03-23 21:18:20,0
검네,UNKNOWN,2026-03-23 21:18:20,0
쉬애,UNKNOWN,2026-03-23 21:18:20,0
활망망,UNKNOWN,2026-03-23 21:18:20,0
똥구,UNKNOWN,2026-03-23 21:18:20,0
탱니,UNKNOWN,2026-03-23 21:18:20,0
VANS,UNKNOWN,2026-03-23 21:18:20,0
도태수룡,UNKNOWN,2026-03-23 21:18:20,0
후안힐,UNKNOWN,2026-03-23 21:18:21,0
팃즈,UNKNOWN,2026-03-23 21:18:21,0
노어s,UNKNOWN,2026-03-23 21:18:21,0
디에,UNKNOWN,2026-03-23 21:18:21,0
매짱,UNKNOWN,2026-03-23 21:18:21,0
과일사과,UNKNOWN,2026-03-23 21:18:21,0
묘므,UNKNOWN,2026-03-23 21:18:21,0
캄제,UNKNOWN,2026-03-23 21:18:21,0
봄이,UNKNOWN,2026-03-23 21:18:21,0
팍보석,UNKNOWN,2026-03-23 21:18:21,0
간섀님,UNKNOWN,2026-03-23 21:18:21,0
디페,UNKNOWN,2026-03-23 21:18:21,0
아구몬777,UNKNOWN,2026-03-23 21:18:21,0
수셔,UNKNOWN,2026-03-23 21:18:21,0
쇼스,UNKNOWN,2026-03-23 21:18:21,0
저러쿵이,UNKNOWN,2026-03-23 21:18:21,0
베리띠아,UNKNOWN,2026-03-23 21:18:21,0
곡솔,UNKNOWN,2026-03-23 21:18:21,0
비곤,UNKNOWN,2026-03-23 21:18:21,0
솜뎡,UNKNOWN,2026-03-23 21:18:21,0
맑음딘,UNKNOWN,2026-03-23 21:18:21,0
화홍련,UNKNOWN,2026-03-23 21:18:21,0
파류,UNKNOWN,2026-03-23 21:18:21,0
요솝s,UNKNOWN,2026-03-23 21:18:21,0
곡애,UNKNOWN,2026-03-23 21:18:21,0
과감하개,UNKNOWN,2026-03-23 21:18:21,0
평면,UNKNOWN,2026-03-23 21:18:21,0
보조제,UNKNOWN,2026-03-23 21:18:21,0
죠사,UNKNOWN,2026-03-23 21:18:21,0
정헌규,UNKNOWN,2026-03-23 21:18:21,0
피전,UNKNOWN,2026-03-23 21:18:21,0
게이트워커,UNKNOWN,2026-03-23 21:18:21,0
그랜드스크린,UNKNOWN,2026-03-23 21:18:21,0
유꽁,UNKNOWN,2026-03-23 21:18:21,0
시앱,UNKNOWN,2026-03-23 21:18:21,0
고윤하,UNKNOWN,2026-03-23 21:18:21,0
버블,UNKNOWN,2026-03-23 21:18:21,0
콜래기,UNKNOWN,2026-03-23 21:18:21,0
추코,UNKNOWN,2026-03-23 21:18:21,0
매황,UNKNOWN,2026-03-23 21:18:21,0
그퍄,UNKNOWN,2026-03-23 21:18:21,0
투러브루,UNKNOWN,2026-03-23 21:18:21,0
지티Lumi,UNKNOWN,2026-03-23 21:18:21,0
잇이,UNKNOWN,2026-03-23 21:18:21,0
핑솝,UNKNOWN,2026-03-23 21:18:21,0
딧피,UNKNOWN,2026-03-23 21:18:21,0
용아앙,UNKNOWN,2026-03-23 21:18:21,0
밍기,UNKNOWN,2026-03-23 21:18:21,0
Osorry,UNKNOWN,2026-03-23 21:18:21,0
미투,UNKNOWN,2026-03-23 21:18:21,0
여섯끗,UNKNOWN,2026-03-23 21:18:21,0
배찌칼찌,UNKNOWN,2026-03-23 21:18:21,0
방패둥이,UNKNOWN,2026-03-23 21:18:21,0
빨간줄,UNKNOWN,2026-03-23 21:18:21,0
타르,UNKNOWN,2026-03-23 21:18:21,0
Z건담Z,UNKNOWN,2026-03-23 21:18:21,0
윤곤지세계,UNKNOWN,2026-03-23 21:18:21,0
환운,UNKNOWN,2026-03-23 21:18:21,0
윤백,UNKNOWN,2026-03-23 21:18:22,0
꼬징,UNKNOWN,2026-03-23 21:18:22,0
폰쨩,UNKNOWN,2026-03-23 21:18:22,0
크리바인드,UNKNOWN,2026-03-23 21:18:22,0
설의나비,UNKNOWN,2026-03-23 21:18:22,0
돈슨몰살시켱,UNKNOWN,2026-03-23 21:18:22,0
틈힐,UNKNOWN,2026-03-23 21:18:22,0
민하율,UNKNOWN,2026-03-23 21:18:22,0
역륜,UNKNOWN,2026-03-23 21:18:22,0
발랑딘,UNKNOWN,2026-03-23 21:18:22,0
Sellas,UNKNOWN,2026-03-23 21:18:22,0
정현영,UNKNOWN,2026-03-23 21:18:22,0
셀뉘,UNKNOWN,2026-03-23 21:18:22,0
후후,UNKNOWN,2026-03-23 21:18:22,0
닫기,UNKNOWN,2026-03-23 21:18:22,0
드락,UNKNOWN,2026-03-23 21:18:22,0
텐야,UNKNOWN,2026-03-23 21:18:22,0
로아레인,UNKNOWN,2026-03-23 21:18:22,0
판다꿍,UNKNOWN,2026-03-23 21:18:22,0
듄곡,UNKNOWN,2026-03-23 21:18:22,0
솔라얌,UNKNOWN,2026-03-23 21:18:22,0
은퐁,UNKNOWN,2026-03-23 21:18:22,0
팡무제,UNKNOWN,2026-03-23 21:18:22,0
성나,UNKNOWN,2026-03-23 21:18:22,0
옆집뉴,UNKNOWN,2026-03-23 21:18:22,0
물미녁,UNKNOWN,2026-03-23 21:18:22,0
호우,UNKNOWN,2026-03-23 21:18:22,0
소지섭,UNKNOWN,2026-03-23 21:18:22,0
봄졍힛,UNKNOWN,2026-03-23 21:18:22,0
KimJunsu,UNKNOWN,2026-03-23 21:18:22,0
셀베트,UNKNOWN,2026-03-23 21:18:22,0
샛국,UNKNOWN,2026-03-23 21:18:22,0
카와이동근,UNKNOWN,2026-03-23 21:18:22,0
그고,UNKNOWN,2026-03-23 21:18:22,0
슬기곰돌이,UNKNOWN,2026-03-23 21:18:22,0
전갱이,UNKNOWN,2026-03-23 21:18:22,0
소다조는개뿔,UNKNOWN,2026-03-23 21:18:22,0
전탄님,UNKNOWN,2026-03-23 21:18:22,0
잎무늬,UNKNOWN,2026-03-23 21:18:22,0
택시,UNKNOWN,2026-03-23 21:18:22,0
베엘,UNKNOWN,2026-03-23 21:18:22,0
놓임,UNKNOWN,2026-03-23 21:18:22,0
탕이뵤리,UNKNOWN,2026-03-23 21:18:22,0
펑란,UNKNOWN,2026-03-23 21:18:22,0
상어킹aa,UNKNOWN,2026-03-23 21:18:22,0
숭실대이동현,UNKNOWN,2026-03-23 21:18:22,0
꺼멍,UNKNOWN,2026-03-23 21:18:22,0
자킷,UNKNOWN,2026-03-23 21:18:22,0
찔렁이,UNKNOWN,2026-03-23 21:18:22,0
돌아라설월화,UNKNOWN,2026-03-23 21:18:22,0
레몬,UNKNOWN,2026-03-23 21:18:22,0
뽀갈,UNKNOWN,2026-03-23 21:18:22,0
일수꾼,UNKNOWN,2026-03-23 21:18:22,0
햇살프로틴,UNKNOWN,2026-03-23 21:18:22,0
오리풀,UNKNOWN,2026-03-23 21:18:22,0
채열,UNKNOWN,2026-03-23 21:18:22,0
쁨나,UNKNOWN,2026-03-23 21:18:22,0
헤봐,UNKNOWN,2026-03-23 21:18:22,0
장롱렌,UNKNOWN,2026-03-23 21:18:22,0
초림,UNKNOWN,2026-03-23 21:18:22,0
그어헝,UNKNOWN,2026-03-23 21:18:23,0
연몽,UNKNOWN,2026-03-23 21:18:23,0
팡칠,UNKNOWN,2026-03-23 21:18:23,0
ZRTdarknight,UNKNOWN,2026-03-23 21:18:23,0
에바꽁치파,UNKNOWN,2026-03-23 21:18:23,0
남캠,UNKNOWN,2026-03-23 21:18:23,0
바츠그램하츠,UNKNOWN,2026-03-23 21:18:23,0
렌선뽑을까,UNKNOWN,2026-03-23 21:18:23,0
곰별이발랄해,UNKNOWN,2026-03-23 21:18:23,0
조때찌롱,UNKNOWN,2026-03-23 21:18:23,0
호판다,UNKNOWN,2026-03-23 21:18:23,0
Dreamy,UNKNOWN,2026-03-23 21:18:23,0
디바이드,UNKNOWN,2026-03-23 21:18:23,0
덱버지,UNKNOWN,2026-03-23 21:18:23,0
에그니,UNKNOWN,2026-03-23 21:18:23,0
민란,UNKNOWN,2026-03-23 21:18:23,0
알씩,UNKNOWN,2026-03-23 21:18:23,0
삥쏘,UNKNOWN,2026-03-23 21:18:23,0
강긴,UNKNOWN,2026-03-23 21:18:23,0
당가라둥딩당,UNKNOWN,2026-03-23 21:18:23,0
비슨지,UNKNOWN,2026-03-23 21:18:23,0
나궁토,UNKNOWN,2026-03-23 21:18:23,0
랜튀,UNKNOWN,2026-03-23 21:18:23,0
갱이,UNKNOWN,2026-03-23 21:18:23,0
e맞춘이렐,UNKNOWN,2026-03-23 21:18:23,0
느륌,UNKNOWN,2026-03-23 21:18:23,0
다우디,UNKNOWN,2026-03-23 21:18:23,0
투묘,UNKNOWN,2026-03-23 21:18:23,0
앙상현띠,UNKNOWN,2026-03-23 21:18:23,0
지슈,UNKNOWN,2026-03-23 21:18:23,0
서행,UNKNOWN,2026-03-23 21:18:23,0
천말,UNKNOWN,2026-03-23 21:18:23,0
세동강난머리,UNKNOWN,2026-03-23 21:18:23,0
판국,UNKNOWN,2026-03-23 21:18:23,0
리오,UNKNOWN,2026-03-23 21:18:23,0
펭혐,UNKNOWN,2026-03-23 21:18:23,0
북조선,UNKNOWN,2026-03-23 21:18:23,0
메르유저,UNKNOWN,2026-03-23 21:18:23,0
연습실,UNKNOWN,2026-03-23 21:18:23,0
강오닝,UNKNOWN,2026-03-23 21:18:23,0
무궁화,UNKNOWN,2026-03-23 21:18:23,0
나꼬,UNKNOWN,2026-03-23 21:18:23,0
한큐,UNKNOWN,2026-03-23 21:18:23,0
기획나워,UNKNOWN,2026-03-23 21:18:23,0
나더지,UNKNOWN,2026-03-23 21:18:23,0
빚값,UNKNOWN,2026-03-23 21:18:23,0
야했츄,UNKNOWN,2026-03-23 21:18:23,0
씁렁,UNKNOWN,2026-03-23 21:18:23,0
한지원,UNKNOWN,2026-03-23 21:18:23,0
다강,UNKNOWN,2026-03-23 21:18:23,0
화땡,UNKNOWN,2026-03-23 21:18:23,0
삐툴어질거야,UNKNOWN,2026-03-23 21:18:23,0
낙혜,UNKNOWN,2026-03-23 21:18:23,0
루샨,UNKNOWN,2026-03-23 21:18:23,0
댈석,UNKNOWN,2026-03-23 21:18:23,0
혁꾸,UNKNOWN,2026-03-23 21:18:23,0
분석가,UNKNOWN,2026-03-23 21:18:23,0
얼치기현,UNKNOWN,2026-03-23 21:18:23,0
르네,UNKNOWN,2026-03-23 21:18:23,0
창길,UNKNOWN,2026-03-23 21:18:23,0
후닝333,UNKNOWN,2026-03-23 21:18:23,0
윤봄,UNKNOWN,2026-03-23 21:18:23,0
수호자의루비,UNKNOWN,2026-03-23 21:18:23,0
벌렁벌렁벌렁,UNKNOWN,2026-03-23 21:18:23,0
단풍잎,UNKNOWN,2026-03-23 21:18:23,0
가냐,UNKNOWN,2026-03-23 21:18:23,0
필독,UNKNOWN,2026-03-23 21:18:24,0
나이트,UNKNOWN,2026-03-23 21:18:24,0
평룡,UNKNOWN,2026-03-23 21:18:24,0
도핑,UNKNOWN,2026-03-23 21:18:24,0
해성이,UNKNOWN,2026-03-23 21:18:24,0
요번,UNKNOWN,2026-03-23 21:18:24,0
최탱우,UNKNOWN,2026-03-23 21:18:24,0
영삼,UNKNOWN,2026-03-23 21:18:24,0
상상가온,UNKNOWN,2026-03-23 21:18:24,0
품절,UNKNOWN,2026-03-23 21:18:24,0
큐브돌려,UNKNOWN,2026-03-23 21:18:24,0
삼키,UNKNOWN,2026-03-23 21:18:24,0
부우,UNKNOWN,2026-03-23 21:18:24,0
소이오곡,UNKNOWN,2026-03-23 21:18:24,0
비화원아가씨,UNKNOWN,2026-03-23 21:18:24,0
몽열,UNKNOWN,2026-03-23 21:18:24,0
약초쓰다,UNKNOWN,2026-03-23 21:18:24,0
펭귄12,UNKNOWN,2026-03-23 21:18:24,0
걍접,UNKNOWN,2026-03-23 21:18:24,0
박제훈,UNKNOWN,2026-03-23 21:18:24,0
톡캣,UNKNOWN,2026-03-23 21:18:24,0
삼색이,UNKNOWN,2026-03-23 21:18:24,0
오뭉,UNKNOWN,2026-03-23 21:18:24,0
다크나있트,UNKNOWN,2026-03-23 21:18:24,0
야히히콤보t,UNKNOWN,2026-03-23 21:18:24,0
엔도르시,UNKNOWN,2026-03-23 21:18:24,0
미필노상종,UNKNOWN,2026-03-23 21:18:24,0
후더링A,UNKNOWN,2026-03-23 21:18:24,0
분출박사,UNKNOWN,2026-03-23 21:18:24,0
리구,UNKNOWN,2026-03-23 21:18:24,0
연필,UNKNOWN,2026-03-23 21:18:24,0
쩌러,UNKNOWN,2026-03-23 21:18:24,0
콩콩찬,UNKNOWN,2026-03-23 21:18:24,0
윤윤,UNKNOWN,2026-03-23 21:18:24,0
선목,UNKNOWN,2026-03-23 21:18:24,0
바갱미,UNKNOWN,2026-03-23 21:18:24,0
문샌님,UNKNOWN,2026-03-23 21:18:24,0
취노,UNKNOWN,2026-03-23 21:18:24,0
토끼녀,UNKNOWN,2026-03-23 21:18:24,0
더블키,UNKNOWN,2026-03-23 21:18:24,0
승규닝,UNKNOWN,2026-03-23 21:18:24,0
쿵땡,UNKNOWN,2026-03-23 21:18:24,0
빅치즈,UNKNOWN,2026-03-23 21:18:24,0
좀텀,UNKNOWN,2026-03-23 21:18:24,0
별찌,UNKNOWN,2026-03-23 21:18:24,0
바몬,UNKNOWN,2026-03-23 21:18:24,0
풍잡,UNKNOWN,2026-03-23 21:18:24,0
프룬,UNKNOWN,2026-03-23 21:18:24,0
직녀,UNKNOWN,2026-03-23 21:18:24,0
소민,UNKNOWN,2026-03-23 21:18:24,0
둥근면봉이,UNKNOWN,2026-03-23 21:18:24,0
떼서,UNKNOWN,2026-03-23 21:18:24,0
닷콩,UNKNOWN,2026-03-23 21:18:24,0
어준,UNKNOWN,2026-03-23 21:18:24,0
며머,UNKNOWN,2026-03-23 21:18:24,0
악겁,UNKNOWN,2026-03-23 21:18:24,0
거미루,UNKNOWN,2026-03-23 21:18:24,0
빨간약줘,UNKNOWN,2026-03-23 21:18:24,0
코사마사코,UNKNOWN,2026-03-23 21:18:24,0
궁술,UNKNOWN,2026-03-23 21:18:24,0
카토메구미,UNKNOWN,2026-03-23 21:18:24,0
가넷,UNKNOWN,2026-03-23 21:18:24,0
팥정맨,UNKNOWN,2026-03-23 21:18:24,0
x데스라이트x,UNKNOWN,2026-03-23 21:18:24,0
냉면아린,UNKNOWN,2026-03-23 21:18:24,0
낭만적수학,UNKNOWN,2026-03-23 21:18:24,0
하리오보,UNKNOWN,2026-03-23 21:18:24,0
솔솔솔,UNKNOWN,2026-03-23 21:18:24,0
한누리,UNKNOWN,2026-03-23 21:18:24,0
파닭v,UNKNOWN,2026-03-23 21:18:24,0
미남애환,UNKNOWN,2026-03-23 21:18:24,0
마젤,UNKNOWN,2026-03-23 21:18:25,0
지안이본캐,UNKNOWN,2026-03-23 21:18:25,0
진자림,UNKNOWN,2026-03-23 21:18:25,0
좀삐,UNKNOWN,2026-03-23 21:18:25,0
팬더뿌,UNKNOWN,2026-03-23 21:18:25,0
쎌피,UNKNOWN,2026-03-23 21:18:25,0
DiamondTT,UNKNOWN,2026-03-23 21:18:25,0
토푭,UNKNOWN,2026-03-23 21:18:25,0
태기,UNKNOWN,2026-03-23 21:18:25,0
슈가친누나,UNKNOWN,2026-03-23 21:18:25,0
순이네커피,UNKNOWN,2026-03-23 21:18:25,0
섀쁘스트미날,UNKNOWN,2026-03-23 21:18:25,0
처와,UNKNOWN,2026-03-23 21:18:25,0
Looksam,UNKNOWN,2026-03-23 21:18:25,0
해림,UNKNOWN,2026-03-23 21:18:25,0
팅미,UNKNOWN,2026-03-23 21:18:25,0
최우용,UNKNOWN,2026-03-23 21:18:25,0
쥔님,UNKNOWN,2026-03-23 21:18:25,0
액셀,UNKNOWN,2026-03-23 21:18:25,0
잔비,UNKNOWN,2026-03-23 21:18:25,0
트리스타나,UNKNOWN,2026-03-23 21:18:25,0
리움퓨,UNKNOWN,2026-03-23 21:18:25,0
차호연,UNKNOWN,2026-03-23 21:18:25,0
현꽃,UNKNOWN,2026-03-23 21:18:25,0
하쓰,UNKNOWN,2026-03-23 21:18:25,0
훈만,UNKNOWN,2026-03-23 21:18:25,0
꿎떠,UNKNOWN,2026-03-23 21:18:25,0
비소,UNKNOWN,2026-03-23 21:18:25,0
팅아,UNKNOWN,2026-03-23 21:18:25,0
항찐,UNKNOWN,2026-03-23 21:18:25,0
피버,UNKNOWN,2026-03-23 21:18:25,0
앵몬,UNKNOWN,2026-03-23 21:18:25,0
뿔구,UNKNOWN,2026-03-23 21:18:25,0
서쑤호,UNKNOWN,2026-03-23 21:18:25,0
얼어,UNKNOWN,2026-03-23 21:18:25,0
쪼깔,UNKNOWN,2026-03-23 21:18:25,0
물용,UNKNOWN,2026-03-23 21:18:25,0
이미르스띤,UNKNOWN,2026-03-23 21:18:25,0
벤피,UNKNOWN,2026-03-23 21:18:25,0
웡키,UNKNOWN,2026-03-23 21:18:25,0
함몽실,UNKNOWN,2026-03-23 21:18:25,0
로혜,UNKNOWN,2026-03-23 21:18:25,0
엘꼬로,UNKNOWN,2026-03-23 21:18:25,0
모링,UNKNOWN,2026-03-23 21:18:25,0
만찐이,UNKNOWN,2026-03-23 21:18:25,0
롱은,UNKNOWN,2026-03-23 21:18:25,0
돌때,UNKNOWN,2026-03-23 21:18:25,0
구르,UNKNOWN,2026-03-23 21:18:25,0
리토잉,UNKNOWN,2026-03-23 21:18:25,0
스니커즈,UNKNOWN,2026-03-23 21:18:25,0
진재림,UNKNOWN,2026-03-23 21:18:25,0
메루매루먀,UNKNOWN,2026-03-23 21:18:25,0
동수,UNKNOWN,2026-03-23 21:18:25,0
뮤지컬,UNKNOWN,2026-03-23 21:18:25,0
뿌오루,UNKNOWN,2026-03-23 21:18:25,0
사월엉,UNKNOWN,2026-03-23 21:18:25,0
DoranRing,UNKNOWN,2026-03-23 21:18:26,0
하유니,UNKNOWN,2026-03-23 21:18:26,0
히어로건오,UNKNOWN,2026-03-23 21:18:26,0
9슬바,UNKNOWN,2026-03-23 21:18:26,0
킁솜,UNKNOWN,2026-03-23 21:18:26,0
얏옹,UNKNOWN,2026-03-23 21:18:26,0
술히,UNKNOWN,2026-03-23 21:18:26,0
냥이꾸짖기,UNKNOWN,2026-03-23 21:18:26,0
멍청이v,UNKNOWN,2026-03-23 21:18:26,0
띠기숍,UNKNOWN,2026-03-23 21:18:26,0
스노우보드,UNKNOWN,2026-03-23 21:18:26,0
무벽,UNKNOWN,2026-03-23 21:18:26,0
착한맛,UNKNOWN,2026-03-23 21:18:26,0
티에심셔틀,UNKNOWN,2026-03-23 21:18:26,0
벨벳남,UNKNOWN,2026-03-23 21:18:26,0
알샤,UNKNOWN,2026-03-23 21:18:26,0
방배데붕이,UNKNOWN,2026-03-23 21:18:26,0
맥돌,UNKNOWN,2026-03-23 21:18:26,0
케나,UNKNOWN,2026-03-23 21:18:26,0
쩌로,UNKNOWN,2026-03-23 21:18:26,0
다크란돌,UNKNOWN,2026-03-23 21:18:26,0
신대륙,UNKNOWN,2026-03-23 21:18:26,0
뚜견,UNKNOWN,2026-03-23 21:18:26,0
불독소녀창욱,UNKNOWN,2026-03-23 21:18:26,0
숙원,UNKNOWN,2026-03-23 21:18:26,0
킬렁,UNKNOWN,2026-03-23 21:18:26,0
기린앵두,UNKNOWN,2026-03-23 21:18:26,0
피우이,UNKNOWN,2026-03-23 21:18:26,0
화려한하늘,UNKNOWN,2026-03-23 21:18:26,0
당소,UNKNOWN,2026-03-23 21:18:26,0
있으,UNKNOWN,2026-03-23 21:18:26,0
멩수,UNKNOWN,2026-03-23 21:18:26,0
깜엥,UNKNOWN,2026-03-23 21:18:26,0
익스트림스우,UNKNOWN,2026-03-23 21:18:26,0
키모,UNKNOWN,2026-03-23 21:18:26,0
알쁘,UNKNOWN,2026-03-23 21:18:26,0
감탄,UNKNOWN,2026-03-23 21:18:26,0
생젱,UNKNOWN,2026-03-23 21:18:26,0
주녁,UNKNOWN,2026-03-23 21:18:26,0
해군특전병,UNKNOWN,2026-03-23 21:18:26,0
아꾸아리움,UNKNOWN,2026-03-23 21:18:26,0
특차,UNKNOWN,2026-03-23 21:18:26,0
하얀검,UNKNOWN,2026-03-23 21:18:26,0
캠치,UNKNOWN,2026-03-23 21:18:26,0
몽화,UNKNOWN,2026-03-23 21:18:26,0
허니카룽,UNKNOWN,2026-03-23 21:18:26,0
티연,UNKNOWN,2026-03-23 21:18:26,0
해씨잼,UNKNOWN,2026-03-23 21:18:26,0
진혼도,UNKNOWN,2026-03-23 21:18:26,0
몰컴,UNKNOWN,2026-03-23 21:18:26,0
춘택님,UNKNOWN,2026-03-23 21:18:26,0
냐옹이,UNKNOWN,2026-03-23 21:18:26,0
리스펙,UNKNOWN,2026-03-23 21:18:26,0
수히,UNKNOWN,2026-03-23 21:18:26,0
바람을너에게,UNKNOWN,2026-03-23 21:18:26,0
윤협,UNKNOWN,2026-03-23 21:18:26,0
밀테,UNKNOWN,2026-03-23 21:18:26,0
사도,UNKNOWN,2026-03-23 21:18:26,0
쌔쓰,UNKNOWN,2026-03-23 21:18:26,0
혀기쨘,UNKNOWN,2026-03-23 21:18:26,0
브뤠스토,UNKNOWN,2026-03-23 21:18:26,0
촬영팀,UNKNOWN,2026-03-23 21:18:26,0
싸악,UNKNOWN,2026-03-23 21:18:26,0
쯔뚜,UNKNOWN,2026-03-23 21:18:26,0
착시도,UNKNOWN,2026-03-23 21:18:26,0
시표,UNKNOWN,2026-03-23 21:18:27,0
익플,UNKNOWN,2026-03-23 21:18:27,0
나눔닉,UNKNOWN,2026-03-23 21:18:27,0
과감,UNKNOWN,2026-03-23 21:18:27,0
열대우기,UNKNOWN,2026-03-23 21:18:27,0
네둥네둥,UNKNOWN,2026-03-23 21:18:27,0
써든나로,UNKNOWN,2026-03-23 21:18:27,0
저고리,UNKNOWN,2026-03-23 21:18:27,0
장수말벌,UNKNOWN,2026-03-23 21:18:27,0
급소,UNKNOWN,2026-03-23 21:18:27,0
전승학파사서,UNKNOWN,2026-03-23 21:18:27,0
힐함,UNKNOWN,2026-03-23 21:18:27,0
라현,UNKNOWN,2026-03-23 21:18:27,0
박진성,UNKNOWN,2026-03-23 21:18:27,0
무꾸호엥,UNKNOWN,2026-03-23 21:18:27,0
국민연금,UNKNOWN,2026-03-23 21:18:27,0
피니충,UNKNOWN,2026-03-23 21:18:27,0
드내,UNKNOWN,2026-03-23 21:18:27,0
감당나로,UNKNOWN,2026-03-23 21:18:27,0
쏘울,UNKNOWN,2026-03-23 21:18:27,0
메똥,UNKNOWN,2026-03-23 21:18:27,0
먹음쟁이,UNKNOWN,2026-03-23 21:18:27,0
아재,UNKNOWN,2026-03-23 21:18:27,0
린한나,UNKNOWN,2026-03-23 21:18:27,0
Shower66,UNKNOWN,2026-03-23 21:18:27,0
무등산호렌이,UNKNOWN,2026-03-23 21:18:27,0
탄환님,UNKNOWN,2026-03-23 21:18:27,0
타이츠로이드,UNKNOWN,2026-03-23 21:18:27,0
별도경,UNKNOWN,2026-03-23 21:18:27,0
3분할조져,UNKNOWN,2026-03-23 21:18:27,0
로한,UNKNOWN,2026-03-23 21:18:27,0
마비노기,UNKNOWN,2026-03-23 21:18:27,0
망몬,UNKNOWN,2026-03-23 21:18:27,0
문래동,UNKNOWN,2026-03-23 21:18:27,0
은띠,UNKNOWN,2026-03-23 21:18:27,0
호이또잇,UNKNOWN,2026-03-23 21:18:27,0
오비쯔,UNKNOWN,2026-03-23 21:18:27,0
김마포,UNKNOWN,2026-03-23 21:18:27,0
뭉머러멍뭉멍,UNKNOWN,2026-03-23 21:18:27,0
젤둘,UNKNOWN,2026-03-23 21:18:27,0
애뿔,UNKNOWN,2026-03-23 21:18:27,0
딴딴껍질,UNKNOWN,2026-03-23 21:18:27,0
싱유,UNKNOWN,2026-03-23 21:18:27,0
씹월,UNKNOWN,2026-03-23 21:18:27,0
별땅,UNKNOWN,2026-03-23 21:18:27,0
리부트나루토,UNKNOWN,2026-03-23 21:18:27,0
크뎀,UNKNOWN,2026-03-23 21:18:27,0
낭설,UNKNOWN,2026-03-23 21:18:27,0
구가,UNKNOWN,2026-03-23 21:18:27,0
설희,UNKNOWN,2026-03-23 21:18:27,0
김흐시,UNKNOWN,2026-03-23 21:18:27,0
시바몽실,UNKNOWN,2026-03-23 21:18:27,0
미라주보,UNKNOWN,2026-03-23 21:18:27,0
김시진,UNKNOWN,2026-03-23 21:18:27,0
백남,UNKNOWN,2026-03-23 21:18:27,0
쿠마신사,UNKNOWN,2026-03-23 21:18:27,0
웡교,UNKNOWN,2026-03-23 21:18:27,0
임상센터,UNKNOWN,2026-03-23 21:18:27,0
아이농,UNKNOWN,2026-03-23 21:18:27,0
퍼줘,UNKNOWN,2026-03-23 21:18:27,0
배회,UNKNOWN,2026-03-23 21:18:27,0
피굔,UNKNOWN,2026-03-23 21:18:27,0
강수쮸쮸,UNKNOWN,2026-03-23 21:18:27,0
zl전,UNKNOWN,2026-03-23 21:18:27,0
오미자,UNKNOWN,2026-03-23 21:18:27,0
넷쭁,UNKNOWN,2026-03-23 21:18:27,0
성직자토깽이,UNKNOWN,2026-03-23 21:18:27,0
류한일,UNKNOWN,2026-03-23 21:18:27,0
사서,UNKNOWN,2026-03-23 21:18:27,0
너스킬좀쓸게,UNKNOWN,2026-03-23 21:18:28,0
굉이,UNKNOWN,2026-03-23 21:18:28,0
은신,UNKNOWN,2026-03-23 21:18:28,0
진실게임,UNKNOWN,2026-03-23 21:18:28,0
바이퍼세용,UNKNOWN,2026-03-23 21:18:28,0
혼신,UNKNOWN,2026-03-23 21:18:28,0
아따좋다야,UNKNOWN,2026-03-23 21:18:28,0
재비늘버섯,UNKNOWN,2026-03-23 21:18:28,0
와타코코,UNKNOWN,2026-03-23 21:18:28,0
정요,UNKNOWN,2026-03-23 21:18:28,0
용가리칸나,UNKNOWN,2026-03-23 21:18:28,0
벵거,UNKNOWN,2026-03-23 21:18:28,0
DJMAX흥이,UNKNOWN,2026-03-23 21:18:28,0
문체,UNKNOWN,2026-03-23 21:18:28,0
외칼,UNKNOWN,2026-03-23 21:18:28,0
강구,UNKNOWN,2026-03-23 21:18:28,0
타섭,UNKNOWN,2026-03-23 21:18:28,0
따끔하오,UNKNOWN,2026-03-23 21:18:28,0
동곽,UNKNOWN,2026-03-23 21:18:28,0
재낫,UNKNOWN,2026-03-23 21:18:28,0
츠무기,UNKNOWN,2026-03-23 21:18:28,0
흘령,UNKNOWN,2026-03-23 21:18:28,0
청기,UNKNOWN,2026-03-23 21:18:28,0
삐원,UNKNOWN,2026-03-23 21:18:28,0
자향,UNKNOWN,2026-03-23 21:18:28,0
금개,UNKNOWN,2026-03-23 21:18:28,0
강유혁,UNKNOWN,2026-03-23 21:18:28,0
쩌네이런,UNKNOWN,2026-03-23 21:18:28,0
카즈사,UNKNOWN,2026-03-23 21:18:28,0
똥규,UNKNOWN,2026-03-23 21:18:28,0
혼비백산,UNKNOWN,2026-03-23 21:18:28,0
규서기,UNKNOWN,2026-03-23 21:18:28,0
혓쭈,UNKNOWN,2026-03-23 21:18:28,0
띵낮,UNKNOWN,2026-03-23 21:18:28,0
탱숭,UNKNOWN,2026-03-23 21:18:28,0
금강츄,UNKNOWN,2026-03-23 21:18:28,0
투비,UNKNOWN,2026-03-23 21:18:28,0
나쁜말,UNKNOWN,2026-03-23 21:18:28,0
장당,UNKNOWN,2026-03-23 21:18:28,0
담평,UNKNOWN,2026-03-23 21:18:28,0
으뜬,UNKNOWN,2026-03-23 21:18:28,0
몬스터사줘,UNKNOWN,2026-03-23 21:18:28,0
Code번개,UNKNOWN,2026-03-23 21:18:28,0
거즈,UNKNOWN,2026-03-23 21:18:28,0
대추,UNKNOWN,2026-03-23 21:18:28,0
지존갓수영,UNKNOWN,2026-03-23 21:18:28,0
준롤,UNKNOWN,2026-03-23 21:18:28,0
태얌,UNKNOWN,2026-03-23 21:18:28,0
규애라,UNKNOWN,2026-03-23 21:18:28,0
밤허,UNKNOWN,2026-03-23 21:18:28,0
마묠,UNKNOWN,2026-03-23 21:18:28,0
승챤,UNKNOWN,2026-03-23 21:18:28,0
가쁘,UNKNOWN,2026-03-23 21:18:28,0
씸슨,UNKNOWN,2026-03-23 21:18:28,0
멜팅,UNKNOWN,2026-03-23 21:18:28,0
퉁국밥,UNKNOWN,2026-03-23 21:18:28,0
뫼써,UNKNOWN,2026-03-23 21:18:28,0
와락,UNKNOWN,2026-03-23 21:18:28,0
들교사,UNKNOWN,2026-03-23 21:18:28,0
이슈링,UNKNOWN,2026-03-23 21:18:28,0
푸동메,UNKNOWN,2026-03-23 21:18:28,0
김부다,UNKNOWN,2026-03-23 21:18:28,0
주라미,UNKNOWN,2026-03-23 21:18:29,0
코흘,UNKNOWN,2026-03-23 21:18:29,0
원터치,UNKNOWN,2026-03-23 21:18:29,0
나유,UNKNOWN,2026-03-23 21:18:29,0
약사면허,UNKNOWN,2026-03-23 21:18:29,0
도구꿀통,UNKNOWN,2026-03-23 21:18:29,0
쓰왑이득,UNKNOWN,2026-03-23 21:18:29,0
놀라운극딜,UNKNOWN,2026-03-23 21:18:29,0
창르,UNKNOWN,2026-03-23 21:18:29,0
해방흑형,UNKNOWN,2026-03-23 21:18:29,0
새싹,UNKNOWN,2026-03-23 21:18:29,0
경한,UNKNOWN,2026-03-23 21:18:29,0
착각,UNKNOWN,2026-03-23 21:18:29,0
난쟁이의밤,UNKNOWN,2026-03-23 21:18:29,0
슬님,UNKNOWN,2026-03-23 21:18:29,0
별빛포효,UNKNOWN,2026-03-23 21:18:29,0
녜일,UNKNOWN,2026-03-23 21:18:29,0
사느,UNKNOWN,2026-03-23 21:18:29,0
삐삐님,UNKNOWN,2026-03-23 21:18:29,0
버발지,UNKNOWN,2026-03-23 21:18:29,0
숍양주,UNKNOWN,2026-03-23 21:18:29,0
버스비,UNKNOWN,2026-03-23 21:18:29,0
쉽당,UNKNOWN,2026-03-23 21:18:29,0
N고기,UNKNOWN,2026-03-23 21:18:29,0
영채,UNKNOWN,2026-03-23 21:18:29,0
과자사람,UNKNOWN,2026-03-23 21:18:29,0
왔슈,UNKNOWN,2026-03-23 21:18:29,0
쓱키,UNKNOWN,2026-03-23 21:18:29,0
삽개,UNKNOWN,2026-03-23 21:18:29,0
검정딜러,UNKNOWN,2026-03-23 21:18:29,0
재떨이,UNKNOWN,2026-03-23 21:18:29,0
오제윤,UNKNOWN,2026-03-23 21:18:29,0
강민,UNKNOWN,2026-03-23 21:18:29,0
쀼챠,UNKNOWN,2026-03-23 21:18:29,0
반사,UNKNOWN,2026-03-23 21:18:29,0
카나,UNKNOWN,2026-03-23 21:18:29,0
Nelita,UNKNOWN,2026-03-23 21:18:29,0
리그,UNKNOWN,2026-03-23 21:18:29,0
테슬라짱,UNKNOWN,2026-03-23 21:18:29,0
빵승,UNKNOWN,2026-03-23 21:18:29,0
주힛,UNKNOWN,2026-03-23 21:18:29,0
컨시,UNKNOWN,2026-03-23 21:18:29,0
듀랑고엘린,UNKNOWN,2026-03-23 21:18:29,0
황산,UNKNOWN,2026-03-23 21:18:29,0
도비는,UNKNOWN,2026-03-23 21:18:29,0
텔마,UNKNOWN,2026-03-23 21:18:29,0
스갸,UNKNOWN,2026-03-23 21:18:29,0
골카,UNKNOWN,2026-03-23 21:18:29,0
츌츌,UNKNOWN,2026-03-23 21:18:29,0
준롱,UNKNOWN,2026-03-23 21:18:29,0
반포역,UNKNOWN,2026-03-23 21:18:29,0
연봉,UNKNOWN,2026-03-23 21:18:29,0
짜근칼,UNKNOWN,2026-03-23 21:18:29,0
메주담당일진,UNKNOWN,2026-03-23 21:18:29,0
장은주,UNKNOWN,2026-03-23 21:18:29,0
울산남구달동,UNKNOWN,2026-03-23 21:18:29,0
10김,UNKNOWN,2026-03-23 21:18:29,0
겜블,UNKNOWN,2026-03-23 21:18:29,0
장쿠름,UNKNOWN,2026-03-23 21:18:29,0
보카뷸러리,UNKNOWN,2026-03-23 21:18:29,0
뭉제,UNKNOWN,2026-03-23 21:18:30,0
별우,UNKNOWN,2026-03-23 21:18:30,0
허상,UNKNOWN,2026-03-23 21:18:30,0
떠넝,UNKNOWN,2026-03-23 21:18:30,0
로아대왕,UNKNOWN,2026-03-23 21:18:30,0
견훈,UNKNOWN,2026-03-23 21:18:30,0
민기교신교,UNKNOWN,2026-03-23 21:18:30,0
연휴,UNKNOWN,2026-03-23 21:18:30,0
러애,UNKNOWN,2026-03-23 21:18:30,0
데큐,UNKNOWN,2026-03-23 21:18:30,0
사이,UNKNOWN,2026-03-23 21:18:30,0
허공,UNKNOWN,2026-03-23 21:18:30,0
침략,UNKNOWN,2026-03-23 21:18:30,0
성바l,UNKNOWN,2026-03-23 21:18:30,0
원주군,UNKNOWN,2026-03-23 21:18:30,0
DplusKIA,UNKNOWN,2026-03-23 21:18:30,0
까만,UNKNOWN,2026-03-23 21:18:30,0
수매,UNKNOWN,2026-03-23 21:18:30,0
예뿌니,UNKNOWN,2026-03-23 21:18:30,0
염질,UNKNOWN,2026-03-23 21:18:30,0
윤좌홍,UNKNOWN,2026-03-23 21:18:30,0
아기푸,UNKNOWN,2026-03-23 21:18:30,0
마화렌,UNKNOWN,2026-03-23 21:18:30,0
윰서폿,UNKNOWN,2026-03-23 21:18:30,0
달쏭,UNKNOWN,2026-03-23 21:18:30,0
롤링커브,UNKNOWN,2026-03-23 21:18:30,0
솜냥,UNKNOWN,2026-03-23 21:18:30,0
검황만두,UNKNOWN,2026-03-23 21:18:30,0
데빌듄,UNKNOWN,2026-03-23 21:18:30,0
지쌍,UNKNOWN,2026-03-23 21:18:30,0
삐야,UNKNOWN,2026-03-23 21:18:30,0
바론,UNKNOWN,2026-03-23 21:18:30,0
형이표도,UNKNOWN,2026-03-23 21:18:30,0
풍류의라라,UNKNOWN,2026-03-23 21:18:30,0
달아,UNKNOWN,2026-03-23 21:18:30,0
향기,UNKNOWN,2026-03-23 21:18:30,0
쌀라디,UNKNOWN,2026-03-23 21:18:30,0
달해,UNKNOWN,2026-03-23 21:18:30,0
여블리빵,UNKNOWN,2026-03-23 21:18:30,0
심뽈,UNKNOWN,2026-03-23 21:18:30,0
새아홍,UNKNOWN,2026-03-23 21:18:30,0
거실,UNKNOWN,2026-03-23 21:18:30,0
평딜파업,UNKNOWN,2026-03-23 21:18:30,0
달멩,UNKNOWN,2026-03-23 21:18:30,0
폭뢰,UNKNOWN,2026-03-23 21:18:30,0
먀반,UNKNOWN,2026-03-23 21:18:30,0
카똥챔,UNKNOWN,2026-03-23 21:18:30,0
심슨,UNKNOWN,2026-03-23 21:18:30,0
출혈,UNKNOWN,2026-03-23 21:18:30,0
밀됴즈,UNKNOWN,2026-03-23 21:18:30,0
믹시,UNKNOWN,2026-03-23 21:18:30,0
만듀,UNKNOWN,2026-03-23 21:18:30,0
챔쨩,UNKNOWN,2026-03-23 21:18:30,0
구쓰,UNKNOWN,2026-03-23 21:18:30,0
알파센타우리,UNKNOWN,2026-03-23 21:18:30,0
학부모,UNKNOWN,2026-03-23 21:18:30,0
김규석,UNKNOWN,2026-03-23 21:18:30,0
바니일껄,UNKNOWN,2026-03-23 21:18:31,0
새름,UNKNOWN,2026-03-23 21:18:31,0
보아,UNKNOWN,2026-03-23 21:18:31,0
병든뻐꾸기,UNKNOWN,2026-03-23 21:18:31,0
뎀바,UNKNOWN,2026-03-23 21:18:31,0
죽기,UNKNOWN,2026-03-23 21:18:31,0
카인드팡,UNKNOWN,2026-03-23 21:18:31,0
정려원,UNKNOWN,2026-03-23 21:18:31,0
o한뫼,UNKNOWN,2026-03-23 21:18:31,0
날먹메린이,UNKNOWN,2026-03-23 21:18:31,0
아델뱃살얌,UNKNOWN,2026-03-23 21:18:31,0
초록석,UNKNOWN,2026-03-23 21:18:31,0
용마산협곡론,UNKNOWN,2026-03-23 21:18:31,0
동대문최사장,UNKNOWN,2026-03-23 21:18:31,0
경성대,UNKNOWN,2026-03-23 21:18:31,0
어썰트,UNKNOWN,2026-03-23 21:18:31,0
성실함,UNKNOWN,2026-03-23 21:18:31,0
율렌솜,UNKNOWN,2026-03-23 21:18:31,0
부순,UNKNOWN,2026-03-23 21:18:31,0
넣고,UNKNOWN,2026-03-23 21:18:31,0
전수조사,UNKNOWN,2026-03-23 21:18:31,0
빨랭,UNKNOWN,2026-03-23 21:18:31,0
개북,UNKNOWN,2026-03-23 21:18:31,0
마마링,UNKNOWN,2026-03-23 21:18:31,0
FOLDER,UNKNOWN,2026-03-23 21:18:31,0
깡수,UNKNOWN,2026-03-23 21:18:31,0
긔욤나도,UNKNOWN,2026-03-23 21:18:31,0
해운대김보민,UNKNOWN,2026-03-23 21:18:31,0
신림동대물,UNKNOWN,2026-03-23 21:18:31,0
김범규,UNKNOWN,2026-03-23 21:18:31,0
앵글,UNKNOWN,2026-03-23 21:18:31,0
츠넉,UNKNOWN,2026-03-23 21:18:31,0
범섬,UNKNOWN,2026-03-23 21:18:31,0
도톰,UNKNOWN,2026-03-23 21:18:31,0
피내리,UNKNOWN,2026-03-23 21:18:31,0
여갤,UNKNOWN,2026-03-23 21:18:31,0
마셔,UNKNOWN,2026-03-23 21:18:31,0
질투요괴,UNKNOWN,2026-03-23 21:18:31,0
별따서너줄께,UNKNOWN,2026-03-23 21:18:31,0
베이글,UNKNOWN,2026-03-23 21:18:31,0
이은정,UNKNOWN,2026-03-23 21:18:31,0
루기아,UNKNOWN,2026-03-23 21:18:31,0
뭉이빵이,UNKNOWN,2026-03-23 21:18:31,0
뀨피,UNKNOWN,2026-03-23 21:18:31,0
몽갓두,UNKNOWN,2026-03-23 21:18:31,0
사랑집,UNKNOWN,2026-03-23 21:18:31,0
달콤한달이,UNKNOWN,2026-03-23 21:18:31,0
요요,UNKNOWN,2026-03-23 21:18:31,0
엔피시,UNKNOWN,2026-03-23 21:18:31,0
고라니다야,UNKNOWN,2026-03-23 21:18:31,0
뜨띠,UNKNOWN,2026-03-23 21:18:31,0
파업,UNKNOWN,2026-03-23 21:18:31,0
심호보,UNKNOWN,2026-03-23 21:18:31,0
핫츠,UNKNOWN,2026-03-23 21:18:31,0
카스트제논,UNKNOWN,2026-03-23 21:18:31,0
S2엘프왕,UNKNOWN,2026-03-23 21:18:31,0
멍줄,UNKNOWN,2026-03-23 21:18:31,0
너민,UNKNOWN,2026-03-23 21:18:31,0
보스만잡죠뭐,UNKNOWN,2026-03-23 21:18:31,0
셔터,UNKNOWN,2026-03-23 21:18:31,0
뭄뭄,UNKNOWN,2026-03-23 21:18:31,0
고쿠,UNKNOWN,2026-03-23 21:18:31,0
꼬마돌과교배,UNKNOWN,2026-03-23 21:18:31,0
지목,UNKNOWN,2026-03-23 21:18:31,0
적치,UNKNOWN,2026-03-23 21:18:31,0
클라스,UNKNOWN,2026-03-23 21:18:31,0
연눈,UNKNOWN,2026-03-23 21:18:31,0
탄트,UNKNOWN,2026-03-23 21:18:32,0
엄티,UNKNOWN,2026-03-23 21:18:32,0
다랭곰,UNKNOWN,2026-03-23 21:18:32,0
팰튼,UNKNOWN,2026-03-23 21:18:32,0
바딘,UNKNOWN,2026-03-23 21:18:32,0
까륵,UNKNOWN,2026-03-23 21:18:32,0
후오황,UNKNOWN,2026-03-23 21:18:32,0
삐얌,UNKNOWN,2026-03-23 21:18:32,0
방이동쾌남,UNKNOWN,2026-03-23 21:18:32,0
브라키오,UNKNOWN,2026-03-23 21:18:32,0
먀로,UNKNOWN,2026-03-23 21:18:32,0
관등,UNKNOWN,2026-03-23 21:18:32,0
교전지,UNKNOWN,2026-03-23 21:18:32,0
정윤이,UNKNOWN,2026-03-23 21:18:32,0
라면,UNKNOWN,2026-03-23 21:18:32,0
노송,UNKNOWN,2026-03-23 21:18:32,0
폭렬,UNKNOWN,2026-03-23 21:18:32,0
조군,UNKNOWN,2026-03-23 21:18:32,0
한가위,UNKNOWN,2026-03-23 21:18:32,0
주잔,UNKNOWN,2026-03-23 21:18:32,0
창로,UNKNOWN,2026-03-23 21:18:32,0
막중,UNKNOWN,2026-03-23 21:18:32,0
촉찹,UNKNOWN,2026-03-23 21:18:32,0
흑인데이,UNKNOWN,2026-03-23 21:18:32,0
튠눠,UNKNOWN,2026-03-23 21:18:32,0
휘용,UNKNOWN,2026-03-23 21:18:32,0
아지르캐리,UNKNOWN,2026-03-23 21:18:32,0
포탑,UNKNOWN,2026-03-23 21:18:32,0
헤롱,UNKNOWN,2026-03-23 21:18:32,0
당동,UNKNOWN,2026-03-23 21:18:32,0
뾰곰,UNKNOWN,2026-03-23 21:18:32,0
거유빈유,UNKNOWN,2026-03-23 21:18:32,0
밀항박씨,UNKNOWN,2026-03-23 21:18:32,0
리화,UNKNOWN,2026-03-23 21:18:32,0
야만,UNKNOWN,2026-03-23 21:18:32,0
o아누,UNKNOWN,2026-03-23 21:18:32,0
뮤우,UNKNOWN,2026-03-23 21:18:32,0
찢져스,UNKNOWN,2026-03-23 21:18:32,0
빵빵원샷,UNKNOWN,2026-03-23 21:18:32,0
점혈,UNKNOWN,2026-03-23 21:18:32,0
숫기,UNKNOWN,2026-03-23 21:18:32,0
킹슬라임,UNKNOWN,2026-03-23 21:18:32,0
데피아즈,UNKNOWN,2026-03-23 21:18:32,0
스웨덴,UNKNOWN,2026-03-23 21:18:32,0
어웨이크,UNKNOWN,2026-03-23 21:18:32,0
드쥐,UNKNOWN,2026-03-23 21:18:32,0
토끼님,UNKNOWN,2026-03-23 21:18:32,0
땅콩이,UNKNOWN,2026-03-23 21:18:32,0
별곡,UNKNOWN,2026-03-23 21:18:32,0
짜잔해,UNKNOWN,2026-03-23 21:18:32,0
고조사툐루,UNKNOWN,2026-03-23 21:18:32,0
공애,UNKNOWN,2026-03-23 21:18:32,0
고교,UNKNOWN,2026-03-23 21:18:32,0
롤후메,UNKNOWN,2026-03-23 21:18:32,0
백운호신,UNKNOWN,2026-03-23 21:18:32,0
허당,UNKNOWN,2026-03-23 21:18:32,0
로큐,UNKNOWN,2026-03-23 21:18:32,0
조동빼이,UNKNOWN,2026-03-23 21:18:32,0
라Vl,UNKNOWN,2026-03-23 21:18:32,0
거즈링,UNKNOWN,2026-03-23 21:18:33,0
럭커,UNKNOWN,2026-03-23 21:18:33,0
간디,UNKNOWN,2026-03-23 21:18:33,0
약탕,UNKNOWN,2026-03-23 21:18:33,0
코미디빅리그,UNKNOWN,2026-03-23 21:18:33,0
조눈,UNKNOWN,2026-03-23 21:18:33,0
현욱,UNKNOWN,2026-03-23 21:18:33,0
따분,UNKNOWN,2026-03-23 21:18:33,0
오꾸,UNKNOWN,2026-03-23 21:18:33,0
친우,UNKNOWN,2026-03-23 21:18:33,0
주나,UNKNOWN,2026-03-23 21:18:33,0
마딩거,UNKNOWN,2026-03-23 21:18:33,0
르챈,UNKNOWN,2026-03-23 21:18:33,0
러브라이버,UNKNOWN,2026-03-23 21:18:33,0
갬갬,UNKNOWN,2026-03-23 21:18:33,0
돼지,UNKNOWN,2026-03-23 21:18:33,0
밍기적,UNKNOWN,2026-03-23 21:18:33,0
소고찌,UNKNOWN,2026-03-23 21:18:33,0
멍디덕,UNKNOWN,2026-03-23 21:18:33,0
덩실,UNKNOWN,2026-03-23 21:18:33,0
빪빪,UNKNOWN,2026-03-23 21:18:33,0
레도,UNKNOWN,2026-03-23 21:18:33,0
세근,UNKNOWN,2026-03-23 21:18:33,0
미누x,UNKNOWN,2026-03-23 21:18:33,0
선량한검,UNKNOWN,2026-03-23 21:18:33,0
양갈래,UNKNOWN,2026-03-23 21:18:33,0
바우,UNKNOWN,2026-03-23 21:18:33,0
과제팀플시험,UNKNOWN,2026-03-23 21:18:33,0
홍챠,UNKNOWN,2026-03-23 21:18:33,0
뎅지리,UNKNOWN,2026-03-23 21:18:33,0
캐닝,UNKNOWN,2026-03-23 21:18:33,0
특수교원,UNKNOWN,2026-03-23 21:18:33,0
Nibelungen,UNKNOWN,2026-03-23 21:18:33,0
민트대박꿀맛,UNKNOWN,2026-03-23 21:18:33,0
쪼나,UNKNOWN,2026-03-23 21:18:33,0
레오빠드로,UNKNOWN,2026-03-23 21:18:33,0
아메솔무향,UNKNOWN,2026-03-23 21:18:33,0
스마일게이트,UNKNOWN,2026-03-23 21:18:33,0
참상어,UNKNOWN,2026-03-23 21:18:33,0
푸키풉키푸키,UNKNOWN,2026-03-23 21:18:33,0
달구르미,UNKNOWN,2026-03-23 21:18:33,0
행메몬,UNKNOWN,2026-03-23 21:18:33,0
이누이,UNKNOWN,2026-03-23 21:18:33,0
방학만하겠지,UNKNOWN,2026-03-23 21:18:33,0
히힝,UNKNOWN,2026-03-23 21:18:33,0
고토,UNKNOWN,2026-03-23 21:18:33,0
효보옹,UNKNOWN,2026-03-23 21:18:33,0
햇나,UNKNOWN,2026-03-23 21:18:33,0
먼갓,UNKNOWN,2026-03-23 21:18:33,0
플러스,UNKNOWN,2026-03-23 21:18:33,0
호천,UNKNOWN,2026-03-23 21:18:33,0
소다미,UNKNOWN,2026-03-23 21:18:33,0
황효식,UNKNOWN,2026-03-23 21:18:33,0
준돼양양,UNKNOWN,2026-03-23 21:18:33,0
모짱3,UNKNOWN,2026-03-23 21:18:33,0
생츄언니,UNKNOWN,2026-03-23 21:18:33,0
파워,UNKNOWN,2026-03-23 21:18:33,0
함석은,UNKNOWN,2026-03-23 21:18:33,0
아찌담,UNKNOWN,2026-03-23 21:18:33,0
첩첩,UNKNOWN,2026-03-23 21:18:33,0
파고,UNKNOWN,2026-03-23 21:18:33,0
꾸냐,UNKNOWN,2026-03-23 21:18:33,0
반타델,UNKNOWN,2026-03-23 21:18:33,0
흥수,UNKNOWN,2026-03-23 21:18:33,0
디윽,UNKNOWN,2026-03-23 21:18:33,0
기요오,UNKNOWN,2026-03-23 21:18:33,0
씨지,UNKNOWN,2026-03-23 21:18:33,0
디테일,UNKNOWN,2026-03-23 21:18:33,0
쵬옹렌,UNKNOWN,2026-03-23 21:18:33,0
수퍼위크,UNKNOWN,2026-03-23 21:18:34,0
뜨리야,UNKNOWN,2026-03-23 21:18:34,0
얼드로,UNKNOWN,2026-03-23 21:18:34,0
라우,UNKNOWN,2026-03-23 21:18:34,0
신속갱킹,UNKNOWN,2026-03-23 21:18:34,0
후갹,UNKNOWN,2026-03-23 21:18:34,0
피산,UNKNOWN,2026-03-23 21:18:34,0
석범,UNKNOWN,2026-03-23 21:18:34,0
듄뎨,UNKNOWN,2026-03-23 21:18:34,0
Maiden,UNKNOWN,2026-03-23 21:18:34,0
탈하림,UNKNOWN,2026-03-23 21:18:34,0
노예남,UNKNOWN,2026-03-23 21:18:34,0
끝커니,UNKNOWN,2026-03-23 21:18:34,0
수능Day73,UNKNOWN,2026-03-23 21:18:34,0
Hosico,UNKNOWN,2026-03-23 21:18:34,0
수각,UNKNOWN,2026-03-23 21:18:34,0
콩떡나비,UNKNOWN,2026-03-23 21:18:34,0
쌍어,UNKNOWN,2026-03-23 21:18:34,0
아랸,UNKNOWN,2026-03-23 21:18:34,0
이글스,UNKNOWN,2026-03-23 21:18:34,0
격류,UNKNOWN,2026-03-23 21:18:34,0
서하,UNKNOWN,2026-03-23 21:18:34,0
므휴,UNKNOWN,2026-03-23 21:18:34,0
호화,UNKNOWN,2026-03-23 21:18:34,0
같이,UNKNOWN,2026-03-23 21:18:34,0
키약새,UNKNOWN,2026-03-23 21:18:34,0
Arya,UNKNOWN,2026-03-23 21:18:34,0
동옵,UNKNOWN,2026-03-23 21:18:34,0
또망,UNKNOWN,2026-03-23 21:18:34,0
BLASTER,UNKNOWN,2026-03-23 21:18:34,0
솜짱,UNKNOWN,2026-03-23 21:18:34,0
힐님,UNKNOWN,2026-03-23 21:18:34,0
니캐,UNKNOWN,2026-03-23 21:18:34,0
나로붐은왔다,UNKNOWN,2026-03-23 21:18:34,0
Closer,UNKNOWN,2026-03-23 21:18:34,0
천몽지로,UNKNOWN,2026-03-23 21:18:34,0
이이노미코,UNKNOWN,2026-03-23 21:18:34,0
연두색,UNKNOWN,2026-03-23 21:18:34,0
종건,UNKNOWN,2026-03-23 21:18:34,0
체또,UNKNOWN,2026-03-23 21:18:34,0
교교요,UNKNOWN,2026-03-23 21:18:34,0
알프스송아지,UNKNOWN,2026-03-23 21:18:34,0
템핑,UNKNOWN,2026-03-23 21:18:34,0
흐나,UNKNOWN,2026-03-23 21:18:34,0
godbyme,UNKNOWN,2026-03-23 21:18:34,0
전복,UNKNOWN,2026-03-23 21:18:34,0
작고강한그녀,UNKNOWN,2026-03-23 21:18:34,0
랭커밤,UNKNOWN,2026-03-23 21:18:34,0
헬크다,UNKNOWN,2026-03-23 21:18:34,0
으뭉,UNKNOWN,2026-03-23 21:18:34,0
탱범,UNKNOWN,2026-03-23 21:18:34,0
다피노아,UNKNOWN,2026-03-23 21:18:34,0
Terry,UNKNOWN,2026-03-23 21:18:34,0
지능,UNKNOWN,2026-03-23 21:18:34,0
녹수,UNKNOWN,2026-03-23 21:18:34,0
헌터징,UNKNOWN,2026-03-23 21:18:34,0
광뇌,UNKNOWN,2026-03-23 21:18:34,0
격음,UNKNOWN,2026-03-23 21:18:34,0
의경,UNKNOWN,2026-03-23 21:18:34,0
묻떠,UNKNOWN,2026-03-23 21:18:34,0
태생,UNKNOWN,2026-03-23 21:18:34,0
이회창,UNKNOWN,2026-03-23 21:18:34,0
레검쨩,UNKNOWN,2026-03-23 21:18:35,0
척관,UNKNOWN,2026-03-23 21:18:35,0
리밋브,UNKNOWN,2026-03-23 21:18:35,0
햇서닝,UNKNOWN,2026-03-23 21:18:35,0
식빵잼아저씨,UNKNOWN,2026-03-23 21:18:35,0
1시간에천원,UNKNOWN,2026-03-23 21:18:35,0
찌익,UNKNOWN,2026-03-23 21:18:35,0
소울마스타,UNKNOWN,2026-03-23 21:18:35,0
orange듀,UNKNOWN,2026-03-23 21:18:35,0
공개캐릭아델,UNKNOWN,2026-03-23 21:18:35,0
빌퀵,UNKNOWN,2026-03-23 21:18:35,0
엔수,UNKNOWN,2026-03-23 21:18:35,0
신송재,UNKNOWN,2026-03-23 21:18:35,0
구명궁,UNKNOWN,2026-03-23 21:18:35,0
Given,UNKNOWN,2026-03-23 21:18:35,0
뇌전수리검,UNKNOWN,2026-03-23 21:18:35,0
쇼훼님,UNKNOWN,2026-03-23 21:18:35,0
셀망,UNKNOWN,2026-03-23 21:18:35,0
굴러간배메,UNKNOWN,2026-03-23 21:18:35,0
백원일세,UNKNOWN,2026-03-23 21:18:35,0
빡생이,UNKNOWN,2026-03-23 21:18:35,0
힝챨,UNKNOWN,2026-03-23 21:18:35,0
홍인서,UNKNOWN,2026-03-23 21:18:35,0
생각만나,UNKNOWN,2026-03-23 21:18:35,0
참자,UNKNOWN,2026-03-23 21:18:35,0
듀린이고,UNKNOWN,2026-03-23 21:18:35,0
쁘냥,UNKNOWN,2026-03-23 21:18:35,0
봄랑,UNKNOWN,2026-03-23 21:18:35,0
그날엔캐논,UNKNOWN,2026-03-23 21:18:35,0
간빵꾸,UNKNOWN,2026-03-23 21:18:35,0
솜애기,UNKNOWN,2026-03-23 21:18:35,0
약한듯한제로,UNKNOWN,2026-03-23 21:18:35,0
정훈쓰,UNKNOWN,2026-03-23 21:18:35,0
백금발의소마,UNKNOWN,2026-03-23 21:18:35,0
마니아,UNKNOWN,2026-03-23 21:18:35,0
정형,UNKNOWN,2026-03-23 21:18:35,0
랜뒝,UNKNOWN,2026-03-23 21:18:35,0
코비,UNKNOWN,2026-03-23 21:18:35,0
취기,UNKNOWN,2026-03-23 21:18:35,0
슬룻,UNKNOWN,2026-03-23 21:18:35,0
츄라,UNKNOWN,2026-03-23 21:18:35,0
이득,UNKNOWN,2026-03-23 21:18:35,0
마건,UNKNOWN,2026-03-23 21:18:35,0
진또,UNKNOWN,2026-03-23 21:18:35,0
DOTAX,UNKNOWN,2026-03-23 21:18:35,0
멈쩌미,UNKNOWN,2026-03-23 21:18:35,0
흔히,UNKNOWN,2026-03-23 21:18:35,0
댕섬,UNKNOWN,2026-03-23 21:18:35,0
김따알군,UNKNOWN,2026-03-23 21:18:35,0
척키,UNKNOWN,2026-03-23 21:18:35,0
에거,UNKNOWN,2026-03-23 21:18:35,0
팬깜,UNKNOWN,2026-03-23 21:18:35,0
일안,UNKNOWN,2026-03-23 21:18:35,0
롤렉스,UNKNOWN,2026-03-23 21:18:35,0
수욱,UNKNOWN,2026-03-23 21:18:35,0
목향,UNKNOWN,2026-03-23 21:18:35,0
칠흑도치,UNKNOWN,2026-03-23 21:18:35,0
나비렐랄,UNKNOWN,2026-03-23 21:18:35,0
가류,UNKNOWN,2026-03-23 21:18:35,0
쟈드멘,UNKNOWN,2026-03-23 21:18:35,0
기부,UNKNOWN,2026-03-23 21:18:36,0
희귀종,UNKNOWN,2026-03-23 21:18:36,0
긔윰,UNKNOWN,2026-03-23 21:18:36,0
냈렌,UNKNOWN,2026-03-23 21:18:36,0
캐슬,UNKNOWN,2026-03-23 21:18:36,0
0제롱,UNKNOWN,2026-03-23 21:18:36,0
히코시,UNKNOWN,2026-03-23 21:18:36,0
볼랑셰,UNKNOWN,2026-03-23 21:18:36,0
타키나,UNKNOWN,2026-03-23 21:18:36,0
구름햇살곡식,UNKNOWN,2026-03-23 21:18:36,0
배고픈제리33,UNKNOWN,2026-03-23 21:18:36,0
큐리앨,UNKNOWN,2026-03-23 21:18:36,0
풍해,UNKNOWN,2026-03-23 21:18:36,0
암실,UNKNOWN,2026-03-23 21:18:36,0
손오천,UNKNOWN,2026-03-23 21:18:36,0
두찌,UNKNOWN,2026-03-23 21:18:36,0
제아,UNKNOWN,2026-03-23 21:18:36,0
개땅,UNKNOWN,2026-03-23 21:18:36,0
뚠뚜,UNKNOWN,2026-03-23 21:18:36,0
수렵탄,UNKNOWN,2026-03-23 21:18:36,0
전새,UNKNOWN,2026-03-23 21:18:36,0
피놔,UNKNOWN,2026-03-23 21:18:36,0
푸후딩,UNKNOWN,2026-03-23 21:18:36,0
아델밍식이,UNKNOWN,2026-03-23 21:18:36,0
DBPT,UNKNOWN,2026-03-23 21:18:36,0
미븐,UNKNOWN,2026-03-23 21:18:36,0
탈주시험,UNKNOWN,2026-03-23 21:18:36,0
파러,UNKNOWN,2026-03-23 21:18:36,0
한획,UNKNOWN,2026-03-23 21:18:36,0
페르란도,UNKNOWN,2026-03-23 21:18:36,0
울표,UNKNOWN,2026-03-23 21:18:36,0
블카,UNKNOWN,2026-03-23 21:18:36,0
겸준,UNKNOWN,2026-03-23 21:18:36,0
큐피,UNKNOWN,2026-03-23 21:18:36,0
채다예,UNKNOWN,2026-03-23 21:18:36,0
꾸향,UNKNOWN,2026-03-23 21:18:36,0
무얌,UNKNOWN,2026-03-23 21:18:36,0
머우,UNKNOWN,2026-03-23 21:18:36,0
겨누인,UNKNOWN,2026-03-23 21:18:36,0
듀굇,UNKNOWN,2026-03-23 21:18:36,0
주희디,UNKNOWN,2026-03-23 21:18:36,0
롼밈,UNKNOWN,2026-03-23 21:18:36,0
성촐,UNKNOWN,2026-03-23 21:18:36,0
수수죽,UNKNOWN,2026-03-23 21:18:36,0
밍뿌이,UNKNOWN,2026-03-23 21:18:36,0
똘똘이,UNKNOWN,2026-03-23 21:18:36,0
액트,UNKNOWN,2026-03-23 21:18:36,0
마뷘,UNKNOWN,2026-03-23 21:18:36,0
눈속여우,UNKNOWN,2026-03-23 21:18:36,0
티봐,UNKNOWN,2026-03-23 21:18:36,0
초화선,UNKNOWN,2026-03-23 21:18:36,0
리온이트,UNKNOWN,2026-03-23 21:18:36,0
팔로잉,UNKNOWN,2026-03-23 21:18:36,0
딱구리,UNKNOWN,2026-03-23 21:18:36,0
xxxx,UNKNOWN,2026-03-23 21:18:36,0
우한,UNKNOWN,2026-03-23 21:18:36,0
혀누빛,UNKNOWN,2026-03-23 21:18:36,0
달쌍,UNKNOWN,2026-03-23 21:18:36,0
시아님,UNKNOWN,2026-03-23 21:18:36,0
소곰물,UNKNOWN,2026-03-23 21:18:36,0
이닭,UNKNOWN,2026-03-23 21:18:36,0
쵸파틴틴,UNKNOWN,2026-03-23 21:18:36,0
정이콤보,UNKNOWN,2026-03-23 21:18:36,0
투찌,UNKNOWN,2026-03-23 21:18:36,0
쿵숙,UNKNOWN,2026-03-23 21:18:36,0
캐르좋아,UNKNOWN,2026-03-23 21:18:37,0
령환,UNKNOWN,2026-03-23 21:18:37,0
조민서,UNKNOWN,2026-03-23 21:18:37,0
잔망루인,UNKNOWN,2026-03-23 21:18:37,0
용량,UNKNOWN,2026-03-23 21:18:37,0
Oo적애oO,UNKNOWN,2026-03-23 21:18:37,0
꼴핑,UNKNOWN,2026-03-23 21:18:37,0
뿌쟝,UNKNOWN,2026-03-23 21:18:37,0
띠김,UNKNOWN,2026-03-23 21:18:37,0
박진용,UNKNOWN,2026-03-23 21:18:37,0
듀블잇업,UNKNOWN,2026-03-23 21:18:37,0
도효,UNKNOWN,2026-03-23 21:18:37,0
소망세계,UNKNOWN,2026-03-23 21:18:37,0
쏘푸,UNKNOWN,2026-03-23 21:18:37,0
벵이,UNKNOWN,2026-03-23 21:18:37,0
매루냥,UNKNOWN,2026-03-23 21:18:37,0
패파SICS,UNKNOWN,2026-03-23 21:18:37,0
사우디송,UNKNOWN,2026-03-23 21:18:37,0
렬탱,UNKNOWN,2026-03-23 21:18:37,0
SeAnxiety,UNKNOWN,2026-03-23 21:18:37,0
캐농전,UNKNOWN,2026-03-23 21:18:37,0
모모또또,UNKNOWN,2026-03-23 21:18:37,0
깨공,UNKNOWN,2026-03-23 21:18:37,0
데붕상,UNKNOWN,2026-03-23 21:18:37,0
루퐁,UNKNOWN,2026-03-23 21:18:37,0
중류,UNKNOWN,2026-03-23 21:18:37,0
마법의쥐,UNKNOWN,2026-03-23 21:18:37,0
DaisyScarlet,UNKNOWN,2026-03-23 21:18:37,0
DanMade,UNKNOWN,2026-03-23 21:18:37,0
산만,UNKNOWN,2026-03-23 21:18:37,0
밍안,UNKNOWN,2026-03-23 21:18:37,0
돈동,UNKNOWN,2026-03-23 21:18:37,0
Zedd,UNKNOWN,2026-03-23 21:18:37,0
외권,UNKNOWN,2026-03-23 21:18:37,0
nebbie,UNKNOWN,2026-03-23 21:18:37,0
절대령역,UNKNOWN,2026-03-23 21:18:37,0
감튀벨튀그튀,UNKNOWN,2026-03-23 21:18:37,0
카페모깍,UNKNOWN,2026-03-23 21:18:37,0
자고나면출근,UNKNOWN,2026-03-23 21:18:37,0
어비셜리엘,UNKNOWN,2026-03-23 21:18:37,0
지나쳤던시민,UNKNOWN,2026-03-23 21:18:37,0
림루찌,UNKNOWN,2026-03-23 21:18:37,0
석인,UNKNOWN,2026-03-23 21:18:37,0
세바,UNKNOWN,2026-03-23 21:18:37,0
사타구니,UNKNOWN,2026-03-23 21:18:37,0
휴세링,UNKNOWN,2026-03-23 21:18:37,0
쇳웅,UNKNOWN,2026-03-23 21:18:37,0
누철,UNKNOWN,2026-03-23 21:18:37,0
플레임헤이즈,UNKNOWN,2026-03-23 21:18:37,0
앙숙,UNKNOWN,2026-03-23 21:18:37,0
악혈,UNKNOWN,2026-03-23 21:18:37,0
K용심할비,UNKNOWN,2026-03-23 21:18:37,0
카쿠,UNKNOWN,2026-03-23 21:18:37,0
해퓌,UNKNOWN,2026-03-23 21:18:37,0
댕팡,UNKNOWN,2026-03-23 21:18:37,0
불설,UNKNOWN,2026-03-23 21:18:37,0
곰돌이푸,UNKNOWN,2026-03-23 21:18:37,0
하프뮤냥,UNKNOWN,2026-03-23 21:18:37,0
KeiJ,UNKNOWN,2026-03-23 21:18:37,0
순형,UNKNOWN,2026-03-23 21:18:37,0
허피웅,UNKNOWN,2026-03-23 21:18:37,0
핑구펭,UNKNOWN,2026-03-23 21:18:38,0
알라C,UNKNOWN,2026-03-23 21:18:38,0
피곤한직장인,UNKNOWN,2026-03-23 21:18:38,0
바닥서낮잠,UNKNOWN,2026-03-23 21:18:38,0
얘픔,UNKNOWN,2026-03-23 21:18:38,0
드러,UNKNOWN,2026-03-23 21:18:38,0
러빙,UNKNOWN,2026-03-23 21:18:38,0
다드림,UNKNOWN,2026-03-23 21:18:38,0
별꾸웅,UNKNOWN,2026-03-23 21:18:38,0
노수광,UNKNOWN,2026-03-23 21:18:38,0
로링나,UNKNOWN,2026-03-23 21:18:38,0
지저스,UNKNOWN,2026-03-23 21:18:38,0
반칠이,UNKNOWN,2026-03-23 21:18:38,0
교사오레오,UNKNOWN,2026-03-23 21:18:38,0
특색해결사,UNKNOWN,2026-03-23 21:18:38,0
빅스비,UNKNOWN,2026-03-23 21:18:38,0
콜미콜미,UNKNOWN,2026-03-23 21:18:38,0
강채아,UNKNOWN,2026-03-23 21:18:38,0
봄먕,UNKNOWN,2026-03-23 21:18:38,0
베틀,UNKNOWN,2026-03-23 21:18:38,0
송승쟤,UNKNOWN,2026-03-23 21:18:38,0
닉네임777777,UNKNOWN,2026-03-23 21:18:38,0
포함,UNKNOWN,2026-03-23 21:18:38,0
알파YouTube,UNKNOWN,2026-03-23 21:18:38,0
파로디아,UNKNOWN,2026-03-23 21:18:38,0
강조,UNKNOWN,2026-03-23 21:18:38,0
밈수,UNKNOWN,2026-03-23 21:18:38,0
모서리움,UNKNOWN,2026-03-23 21:18:38,0
한솔잎,UNKNOWN,2026-03-23 21:18:38,0
맛살,UNKNOWN,2026-03-23 21:18:38,0
개집30평,UNKNOWN,2026-03-23 21:18:38,0
고발,UNKNOWN,2026-03-23 21:18:38,0
몽찌나워,UNKNOWN,2026-03-23 21:18:38,0
서무,UNKNOWN,2026-03-23 21:18:38,0
깜냥갱,UNKNOWN,2026-03-23 21:18:38,0
산소사랑오투,UNKNOWN,2026-03-23 21:18:38,0
도둑냥이장미,UNKNOWN,2026-03-23 21:18:38,0
가르기,UNKNOWN,2026-03-23 21:18:38,0
알파의듀블,UNKNOWN,2026-03-23 21:18:38,0
뚠난,UNKNOWN,2026-03-23 21:18:38,0
엄한,UNKNOWN,2026-03-23 21:18:38,0
심요,UNKNOWN,2026-03-23 21:18:38,0
복숭,UNKNOWN,2026-03-23 21:18:38,0
주스,UNKNOWN,2026-03-23 21:18:38,0
작은천사,UNKNOWN,2026-03-23 21:18:38,0
햐햐님,UNKNOWN,2026-03-23 21:18:38,0
척척학사태훈,UNKNOWN,2026-03-23 21:18:38,0
여우겸,UNKNOWN,2026-03-23 21:18:38,0
세징야,UNKNOWN,2026-03-23 21:18:38,0
찾고죽인다,UNKNOWN,2026-03-23 21:18:38,0
껌옹,UNKNOWN,2026-03-23 21:18:38,0
지성,UNKNOWN,2026-03-23 21:18:38,0
퍼검,UNKNOWN,2026-03-23 21:18:38,0
쥬도,UNKNOWN,2026-03-23 21:18:38,0
마애떡,UNKNOWN,2026-03-23 21:18:38,0
관효,UNKNOWN,2026-03-23 21:18:38,0
배닌,UNKNOWN,2026-03-23 21:18:38,0
멋잼,UNKNOWN,2026-03-23 21:18:38,0
다락방일기,UNKNOWN,2026-03-23 21:18:39,0
밈노,UNKNOWN,2026-03-23 21:18:39,0
재획근,UNKNOWN,2026-03-23 21:18:39,0
수정산도토리,UNKNOWN,2026-03-23 21:18:39,0
평딜은범죄다,UNKNOWN,2026-03-23 21:18:39,0
괴롭힐게,UNKNOWN,2026-03-23 21:18:39,0
나는돋두,UNKNOWN,2026-03-23 21:18:39,0
증뢰,UNKNOWN,2026-03-23 21:18:39,0
댄쁠리,UNKNOWN,2026-03-23 21:18:39,0
모로디,UNKNOWN,2026-03-23 21:18:39,0
하얀눈과바다,UNKNOWN,2026-03-23 21:18:39,0
사유월,UNKNOWN,2026-03-23 21:18:39,0
아주부,UNKNOWN,2026-03-23 21:18:39,0
쵸티찬,UNKNOWN,2026-03-23 21:18:39,0
홍마은,UNKNOWN,2026-03-23 21:18:39,0
딩거,UNKNOWN,2026-03-23 21:18:39,0
새하얀폼포미,UNKNOWN,2026-03-23 21:18:39,0
족간,UNKNOWN,2026-03-23 21:18:39,0
쪽처,UNKNOWN,2026-03-23 21:18:39,0
민달팽이,UNKNOWN,2026-03-23 21:18:39,0
초성,UNKNOWN,2026-03-23 21:18:39,0
소주업나,UNKNOWN,2026-03-23 21:18:39,0
링딩동,UNKNOWN,2026-03-23 21:18:39,0
대단,UNKNOWN,2026-03-23 21:18:39,0
난왼무,UNKNOWN,2026-03-23 21:18:39,0
헬롱뚜뚜,UNKNOWN,2026-03-23 21:18:39,0
백설공주지호,UNKNOWN,2026-03-23 21:18:39,0
비교,UNKNOWN,2026-03-23 21:18:39,0
온논노,UNKNOWN,2026-03-23 21:18:39,0
분자분자,UNKNOWN,2026-03-23 21:18:39,0
촛불,UNKNOWN,2026-03-23 21:18:39,0
오랜인연,UNKNOWN,2026-03-23 21:18:39,0
환청펭귄,UNKNOWN,2026-03-23 21:18:39,0
빙결마스터,UNKNOWN,2026-03-23 21:18:39,0
고서,UNKNOWN,2026-03-23 21:18:39,0
산푸들,UNKNOWN,2026-03-23 21:18:39,0
냥뿐,UNKNOWN,2026-03-23 21:18:39,0
매려운사람,UNKNOWN,2026-03-23 21:18:39,0
악어새,UNKNOWN,2026-03-23 21:18:39,0
밍밍왁왁,UNKNOWN,2026-03-23 21:18:39,0
배경,UNKNOWN,2026-03-23 21:18:39,0
마라,UNKNOWN,2026-03-23 21:18:39,0
여축,UNKNOWN,2026-03-23 21:18:39,0
루선,UNKNOWN,2026-03-23 21:18:39,0
게사,UNKNOWN,2026-03-23 21:18:39,0
수식어,UNKNOWN,2026-03-23 21:18:39,0
커피맛불꽃,UNKNOWN,2026-03-23 21:18:39,0
쳬인,UNKNOWN,2026-03-23 21:18:39,0
새서,UNKNOWN,2026-03-23 21:18:39,0
터프허슬,UNKNOWN,2026-03-23 21:18:39,0
줄기,UNKNOWN,2026-03-23 21:18:39,0
단성,UNKNOWN,2026-03-23 21:18:39,0
부영이,UNKNOWN,2026-03-23 21:18:39,0
마법곰,UNKNOWN,2026-03-23 21:18:39,0
샌저,UNKNOWN,2026-03-23 21:18:39,0
라벨,UNKNOWN,2026-03-23 21:18:39,0
비맹,UNKNOWN,2026-03-23 21:18:39,0
쫌만,UNKNOWN,2026-03-23 21:18:39,0
낙선,UNKNOWN,2026-03-23 21:18:39,0
앙크vvv,UNKNOWN,2026-03-23 21:18:39,0
엽이,UNKNOWN,2026-03-23 21:18:39,0
메빈이,UNKNOWN,2026-03-23 21:18:39,0
인기,UNKNOWN,2026-03-23 21:18:39,0
민주라구용,UNKNOWN,2026-03-23 21:18:39,0
그란디스,UNKNOWN,2026-03-23 21:18:40,0
엇쮸,UNKNOWN,2026-03-23 21:18:40,0
루인,UNKNOWN,2026-03-23 21:18:40,0
끄르막,UNKNOWN,2026-03-23 21:18:40,0
라니로,UNKNOWN,2026-03-23 21:18:40,0
꾸지저,UNKNOWN,2026-03-23 21:18:40,0
당흔,UNKNOWN,2026-03-23 21:18:40,0
큐티병짱,UNKNOWN,2026-03-23 21:18:40,0
졸리로저,UNKNOWN,2026-03-23 21:18:40,0
냘먹,UNKNOWN,2026-03-23 21:18:40,0
따봉법,UNKNOWN,2026-03-23 21:18:40,0
나는홰지,UNKNOWN,2026-03-23 21:18:40,0
화설,UNKNOWN,2026-03-23 21:18:40,0
레두,UNKNOWN,2026-03-23 21:18:40,0
장철퇴,UNKNOWN,2026-03-23 21:18:40,0
말콩춘,UNKNOWN,2026-03-23 21:18:40,0
문식,UNKNOWN,2026-03-23 21:18:40,0
아왕,UNKNOWN,2026-03-23 21:18:40,0
삐붕쓰,UNKNOWN,2026-03-23 21:18:40,0
나는래오,UNKNOWN,2026-03-23 21:18:40,0
주역,UNKNOWN,2026-03-23 21:18:40,0
태완두나로,UNKNOWN,2026-03-23 21:18:40,0
혠추,UNKNOWN,2026-03-23 21:18:40,0
빈깍,UNKNOWN,2026-03-23 21:18:40,0
해강준,UNKNOWN,2026-03-23 21:18:40,0
주갸,UNKNOWN,2026-03-23 21:18:40,0
뜨냐,UNKNOWN,2026-03-23 21:18:40,0
죽델,UNKNOWN,2026-03-23 21:18:40,0
이리와봐용,UNKNOWN,2026-03-23 21:18:40,0
쎈여,UNKNOWN,2026-03-23 21:18:40,0
보충,UNKNOWN,2026-03-23 21:18:40,0
보딩,UNKNOWN,2026-03-23 21:18:40,0
사자,UNKNOWN,2026-03-23 21:18:40,0
던버섯,UNKNOWN,2026-03-23 21:18:40,0
밀치,UNKNOWN,2026-03-23 21:18:40,0
유틸천국,UNKNOWN,2026-03-23 21:18:40,0
옥수수수염차,UNKNOWN,2026-03-23 21:18:40,0
따주,UNKNOWN,2026-03-23 21:18:40,0
aoaos10,UNKNOWN,2026-03-23 21:18:40,0
류설,UNKNOWN,2026-03-23 21:18:40,0
Psycopath,UNKNOWN,2026-03-23 21:18:40,0
승얼이,UNKNOWN,2026-03-23 21:18:40,0
풍수사아지,UNKNOWN,2026-03-23 21:18:40,0
웅님,UNKNOWN,2026-03-23 21:18:40,0
짱희,UNKNOWN,2026-03-23 21:18:40,0
햄콩탁,UNKNOWN,2026-03-23 21:18:40,0
닥치,UNKNOWN,2026-03-23 21:18:40,0
형시임,UNKNOWN,2026-03-23 21:18:40,0
무무,UNKNOWN,2026-03-23 21:18:40,0
고고학,UNKNOWN,2026-03-23 21:18:40,0
보법,UNKNOWN,2026-03-23 21:18:40,0
발전,UNKNOWN,2026-03-23 21:18:40,0
냠쥐,UNKNOWN,2026-03-23 21:18:40,0
자동Mode,UNKNOWN,2026-03-23 21:18:40,0
쿠팡이츠,UNKNOWN,2026-03-23 21:18:41,0
실토,UNKNOWN,2026-03-23 21:18:41,0
애덴,UNKNOWN,2026-03-23 21:18:41,0
예매,UNKNOWN,2026-03-23 21:18:41,0
이민서,UNKNOWN,2026-03-23 21:18:41,0
새침부끄,UNKNOWN,2026-03-23 21:18:41,0
소태남,UNKNOWN,2026-03-23 21:18:41,0
한만두,UNKNOWN,2026-03-23 21:18:41,0
멸화,UNKNOWN,2026-03-23 21:18:41,0
루다콩,UNKNOWN,2026-03-23 21:18:41,0
꿀딱,UNKNOWN,2026-03-23 21:18:41,0
유령과전사,UNKNOWN,2026-03-23 21:18:41,0
이별문구,UNKNOWN,2026-03-23 21:18:41,0
그므,UNKNOWN,2026-03-23 21:18:41,0
샤표,UNKNOWN,2026-03-23 21:18:41,0
카게,UNKNOWN,2026-03-23 21:18:41,0
이시오르,UNKNOWN,2026-03-23 21:18:41,0
뀨남,UNKNOWN,2026-03-23 21:18:41,0
카우코기,UNKNOWN,2026-03-23 21:18:41,0
허상과실상,UNKNOWN,2026-03-23 21:18:41,0
닦개,UNKNOWN,2026-03-23 21:18:41,0
쎄끼,UNKNOWN,2026-03-23 21:18:41,0
따리,UNKNOWN,2026-03-23 21:18:41,0
또날,UNKNOWN,2026-03-23 21:18:41,0
갓수훈,UNKNOWN,2026-03-23 21:18:41,0
자터,UNKNOWN,2026-03-23 21:18:41,0
Ta샤닝,UNKNOWN,2026-03-23 21:18:41,0
야딱슨,UNKNOWN,2026-03-23 21:18:41,0
약불,UNKNOWN,2026-03-23 21:18:41,0
백빛,UNKNOWN,2026-03-23 21:18:41,0
맺집의위력,UNKNOWN,2026-03-23 21:18:41,0
쌀쭌,UNKNOWN,2026-03-23 21:18:41,0
톱밥,UNKNOWN,2026-03-23 21:18:41,0
MIMIZUGU,UNKNOWN,2026-03-23 21:18:41,0
밍슬,UNKNOWN,2026-03-23 21:18:41,0
끄아아앙,UNKNOWN,2026-03-23 21:18:41,0
야무진삥아리,UNKNOWN,2026-03-23 21:18:41,0
지녕킴,UNKNOWN,2026-03-23 21:18:41,0
룡마,UNKNOWN,2026-03-23 21:18:41,0
나즈링,UNKNOWN,2026-03-23 21:18:41,0
채꾼,UNKNOWN,2026-03-23 21:18:41,0
컴퓨터,UNKNOWN,2026-03-23 21:18:41,0
숏컷,UNKNOWN,2026-03-23 21:18:41,0
윤두환,UNKNOWN,2026-03-23 21:18:41,0
MeJoker,UNKNOWN,2026-03-23 21:18:41,0
진작,UNKNOWN,2026-03-23 21:18:41,0
재오,UNKNOWN,2026-03-23 21:18:41,0
태청천,UNKNOWN,2026-03-23 21:18:41,0
경주,UNKNOWN,2026-03-23 21:18:41,0
김민쭈,UNKNOWN,2026-03-23 21:18:41,0
강쩡,UNKNOWN,2026-03-23 21:18:41,0
팝이v,UNKNOWN,2026-03-23 21:18:41,0
비치,UNKNOWN,2026-03-23 21:18:41,0
별멍,UNKNOWN,2026-03-23 21:18:41,0
츠찌,UNKNOWN,2026-03-23 21:18:41,0
우주류궤도1,UNKNOWN,2026-03-23 21:18:41,0
서폿포에버,UNKNOWN,2026-03-23 21:18:41,0
핵꿀,UNKNOWN,2026-03-23 21:18:41,0
발롱도르,UNKNOWN,2026-03-23 21:18:41,0
세들렌,UNKNOWN,2026-03-23 21:18:41,0
도닌,UNKNOWN,2026-03-23 21:18:41,0
발렌,UNKNOWN,2026-03-23 21:18:41,0
쿠슈,UNKNOWN,2026-03-23 21:18:41,0
XX마렵다,UNKNOWN,2026-03-23 21:18:41,0
내티,UNKNOWN,2026-03-23 21:18:42,0
액자,UNKNOWN,2026-03-23 21:18:42,0
큰일은나워가,UNKNOWN,2026-03-23 21:18:42,0
기획팀,UNKNOWN,2026-03-23 21:18:42,0
특별반,UNKNOWN,2026-03-23 21:18:42,0
워녕,UNKNOWN,2026-03-23 21:18:42,0
흑객,UNKNOWN,2026-03-23 21:18:42,0
심검합일,UNKNOWN,2026-03-23 21:18:42,0
팠체,UNKNOWN,2026-03-23 21:18:42,0
돌포맨,UNKNOWN,2026-03-23 21:18:42,0
도력캐릭,UNKNOWN,2026-03-23 21:18:42,0
아린,UNKNOWN,2026-03-23 21:18:42,0
캐릭머하지,UNKNOWN,2026-03-23 21:18:42,0
김제현,UNKNOWN,2026-03-23 21:18:42,0
배네,UNKNOWN,2026-03-23 21:18:42,0
가을옷이없어,UNKNOWN,2026-03-23 21:18:42,0
겸지매니아,UNKNOWN,2026-03-23 21:18:42,0
둥블,UNKNOWN,2026-03-23 21:18:42,0
위람,UNKNOWN,2026-03-23 21:18:42,0
우짱우최,UNKNOWN,2026-03-23 21:18:42,0
화룡성,UNKNOWN,2026-03-23 21:18:42,0
쥬페,UNKNOWN,2026-03-23 21:18:42,0
테토하빈,UNKNOWN,2026-03-23 21:18:42,0
타케,UNKNOWN,2026-03-23 21:18:42,0
벼리쥬빌레,UNKNOWN,2026-03-23 21:18:42,0
싸아안,UNKNOWN,2026-03-23 21:18:42,0
채준이,UNKNOWN,2026-03-23 21:18:42,0
대충e,UNKNOWN,2026-03-23 21:18:42,0
패파님,UNKNOWN,2026-03-23 21:18:42,0
옥수수수홍차,UNKNOWN,2026-03-23 21:18:42,0
금민우,UNKNOWN,2026-03-23 21:18:42,0
엠버,UNKNOWN,2026-03-23 21:18:42,0
검새,UNKNOWN,2026-03-23 21:18:42,0
듀도넛,UNKNOWN,2026-03-23 21:18:42,0
선구,UNKNOWN,2026-03-23 21:18:42,0
시셀라,UNKNOWN,2026-03-23 21:18:42,0
녀기,UNKNOWN,2026-03-23 21:18:42,0
왠럭,UNKNOWN,2026-03-23 21:18:42,0
훈잉,UNKNOWN,2026-03-23 21:18:42,0
이튜뾰,UNKNOWN,2026-03-23 21:18:42,0
자욱아잘하자,UNKNOWN,2026-03-23 21:18:42,0
히니,UNKNOWN,2026-03-23 21:18:42,0
주스탯,UNKNOWN,2026-03-23 21:18:42,0
운명궁,UNKNOWN,2026-03-23 21:18:42,0
구직,UNKNOWN,2026-03-23 21:18:42,0
봄한강,UNKNOWN,2026-03-23 21:18:42,0
벨엔,UNKNOWN,2026-03-23 21:18:42,0
길사s,UNKNOWN,2026-03-23 21:18:42,0
꽁쪼림,UNKNOWN,2026-03-23 21:18:42,0
아리앨,UNKNOWN,2026-03-23 21:18:42,0
이로나와,UNKNOWN,2026-03-23 21:18:42,0
와일드카드,UNKNOWN,2026-03-23 21:18:42,0
밤끝,UNKNOWN,2026-03-23 21:18:42,0
프피,UNKNOWN,2026-03-23 21:18:42,0
유떰,UNKNOWN,2026-03-23 21:18:42,0
미치코,UNKNOWN,2026-03-23 21:18:42,0
oooo,UNKNOWN,2026-03-23 21:18:42,0
퓌나니,UNKNOWN,2026-03-23 21:18:42,0
오브제,UNKNOWN,2026-03-23 21:18:42,0
헬창,UNKNOWN,2026-03-23 21:18:42,0
제서니야,UNKNOWN,2026-03-23 21:18:42,0
갓오브정상화,UNKNOWN,2026-03-23 21:18:42,0
망루,UNKNOWN,2026-03-23 21:18:43,0
해준영,UNKNOWN,2026-03-23 21:18:43,0
한량,UNKNOWN,2026-03-23 21:18:43,0
Leve,UNKNOWN,2026-03-23 21:18:43,0
전귀,UNKNOWN,2026-03-23 21:18:43,0
바다구름하늘,UNKNOWN,2026-03-23 21:18:43,0
으널,UNKNOWN,2026-03-23 21:18:43,0
플로버,UNKNOWN,2026-03-23 21:18:43,0
Prime,UNKNOWN,2026-03-23 21:18:43,0
닛치,UNKNOWN,2026-03-23 21:18:43,0
난동꾼,UNKNOWN,2026-03-23 21:18:43,0
꽁잉잉,UNKNOWN,2026-03-23 21:18:43,0
홍서빈,UNKNOWN,2026-03-23 21:18:43,0
메요일,UNKNOWN,2026-03-23 21:18:43,0
듀라큐라,UNKNOWN,2026-03-23 21:18:43,0
흑백남녀,UNKNOWN,2026-03-23 21:18:43,0
악봉,UNKNOWN,2026-03-23 21:18:43,0
거북넴,UNKNOWN,2026-03-23 21:18:43,0
혀나빌,UNKNOWN,2026-03-23 21:18:43,0
똘앰,UNKNOWN,2026-03-23 21:18:43,0
청렴,UNKNOWN,2026-03-23 21:18:43,0
아니달팽이,UNKNOWN,2026-03-23 21:18:43,0
유명,UNKNOWN,2026-03-23 21:18:43,0
내파,UNKNOWN,2026-03-23 21:18:43,0
디베루,UNKNOWN,2026-03-23 21:18:43,0
개지옥,UNKNOWN,2026-03-23 21:18:43,0
꿈녘,UNKNOWN,2026-03-23 21:18:43,0
새봄,UNKNOWN,2026-03-23 21:18:43,0
JaeJoon,UNKNOWN,2026-03-23 21:18:43,0
안둥,UNKNOWN,2026-03-23 21:18:43,0
체어맨,UNKNOWN,2026-03-23 21:18:43,0
타자독,UNKNOWN,2026-03-23 21:18:43,0
심뚜,UNKNOWN,2026-03-23 21:18:43,0
뷰티쩡이,UNKNOWN,2026-03-23 21:18:43,0
민홍리,UNKNOWN,2026-03-23 21:18:43,0
으덴,UNKNOWN,2026-03-23 21:18:43,0
퐁승모,UNKNOWN,2026-03-23 21:18:43,0
깡김,UNKNOWN,2026-03-23 21:18:43,0
레알아싸,UNKNOWN,2026-03-23 21:18:43,0
루페흐,UNKNOWN,2026-03-23 21:18:43,0
Mr필로,UNKNOWN,2026-03-23 21:18:43,0
방건오징,UNKNOWN,2026-03-23 21:18:43,0
낍익,UNKNOWN,2026-03-23 21:18:43,0
팬링뀨,UNKNOWN,2026-03-23 21:18:43,0
전지,UNKNOWN,2026-03-23 21:18:43,0
공투,UNKNOWN,2026-03-23 21:18:43,0
점멸디,UNKNOWN,2026-03-23 21:18:43,0
램곰,UNKNOWN,2026-03-23 21:18:43,0
햄토,UNKNOWN,2026-03-23 21:18:43,0
솔디꿍디,UNKNOWN,2026-03-23 21:18:43,0
한창히,UNKNOWN,2026-03-23 21:18:43,0
수랑,UNKNOWN,2026-03-23 21:18:43,0
성성성썽,UNKNOWN,2026-03-23 21:18:43,0
자초,UNKNOWN,2026-03-23 21:18:43,0
끝밤,UNKNOWN,2026-03-23 21:18:43,0
날개황,UNKNOWN,2026-03-23 21:18:44,0
디링,UNKNOWN,2026-03-23 21:18:44,0
익표,UNKNOWN,2026-03-23 21:18:44,0
노트델,UNKNOWN,2026-03-23 21:18:44,0
멍연,UNKNOWN,2026-03-23 21:18:44,0
Cart,UNKNOWN,2026-03-23 21:18:44,0
이패,UNKNOWN,2026-03-23 21:18:44,0
사나이DNA,UNKNOWN,2026-03-23 21:18:44,0
꾸렌,UNKNOWN,2026-03-23 21:18:44,0
윤댈잉,UNKNOWN,2026-03-23 21:18:44,0
행식,UNKNOWN,2026-03-23 21:18:44,0
도어,UNKNOWN,2026-03-23 21:18:44,0
검토요소,UNKNOWN,2026-03-23 21:18:44,0
쓰나미,UNKNOWN,2026-03-23 21:18:44,0
걸애,UNKNOWN,2026-03-23 21:18:44,0
봄주인,UNKNOWN,2026-03-23 21:18:44,0
깅나리,UNKNOWN,2026-03-23 21:18:44,0
격조,UNKNOWN,2026-03-23 21:18:44,0
허락,UNKNOWN,2026-03-23 21:18:44,0
명인델,UNKNOWN,2026-03-23 21:18:44,0
채밤,UNKNOWN,2026-03-23 21:18:44,0
Nick,UNKNOWN,2026-03-23 21:18:44,0
봄뚜,UNKNOWN,2026-03-23 21:18:44,0
M4A1,UNKNOWN,2026-03-23 21:18:44,0
이프헤,UNKNOWN,2026-03-23 21:18:44,0
돌곰,UNKNOWN,2026-03-23 21:18:44,0
곰삼,UNKNOWN,2026-03-23 21:18:44,0
무지임,UNKNOWN,2026-03-23 21:18:44,0
마지캬루,UNKNOWN,2026-03-23 21:18:44,0
예강,UNKNOWN,2026-03-23 21:18:44,0
달풍선토끼,UNKNOWN,2026-03-23 21:18:44,0
뀨끄엄,UNKNOWN,2026-03-23 21:18:44,0
어선,UNKNOWN,2026-03-23 21:18:44,0
자쿰교주,UNKNOWN,2026-03-23 21:18:44,0
쥬르,UNKNOWN,2026-03-23 21:18:44,0
김중,UNKNOWN,2026-03-23 21:18:44,0
책시온,UNKNOWN,2026-03-23 21:18:44,0
외륜,UNKNOWN,2026-03-23 21:18:44,0
꿀미남,UNKNOWN,2026-03-23 21:18:44,0
청입생,UNKNOWN,2026-03-23 21:18:44,0
빙빛,UNKNOWN,2026-03-23 21:18:44,0
증조할아버지,UNKNOWN,2026-03-23 21:18:44,0
하루히,UNKNOWN,2026-03-23 21:18:44,0
엔엔,UNKNOWN,2026-03-23 21:18:44,0
므테,UNKNOWN,2026-03-23 21:18:44,0
경민,UNKNOWN,2026-03-23 21:18:44,0
루웽,UNKNOWN,2026-03-23 21:18:44,0
홍럭키,UNKNOWN,2026-03-23 21:18:44,0
녹스유리,UNKNOWN,2026-03-23 21:18:44,0
동드,UNKNOWN,2026-03-23 21:18:44,0
왕갑두,UNKNOWN,2026-03-23 21:18:44,0
벼잠,UNKNOWN,2026-03-23 21:18:44,0
산신,UNKNOWN,2026-03-23 21:18:44,0
핑크빈,UNKNOWN,2026-03-23 21:18:44,0
안소헤,UNKNOWN,2026-03-23 21:18:44,0
블렌차드,UNKNOWN,2026-03-23 21:18:44,0
마검킹,UNKNOWN,2026-03-23 21:18:44,0
냥이롬,UNKNOWN,2026-03-23 21:18:44,0
주엽,UNKNOWN,2026-03-23 21:18:44,0
일니너,UNKNOWN,2026-03-23 21:18:44,0
대훈,UNKNOWN,2026-03-23 21:18:44,0
정현준,UNKNOWN,2026-03-23 21:18:44,0
개실망,UNKNOWN,2026-03-23 21:18:45,0
노패야츠배,UNKNOWN,2026-03-23 21:18:45,0
허원진,UNKNOWN,2026-03-23 21:18:45,0
Puri,UNKNOWN,2026-03-23 21:18:45,0
정모,UNKNOWN,2026-03-23 21:18:45,0
데른,UNKNOWN,2026-03-23 21:18:45,0
대천,UNKNOWN,2026-03-23 21:18:45,0
딕미르,UNKNOWN,2026-03-23 21:18:45,0
전용뀨뀨,UNKNOWN,2026-03-23 21:18:45,0
더붕,UNKNOWN,2026-03-23 21:18:45,0
첨레릭,UNKNOWN,2026-03-23 21:18:45,0
태환박,UNKNOWN,2026-03-23 21:18:45,0
보뚜,UNKNOWN,2026-03-23 21:18:45,0
창쥬세요,UNKNOWN,2026-03-23 21:18:45,0
몬철,UNKNOWN,2026-03-23 21:18:45,0
다겸,UNKNOWN,2026-03-23 21:18:45,0
열연가,UNKNOWN,2026-03-23 21:18:45,0
찔끔,UNKNOWN,2026-03-23 21:18:45,0
붓고,UNKNOWN,2026-03-23 21:18:45,0
하마꿀잠,UNKNOWN,2026-03-23 21:18:45,0
가픔,UNKNOWN,2026-03-23 21:18:45,0
힐안줘,UNKNOWN,2026-03-23 21:18:45,0
까스,UNKNOWN,2026-03-23 21:18:45,0
종로3가,UNKNOWN,2026-03-23 21:18:45,0
듀린,UNKNOWN,2026-03-23 21:18:45,0
냅꿍,UNKNOWN,2026-03-23 21:18:45,0
스플온,UNKNOWN,2026-03-23 21:18:45,0
우드득,UNKNOWN,2026-03-23 21:18:45,0
배영,UNKNOWN,2026-03-23 21:18:45,0
foreverme26,UNKNOWN,2026-03-23 21:18:45,0
찌릿짜릿쪼릿,UNKNOWN,2026-03-23 21:18:45,0
상습조퇴,UNKNOWN,2026-03-23 21:18:45,0
분앙,UNKNOWN,2026-03-23 21:18:45,0
재어,UNKNOWN,2026-03-23 21:18:45,0
언빵,UNKNOWN,2026-03-23 21:18:45,0
다민테,UNKNOWN,2026-03-23 21:18:45,0
메애애애앵,UNKNOWN,2026-03-23 21:18:45,0
두커,UNKNOWN,2026-03-23 21:18:45,0
블퓨,UNKNOWN,2026-03-23 21:18:45,0
앙꼬숍,UNKNOWN,2026-03-23 21:18:45,0
숙히,UNKNOWN,2026-03-23 21:18:45,0
이춘풍,UNKNOWN,2026-03-23 21:18:45,0
메아링,UNKNOWN,2026-03-23 21:18:45,0
뀨신,UNKNOWN,2026-03-23 21:18:45,0
앤틱,UNKNOWN,2026-03-23 21:18:45,0
타액,UNKNOWN,2026-03-23 21:18:45,0
참스승,UNKNOWN,2026-03-23 21:18:45,0
난나,UNKNOWN,2026-03-23 21:18:45,0
비누님,UNKNOWN,2026-03-23 21:18:45,0
클너,UNKNOWN,2026-03-23 21:18:45,0
영호가호영함,UNKNOWN,2026-03-23 21:18:45,0
선우춘향,UNKNOWN,2026-03-23 21:18:45,0
요아빠,UNKNOWN,2026-03-23 21:18:45,0
기람,UNKNOWN,2026-03-23 21:18:45,0
I환상의아크I,UNKNOWN,2026-03-23 21:18:45,0
솜해,UNKNOWN,2026-03-23 21:18:45,0
삶콩,UNKNOWN,2026-03-23 21:18:45,0
뉴찌,UNKNOWN,2026-03-23 21:18:45,0
주셈,UNKNOWN,2026-03-23 21:18:45,0
꿈냥,UNKNOWN,2026-03-23 21:18:45,0
스팟,UNKNOWN,2026-03-23 21:18:46,0
도적짱o,UNKNOWN,2026-03-23 21:18:46,0
의역,UNKNOWN,2026-03-23 21:18:46,0
메톄오,UNKNOWN,2026-03-23 21:18:46,0
평양성,UNKNOWN,2026-03-23 21:18:46,0
얘배,UNKNOWN,2026-03-23 21:18:46,0
최현호,UNKNOWN,2026-03-23 21:18:46,0
연예인,UNKNOWN,2026-03-23 21:18:46,0
스딜,UNKNOWN,2026-03-23 21:18:46,0
이헌,UNKNOWN,2026-03-23 21:18:46,0
한시기야,UNKNOWN,2026-03-23 21:18:46,0
은은한황민석,UNKNOWN,2026-03-23 21:18:46,0
흑우궁,UNKNOWN,2026-03-23 21:18:46,0
승남,UNKNOWN,2026-03-23 21:18:46,0
와그,UNKNOWN,2026-03-23 21:18:46,0
데카스틸의왕,UNKNOWN,2026-03-23 21:18:46,0
빅구슬,UNKNOWN,2026-03-23 21:18:46,0
재매셔,UNKNOWN,2026-03-23 21:18:46,0
화그,UNKNOWN,2026-03-23 21:18:46,0
집정원,UNKNOWN,2026-03-23 21:18:46,0
기성강,UNKNOWN,2026-03-23 21:18:46,0
함신,UNKNOWN,2026-03-23 21:18:46,0
몽게,UNKNOWN,2026-03-23 21:18:46,0
윈브의포근함,UNKNOWN,2026-03-23 21:18:46,0
느새,UNKNOWN,2026-03-23 21:18:46,0
힐짱,UNKNOWN,2026-03-23 21:18:46,0
혀노씨,UNKNOWN,2026-03-23 21:18:46,0
심준기,UNKNOWN,2026-03-23 21:18:46,0
심도리,UNKNOWN,2026-03-23 21:18:46,0
바소,UNKNOWN,2026-03-23 21:18:46,0
팁팁,UNKNOWN,2026-03-23 21:18:46,0
드르륵,UNKNOWN,2026-03-23 21:18:46,0
아히또,UNKNOWN,2026-03-23 21:18:46,0
Stue,UNKNOWN,2026-03-23 21:18:46,0
삼구,UNKNOWN,2026-03-23 21:18:46,0
함흥,UNKNOWN,2026-03-23 21:18:46,0
송수민,UNKNOWN,2026-03-23 21:18:46,0
쇼잭,UNKNOWN,2026-03-23 21:18:46,0
믈빙건,UNKNOWN,2026-03-23 21:18:46,0
비와얌,UNKNOWN,2026-03-23 21:18:46,0
탱쏘,UNKNOWN,2026-03-23 21:18:46,0
대께방,UNKNOWN,2026-03-23 21:18:46,0
창규,UNKNOWN,2026-03-23 21:18:46,0
Phankovi,UNKNOWN,2026-03-23 21:18:46,0
모델,UNKNOWN,2026-03-23 21:18:46,0
씬짱,UNKNOWN,2026-03-23 21:18:46,0
논팬,UNKNOWN,2026-03-23 21:18:46,0
민자,UNKNOWN,2026-03-23 21:18:46,0
퍼런색,UNKNOWN,2026-03-23 21:18:46,0
플따뜻,UNKNOWN,2026-03-23 21:18:46,0
토리케,UNKNOWN,2026-03-23 21:18:46,0
찬용,UNKNOWN,2026-03-23 21:18:46,0
김과장낙찰,UNKNOWN,2026-03-23 21:18:46,0
쪼낙,UNKNOWN,2026-03-23 21:18:46,0
착용이,UNKNOWN,2026-03-23 21:18:46,0
퓨퓨공,UNKNOWN,2026-03-23 21:18:46,0
로열스티지,UNKNOWN,2026-03-23 21:18:46,0
후헴,UNKNOWN,2026-03-23 21:18:46,0
횡엇,UNKNOWN,2026-03-23 21:18:46,0
칭누,UNKNOWN,2026-03-23 21:18:46,0
탈마,UNKNOWN,2026-03-23 21:18:46,0
랴라,UNKNOWN,2026-03-23 21:18:46,0
왕머두,UNKNOWN,2026-03-23 21:18:46,0
부천1뽕,UNKNOWN,2026-03-23 21:18:46,0
호문,UNKNOWN,2026-03-23 21:18:47,0
신성마법사용,UNKNOWN,2026-03-23 21:18:47,0
석이,UNKNOWN,2026-03-23 21:18:47,0
깝싸,UNKNOWN,2026-03-23 21:18:47,0
무신,UNKNOWN,2026-03-23 21:18:47,0
SinKrios,UNKNOWN,2026-03-23 21:18:47,0
김민찬,UNKNOWN,2026-03-23 21:18:47,0
켄쥐,UNKNOWN,2026-03-23 21:18:47,0
사브레,UNKNOWN,2026-03-23 21:18:47,0
호칸,UNKNOWN,2026-03-23 21:18:47,0
뽀꾸,UNKNOWN,2026-03-23 21:18:47,0
불덩,UNKNOWN,2026-03-23 21:18:47,0
치명타,UNKNOWN,2026-03-23 21:18:47,0
가을누누,UNKNOWN,2026-03-23 21:18:47,0
이창뀨,UNKNOWN,2026-03-23 21:18:47,0
웅댕,UNKNOWN,2026-03-23 21:18:47,0
밤섹,UNKNOWN,2026-03-23 21:18:47,0
비숍으로찍먹,UNKNOWN,2026-03-23 21:18:47,0
갬충,UNKNOWN,2026-03-23 21:18:47,0
심덩민,UNKNOWN,2026-03-23 21:18:47,0
짤추,UNKNOWN,2026-03-23 21:18:47,0
반은,UNKNOWN,2026-03-23 21:18:47,0
훈피그,UNKNOWN,2026-03-23 21:18:47,0
식자재왕도매,UNKNOWN,2026-03-23 21:18:47,0
힉셀,UNKNOWN,2026-03-23 21:18:47,0
NicoGavi,UNKNOWN,2026-03-23 21:18:47,0
진스텝,UNKNOWN,2026-03-23 21:18:47,0
선철,UNKNOWN,2026-03-23 21:18:47,0
댕환,UNKNOWN,2026-03-23 21:18:47,0
뮤슷,UNKNOWN,2026-03-23 21:18:47,0
맛따,UNKNOWN,2026-03-23 21:18:47,0
히승,UNKNOWN,2026-03-23 21:18:47,0
아뗄,UNKNOWN,2026-03-23 21:18:47,0
츄릅나무,UNKNOWN,2026-03-23 21:18:47,0
시혀닛,UNKNOWN,2026-03-23 21:18:47,0
댕댕바,UNKNOWN,2026-03-23 21:18:47,0
피댕,UNKNOWN,2026-03-23 21:18:47,0
리붓보랄,UNKNOWN,2026-03-23 21:18:47,0
빙수차,UNKNOWN,2026-03-23 21:18:47,0
미혹,UNKNOWN,2026-03-23 21:18:47,0
서글픈별빛,UNKNOWN,2026-03-23 21:18:47,0
뱅쥐,UNKNOWN,2026-03-23 21:18:47,0
성공,UNKNOWN,2026-03-23 21:18:47,0
방무,UNKNOWN,2026-03-23 21:18:47,0
칠칠치못함,UNKNOWN,2026-03-23 21:18:47,0
모뇨이,UNKNOWN,2026-03-23 21:18:47,0
LeeSoRa,UNKNOWN,2026-03-23 21:18:47,0
뽈맨,UNKNOWN,2026-03-23 21:18:47,0
모자이크,UNKNOWN,2026-03-23 21:18:47,0
린뀨,UNKNOWN,2026-03-23 21:18:47,0
꾸딸라,UNKNOWN,2026-03-23 21:18:47,0
은임,UNKNOWN,2026-03-23 21:18:47,0
포리는포리,UNKNOWN,2026-03-23 21:18:47,0
스삐어,UNKNOWN,2026-03-23 21:18:47,0
희엔,UNKNOWN,2026-03-23 21:18:47,0
구설,UNKNOWN,2026-03-23 21:18:47,0
소중함을담다,UNKNOWN,2026-03-23 21:18:47,0
방켈,UNKNOWN,2026-03-23 21:18:47,0
캐마,UNKNOWN,2026-03-23 21:18:47,0
불주먹,UNKNOWN,2026-03-23 21:18:47,0
기스,UNKNOWN,2026-03-23 21:18:47,0
자몽에이de,UNKNOWN,2026-03-23 21:18:47,0
제르마,UNKNOWN,2026-03-23 21:18:47,0
백랑,UNKNOWN,2026-03-23 21:18:47,0
야마카시,UNKNOWN,2026-03-23 21:18:47,0
에이브,UNKNOWN,2026-03-23 21:18:48,0
점보,UNKNOWN,2026-03-23 21:18:48,0
낍검,UNKNOWN,2026-03-23 21:18:48,0
지문,UNKNOWN,2026-03-23 21:18:48,0
싶팔접둘,UNKNOWN,2026-03-23 21:18:48,0
쩐냐,UNKNOWN,2026-03-23 21:18:48,0
펫펫,UNKNOWN,2026-03-23 21:18:48,0
지가,UNKNOWN,2026-03-23 21:18:48,0
예의,UNKNOWN,2026-03-23 21:18:48,0
윤sun,UNKNOWN,2026-03-23 21:18:48,0
Fail,UNKNOWN,2026-03-23 21:18:48,0
묵중,UNKNOWN,2026-03-23 21:18:48,0
극기훈련,UNKNOWN,2026-03-23 21:18:48,0
챌로,UNKNOWN,2026-03-23 21:18:48,0
모르포니카,UNKNOWN,2026-03-23 21:18:48,0
괴도노란,UNKNOWN,2026-03-23 21:18:48,0
박시연,UNKNOWN,2026-03-23 21:18:48,0
경철,UNKNOWN,2026-03-23 21:18:48,0
찢어진혼,UNKNOWN,2026-03-23 21:18:48,0
옌젤릿버스터,UNKNOWN,2026-03-23 21:18:48,0
슈볍,UNKNOWN,2026-03-23 21:18:48,0
더저,UNKNOWN,2026-03-23 21:18:48,0
예담,UNKNOWN,2026-03-23 21:18:48,0
까만지빠귀,UNKNOWN,2026-03-23 21:18:48,0
Klyne,UNKNOWN,2026-03-23 21:18:48,0
회오리슛,UNKNOWN,2026-03-23 21:18:48,0
삼지창,UNKNOWN,2026-03-23 21:18:48,0
테벡,UNKNOWN,2026-03-23 21:18:48,0
뭐요가,UNKNOWN,2026-03-23 21:18:48,0
벤쯔,UNKNOWN,2026-03-23 21:18:48,0
홍찐,UNKNOWN,2026-03-23 21:18:48,0
젠젠,UNKNOWN,2026-03-23 21:18:48,0
슈포,UNKNOWN,2026-03-23 21:18:48,0
준희님,UNKNOWN,2026-03-23 21:18:48,0
Duna,UNKNOWN,2026-03-23 21:18:48,0
쳔우성,UNKNOWN,2026-03-23 21:18:48,0
좀만,UNKNOWN,2026-03-23 21:18:48,0
원활,UNKNOWN,2026-03-23 21:18:48,0
호잇이얌,UNKNOWN,2026-03-23 21:18:48,0
밍째,UNKNOWN,2026-03-23 21:18:48,0
발육이부족해,UNKNOWN,2026-03-23 21:18:48,0
게시글,UNKNOWN,2026-03-23 21:18:48,0
봉준,UNKNOWN,2026-03-23 21:18:48,0
면목,UNKNOWN,2026-03-23 21:18:48,0
KPGG,UNKNOWN,2026-03-23 21:18:48,0
지국,UNKNOWN,2026-03-23 21:18:48,0
뜨가,UNKNOWN,2026-03-23 21:18:48,0
검정후냥이,UNKNOWN,2026-03-23 21:18:48,0
구서,UNKNOWN,2026-03-23 21:18:48,0
즐겁노,UNKNOWN,2026-03-23 21:18:48,0
리린,UNKNOWN,2026-03-23 21:18:48,0
무라,UNKNOWN,2026-03-23 21:18:48,0
량리,UNKNOWN,2026-03-23 21:18:48,0
창야,UNKNOWN,2026-03-23 21:18:48,0
텐네,UNKNOWN,2026-03-23 21:18:48,0
테루낭시,UNKNOWN,2026-03-23 21:18:48,0
달순애,UNKNOWN,2026-03-23 21:18:48,0
찬설우,UNKNOWN,2026-03-23 21:18:48,0
콰직휘릭,UNKNOWN,2026-03-23 21:18:48,0
두목님,UNKNOWN,2026-03-23 21:18:48,0
센세,UNKNOWN,2026-03-23 21:18:48,0
살초,UNKNOWN,2026-03-23 21:18:48,0
PinkPooP,UNKNOWN,2026-03-23 21:18:48,0
자쪼,UNKNOWN,2026-03-23 21:18:48,0
쁘띠뚜낵,UNKNOWN,2026-03-23 21:18:48,0
표설구,UNKNOWN,2026-03-23 21:18:48,0
별쩝,UNKNOWN,2026-03-23 21:18:48,0
맴버,UNKNOWN,2026-03-23 21:18:48,0
즐겜,UNKNOWN,2026-03-23 21:18:48,0
펠령,UNKNOWN,2026-03-23 21:18:49,0
도빵,UNKNOWN,2026-03-23 21:18:49,0
샘끌,UNKNOWN,2026-03-23 21:18:49,0
진룡,UNKNOWN,2026-03-23 21:18:49,0
뀨낫,UNKNOWN,2026-03-23 21:18:49,0
hyubom,UNKNOWN,2026-03-23 21:18:49,0
망딸,UNKNOWN,2026-03-23 21:18:49,0
진냥씨,UNKNOWN,2026-03-23 21:18:49,0
호시이미키,UNKNOWN,2026-03-23 21:18:49,0
아뒤가전사,UNKNOWN,2026-03-23 21:18:49,0
도름,UNKNOWN,2026-03-23 21:18:49,0
강균,UNKNOWN,2026-03-23 21:18:49,0
멘토스자두맛,UNKNOWN,2026-03-23 21:18:49,0
쉼비,UNKNOWN,2026-03-23 21:18:49,0
자석펫날림,UNKNOWN,2026-03-23 21:18:49,0
마끼아또,UNKNOWN,2026-03-23 21:18:49,0
검희,UNKNOWN,2026-03-23 21:18:49,0
Mojo,UNKNOWN,2026-03-23 21:18:49,0
노랑깃털,UNKNOWN,2026-03-23 21:18:49,0
봄딴,UNKNOWN,2026-03-23 21:18:49,0
산성하,UNKNOWN,2026-03-23 21:18:49,0
돈씨,UNKNOWN,2026-03-23 21:18:49,0
하쁘,UNKNOWN,2026-03-23 21:18:49,0
츄시우,UNKNOWN,2026-03-23 21:18:49,0
여자애,UNKNOWN,2026-03-23 21:18:49,0
폭탄사용,UNKNOWN,2026-03-23 21:18:49,0
쌍도,UNKNOWN,2026-03-23 21:18:49,0
톡탕,UNKNOWN,2026-03-23 21:18:49,0
우머,UNKNOWN,2026-03-23 21:18:49,0
알람,UNKNOWN,2026-03-23 21:18:49,0
꿈의미아,UNKNOWN,2026-03-23 21:18:49,0
애진애,UNKNOWN,2026-03-23 21:18:49,0
아크혜,UNKNOWN,2026-03-23 21:18:49,0
오직한화,UNKNOWN,2026-03-23 21:18:49,0
샌밤,UNKNOWN,2026-03-23 21:18:49,0
낭랑쨩,UNKNOWN,2026-03-23 21:18:49,0
맵핵,UNKNOWN,2026-03-23 21:18:49,0
트루,UNKNOWN,2026-03-23 21:18:49,0
전만쟁,UNKNOWN,2026-03-23 21:18:49,0
뿌얌,UNKNOWN,2026-03-23 21:18:49,0
부평썬,UNKNOWN,2026-03-23 21:18:49,0
보스모집,UNKNOWN,2026-03-23 21:18:49,0
숭댕,UNKNOWN,2026-03-23 21:18:49,0
천재,UNKNOWN,2026-03-23 21:18:49,0
우돈부르,UNKNOWN,2026-03-23 21:18:49,0
단미,UNKNOWN,2026-03-23 21:18:49,0
루브겐,UNKNOWN,2026-03-23 21:18:49,0
변신이향,UNKNOWN,2026-03-23 21:18:49,0
퇴니,UNKNOWN,2026-03-23 21:18:49,0
모쓰,UNKNOWN,2026-03-23 21:18:49,0
청사흘,UNKNOWN,2026-03-23 21:18:49,0
두자님,UNKNOWN,2026-03-23 21:18:50,0
띠자,UNKNOWN,2026-03-23 21:18:50,0
명밍밍밍,UNKNOWN,2026-03-23 21:18:50,0
머아,UNKNOWN,2026-03-23 21:18:50,0
선생토르,UNKNOWN,2026-03-23 21:18:50,0
계란장조오림,UNKNOWN,2026-03-23 21:18:50,0
세스사스,UNKNOWN,2026-03-23 21:18:50,0
사칭금지,UNKNOWN,2026-03-23 21:18:50,0
바라기,UNKNOWN,2026-03-23 21:18:50,0
분리비,UNKNOWN,2026-03-23 21:18:50,0
이상화,UNKNOWN,2026-03-23 21:18:50,0
세계최강오리,UNKNOWN,2026-03-23 21:18:50,0
살란,UNKNOWN,2026-03-23 21:18:50,0
진리관614,UNKNOWN,2026-03-23 21:18:50,0
꽁트,UNKNOWN,2026-03-23 21:18:50,0
깨움,UNKNOWN,2026-03-23 21:18:50,0
빚진자,UNKNOWN,2026-03-23 21:18:50,0
금백,UNKNOWN,2026-03-23 21:18:50,0
스시치,UNKNOWN,2026-03-23 21:18:50,0
제농찌,UNKNOWN,2026-03-23 21:18:50,0
남북,UNKNOWN,2026-03-23 21:18:50,0
혤로,UNKNOWN,2026-03-23 21:18:50,0
오징어망치,UNKNOWN,2026-03-23 21:18:50,0
준엥,UNKNOWN,2026-03-23 21:18:50,0
플로랠,UNKNOWN,2026-03-23 21:18:50,0
쎄젬,UNKNOWN,2026-03-23 21:18:50,0
비띵,UNKNOWN,2026-03-23 21:18:50,0
삣캬,UNKNOWN,2026-03-23 21:18:50,0
추격,UNKNOWN,2026-03-23 21:18:50,0
화민,UNKNOWN,2026-03-23 21:18:50,0
Bomi,UNKNOWN,2026-03-23 21:18:50,0
미님,UNKNOWN,2026-03-23 21:18:50,0
낸랴,UNKNOWN,2026-03-23 21:18:50,0
차유비,UNKNOWN,2026-03-23 21:18:50,0
낫러브,UNKNOWN,2026-03-23 21:18:50,0
잉중,UNKNOWN,2026-03-23 21:18:50,0
악동종이,UNKNOWN,2026-03-23 21:18:50,0
찌존,UNKNOWN,2026-03-23 21:18:50,0
Pira,UNKNOWN,2026-03-23 21:18:50,0
귀씨,UNKNOWN,2026-03-23 21:18:50,0
평준,UNKNOWN,2026-03-23 21:18:50,0
다짐,UNKNOWN,2026-03-23 21:18:50,0
띠닛,UNKNOWN,2026-03-23 21:18:50,0
텅크아,UNKNOWN,2026-03-23 21:18:50,0
병자소마,UNKNOWN,2026-03-23 21:18:50,0
아이란,UNKNOWN,2026-03-23 21:18:50,0
지응,UNKNOWN,2026-03-23 21:18:50,0
장규호,UNKNOWN,2026-03-23 21:18:50,0
시스비숍,UNKNOWN,2026-03-23 21:18:50,0
논리,UNKNOWN,2026-03-23 21:18:50,0
뜰별,UNKNOWN,2026-03-23 21:18:50,0
해적왕의계집,UNKNOWN,2026-03-23 21:18:50,0
냐검,UNKNOWN,2026-03-23 21:18:50,0
썽이,UNKNOWN,2026-03-23 21:18:50,0
익망,UNKNOWN,2026-03-23 21:18:50,0
피플몽,UNKNOWN,2026-03-23 21:18:50,0
중대장,UNKNOWN,2026-03-23 21:18:50,0
사로코,UNKNOWN,2026-03-23 21:18:50,0
딕케이,UNKNOWN,2026-03-23 21:18:50,0
뻔찬,UNKNOWN,2026-03-23 21:18:50,0
느그교수님,UNKNOWN,2026-03-23 21:18:50,0
으띠,UNKNOWN,2026-03-23 21:18:50,0
유처만,UNKNOWN,2026-03-23 21:18:51,0
듀블탈출할래,UNKNOWN,2026-03-23 21:18:51,0
겜치,UNKNOWN,2026-03-23 21:18:51,0
검술,UNKNOWN,2026-03-23 21:18:51,0
초앞,UNKNOWN,2026-03-23 21:18:51,0
뀨원,UNKNOWN,2026-03-23 21:18:51,0
라온표도,UNKNOWN,2026-03-23 21:18:51,0
유일리스,UNKNOWN,2026-03-23 21:18:51,0
수영,UNKNOWN,2026-03-23 21:18:51,0
아참,UNKNOWN,2026-03-23 21:18:51,0
Lucian,UNKNOWN,2026-03-23 21:18:51,0
영상편지,UNKNOWN,2026-03-23 21:18:51,0
븜하,UNKNOWN,2026-03-23 21:18:51,0
건고,UNKNOWN,2026-03-23 21:18:51,0
쪼임,UNKNOWN,2026-03-23 21:18:51,0
삼도류,UNKNOWN,2026-03-23 21:18:51,0
컨퍼,UNKNOWN,2026-03-23 21:18:51,0
조패,UNKNOWN,2026-03-23 21:18:51,0
줄리엣,UNKNOWN,2026-03-23 21:18:51,0
1654646465,UNKNOWN,2026-03-23 21:18:51,0
상은,UNKNOWN,2026-03-23 21:18:51,0
재내,UNKNOWN,2026-03-23 21:18:51,0
푸루리,UNKNOWN,2026-03-23 21:18:51,0
식견,UNKNOWN,2026-03-23 21:18:51,0
묘동,UNKNOWN,2026-03-23 21:18:51,0
제어신호,UNKNOWN,2026-03-23 21:18:51,0
우킨,UNKNOWN,2026-03-23 21:18:51,0
슈가신,UNKNOWN,2026-03-23 21:18:51,0
핸통,UNKNOWN,2026-03-23 21:18:51,0
이남덕,UNKNOWN,2026-03-23 21:18:51,0
현준e,UNKNOWN,2026-03-23 21:18:51,0
협도,UNKNOWN,2026-03-23 21:18:51,0
슈퍼히어로쏭,UNKNOWN,2026-03-23 21:18:51,0
구달민,UNKNOWN,2026-03-23 21:18:51,0
슁김,UNKNOWN,2026-03-23 21:18:51,0
보봉실팔라딘,UNKNOWN,2026-03-23 21:18:51,0
검둥,UNKNOWN,2026-03-23 21:18:51,0
그윽,UNKNOWN,2026-03-23 21:18:51,0
글세시,UNKNOWN,2026-03-23 21:18:51,0
뽀크,UNKNOWN,2026-03-23 21:18:51,0
단꽃잠,UNKNOWN,2026-03-23 21:18:51,0
림듀,UNKNOWN,2026-03-23 21:18:51,0
리푸빠,UNKNOWN,2026-03-23 21:18:51,0
지하새,UNKNOWN,2026-03-23 21:18:51,0
탄화,UNKNOWN,2026-03-23 21:18:51,0
정이수,UNKNOWN,2026-03-23 21:18:51,0
렌선댕댕,UNKNOWN,2026-03-23 21:18:51,0
유즈키,UNKNOWN,2026-03-23 21:18:51,0
모르갱알갱,UNKNOWN,2026-03-23 21:18:51,0
때땅연,UNKNOWN,2026-03-23 21:18:51,0
버터모짜,UNKNOWN,2026-03-23 21:18:51,0
갤훈이,UNKNOWN,2026-03-23 21:18:51,0
자일,UNKNOWN,2026-03-23 21:18:51,0
기밍,UNKNOWN,2026-03-23 21:18:51,0
손송편,UNKNOWN,2026-03-23 21:18:51,0
시오리,UNKNOWN,2026-03-23 21:18:51,0
극딜짱쌘카인,UNKNOWN,2026-03-23 21:18:51,0
삼각러,UNKNOWN,2026-03-23 21:18:51,0
치즈케끼,UNKNOWN,2026-03-23 21:18:51,0
김태원,UNKNOWN,2026-03-23 21:18:51,0
아란양심,UNKNOWN,2026-03-23 21:18:51,0
임류다,UNKNOWN,2026-03-23 21:18:51,0
담터,UNKNOWN,2026-03-23 21:18:51,0
윤바,UNKNOWN,2026-03-23 21:18:51,0
승호,UNKNOWN,2026-03-23 21:18:51,0
이동윤,UNKNOWN,2026-03-23 21:18:51,0
저여3,UNKNOWN,2026-03-23 21:18:51,0
지전,UNKNOWN,2026-03-23 21:18:52,0
이런여언봉,UNKNOWN,2026-03-23 21:18:52,0
인터,UNKNOWN,2026-03-23 21:18:52,0
차윤,UNKNOWN,2026-03-23 21:18:52,0
겨켜,UNKNOWN,2026-03-23 21:18:52,0
덕해,UNKNOWN,2026-03-23 21:18:52,0
이지섭,UNKNOWN,2026-03-23 21:18:52,0
모모던,UNKNOWN,2026-03-23 21:18:52,0
암게,UNKNOWN,2026-03-23 21:18:52,0
선비니,UNKNOWN,2026-03-23 21:18:52,0
늬워,UNKNOWN,2026-03-23 21:18:52,0
먼저,UNKNOWN,2026-03-23 21:18:52,0
까망곰,UNKNOWN,2026-03-23 21:18:52,0
할증,UNKNOWN,2026-03-23 21:18:52,0
렌쫑,UNKNOWN,2026-03-23 21:18:52,0
싱크봇,UNKNOWN,2026-03-23 21:18:52,0
테루Jr,UNKNOWN,2026-03-23 21:18:52,0
진사문,UNKNOWN,2026-03-23 21:18:52,0
논법,UNKNOWN,2026-03-23 21:18:52,0
브랜든,UNKNOWN,2026-03-23 21:18:52,0
뿅세,UNKNOWN,2026-03-23 21:18:52,0
노열,UNKNOWN,2026-03-23 21:18:52,0
빚전드,UNKNOWN,2026-03-23 21:18:52,0
모카네트워크,UNKNOWN,2026-03-23 21:18:52,0
진혼검,UNKNOWN,2026-03-23 21:18:52,0
힘하,UNKNOWN,2026-03-23 21:18:52,0
번빙,UNKNOWN,2026-03-23 21:18:52,0
백허,UNKNOWN,2026-03-23 21:18:52,0
냐해,UNKNOWN,2026-03-23 21:18:52,0
탕슉생각,UNKNOWN,2026-03-23 21:18:52,0
일혼,UNKNOWN,2026-03-23 21:18:52,0
루이지,UNKNOWN,2026-03-23 21:18:52,0
강남역셰프pc,UNKNOWN,2026-03-23 21:18:52,0
적칠,UNKNOWN,2026-03-23 21:18:52,0
루립,UNKNOWN,2026-03-23 21:18:52,0
즈묘채,UNKNOWN,2026-03-23 21:18:52,0
Roses,UNKNOWN,2026-03-23 21:18:52,0
힐없어,UNKNOWN,2026-03-23 21:18:52,0
브랜디쉬C,UNKNOWN,2026-03-23 21:18:52,0
민형,UNKNOWN,2026-03-23 21:18:52,0
Nana,UNKNOWN,2026-03-23 21:18:52,0
양손대검,UNKNOWN,2026-03-23 21:18:52,0
잠입,UNKNOWN,2026-03-23 21:18:52,0
오퀼,UNKNOWN,2026-03-23 21:18:52,0
화단백,UNKNOWN,2026-03-23 21:18:52,0
혼페,UNKNOWN,2026-03-23 21:18:52,0
앤쓸,UNKNOWN,2026-03-23 21:18:52,0
시정,UNKNOWN,2026-03-23 21:18:52,0
오산박,UNKNOWN,2026-03-23 21:18:52,0
격추,UNKNOWN,2026-03-23 21:18:52,0
띨다,UNKNOWN,2026-03-23 21:18:52,0
빠캄,UNKNOWN,2026-03-23 21:18:52,0
쭈쭈,UNKNOWN,2026-03-23 21:18:52,0
알롸아크바르,UNKNOWN,2026-03-23 21:18:52,0
기썸,UNKNOWN,2026-03-23 21:18:52,0
큐섬,UNKNOWN,2026-03-23 21:18:52,0
윤민근,UNKNOWN,2026-03-23 21:18:52,0
또링3,UNKNOWN,2026-03-23 21:18:52,0
몰리화학,UNKNOWN,2026-03-23 21:18:52,0
개체,UNKNOWN,2026-03-23 21:18:52,0
믹츄,UNKNOWN,2026-03-23 21:18:53,0
묵두팔,UNKNOWN,2026-03-23 21:18:53,0
벵갈족,UNKNOWN,2026-03-23 21:18:53,0
머벳,UNKNOWN,2026-03-23 21:18:53,0
은유,UNKNOWN,2026-03-23 21:18:53,0
겸댕,UNKNOWN,2026-03-23 21:18:53,0
디스숭,UNKNOWN,2026-03-23 21:18:53,0
해리스파러,UNKNOWN,2026-03-23 21:18:53,0
다붓,UNKNOWN,2026-03-23 21:18:53,0
임팩,UNKNOWN,2026-03-23 21:18:53,0
피데몬즈,UNKNOWN,2026-03-23 21:18:53,0
은의편지,UNKNOWN,2026-03-23 21:18:53,0
꼬밧,UNKNOWN,2026-03-23 21:18:53,0
re이느,UNKNOWN,2026-03-23 21:18:53,0
구체육,UNKNOWN,2026-03-23 21:18:53,0
단호잇,UNKNOWN,2026-03-23 21:18:53,0
피새,UNKNOWN,2026-03-23 21:18:53,0
잠핍,UNKNOWN,2026-03-23 21:18:53,0
요점,UNKNOWN,2026-03-23 21:18:53,0
영풍,UNKNOWN,2026-03-23 21:18:53,0
단맹,UNKNOWN,2026-03-23 21:18:53,0
곡곡,UNKNOWN,2026-03-23 21:18:53,0
긋긔,UNKNOWN,2026-03-23 21:18:53,0
호요,UNKNOWN,2026-03-23 21:18:53,0
쫑쫑쫑,UNKNOWN,2026-03-23 21:18:53,0
미코,UNKNOWN,2026-03-23 21:18:53,0
Serry,UNKNOWN,2026-03-23 21:18:53,0
Wisp,UNKNOWN,2026-03-23 21:18:53,0
짜핏,UNKNOWN,2026-03-23 21:18:53,0
반둘,UNKNOWN,2026-03-23 21:18:53,0
표때,UNKNOWN,2026-03-23 21:18:53,0
차군침,UNKNOWN,2026-03-23 21:18:53,0
헤븐,UNKNOWN,2026-03-23 21:18:53,0
용관,UNKNOWN,2026-03-23 21:18:53,0
페콤즈,UNKNOWN,2026-03-23 21:18:53,0
군자,UNKNOWN,2026-03-23 21:18:53,0
지쑤,UNKNOWN,2026-03-23 21:18:53,0
대범,UNKNOWN,2026-03-23 21:18:53,0
권냥,UNKNOWN,2026-03-23 21:18:53,0
토비이치,UNKNOWN,2026-03-23 21:18:53,0
포도알윈브,UNKNOWN,2026-03-23 21:18:53,0
장의사,UNKNOWN,2026-03-23 21:18:53,0
저르,UNKNOWN,2026-03-23 21:18:53,0
CuteUrgot,UNKNOWN,2026-03-23 21:18:53,0
A맛잇는땅콩,UNKNOWN,2026-03-23 21:18:53,0
뚜벅이상향점,UNKNOWN,2026-03-23 21:18:53,0
불탄진달래,UNKNOWN,2026-03-23 21:18:53,0
댐비,UNKNOWN,2026-03-23 21:18:53,0
악마파닭,UNKNOWN,2026-03-23 21:18:53,0
포기,UNKNOWN,2026-03-23 21:18:53,0
듀포시,UNKNOWN,2026-03-23 21:18:53,0
쭌뚜,UNKNOWN,2026-03-23 21:18:53,0
뿅망치권순재,UNKNOWN,2026-03-23 21:18:53,0
하냥이지,UNKNOWN,2026-03-23 21:18:53,0
난잡,UNKNOWN,2026-03-23 21:18:53,0
뷔청,UNKNOWN,2026-03-23 21:18:54,0
로드쿠망,UNKNOWN,2026-03-23 21:18:54,0
연계,UNKNOWN,2026-03-23 21:18:54,0
왕어,UNKNOWN,2026-03-23 21:18:54,0
창일,UNKNOWN,2026-03-23 21:18:54,0
침상위의남자,UNKNOWN,2026-03-23 21:18:54,0
룸이행적,UNKNOWN,2026-03-23 21:18:54,0
l디바인I,UNKNOWN,2026-03-23 21:18:54,0
령렁,UNKNOWN,2026-03-23 21:18:54,0
별떨어져,UNKNOWN,2026-03-23 21:18:54,0
흑맥쥬,UNKNOWN,2026-03-23 21:18:54,0
블지인,UNKNOWN,2026-03-23 21:18:54,0
래옹,UNKNOWN,2026-03-23 21:18:54,0
대패,UNKNOWN,2026-03-23 21:18:54,0
유네,UNKNOWN,2026-03-23 21:18:54,0
유서랑,UNKNOWN,2026-03-23 21:18:54,0
서디,UNKNOWN,2026-03-23 21:18:54,0
철잉이,UNKNOWN,2026-03-23 21:18:54,0
유해솔,UNKNOWN,2026-03-23 21:18:54,0
디히,UNKNOWN,2026-03-23 21:18:54,0
로껄,UNKNOWN,2026-03-23 21:18:54,0
스터디,UNKNOWN,2026-03-23 21:18:54,0
밥퉁,UNKNOWN,2026-03-23 21:18:54,0
송윤도,UNKNOWN,2026-03-23 21:18:54,0
Heine,UNKNOWN,2026-03-23 21:18:54,0
손망가져,UNKNOWN,2026-03-23 21:18:54,0
엠블렘,UNKNOWN,2026-03-23 21:18:54,0
둥능,UNKNOWN,2026-03-23 21:18:54,0
상해미세먼지,UNKNOWN,2026-03-23 21:18:54,0
묘넬,UNKNOWN,2026-03-23 21:18:54,0
미찐놈,UNKNOWN,2026-03-23 21:18:54,0
뮨난,UNKNOWN,2026-03-23 21:18:54,0
인방,UNKNOWN,2026-03-23 21:18:54,0
지아름,UNKNOWN,2026-03-23 21:18:54,0
고목,UNKNOWN,2026-03-23 21:18:54,0
애동이,UNKNOWN,2026-03-23 21:18:54,0
아트체라,UNKNOWN,2026-03-23 21:18:54,0
혼전순결,UNKNOWN,2026-03-23 21:18:54,0
노컴벳,UNKNOWN,2026-03-23 21:18:54,0
글로하트,UNKNOWN,2026-03-23 21:18:54,0
대Roo,UNKNOWN,2026-03-23 21:18:54,0
일상l,UNKNOWN,2026-03-23 21:18:54,0
뇽듀블,UNKNOWN,2026-03-23 21:18:54,0
조데,UNKNOWN,2026-03-23 21:18:54,0
오반,UNKNOWN,2026-03-23 21:18:54,0
나땐,UNKNOWN,2026-03-23 21:18:54,0
께으,UNKNOWN,2026-03-23 21:18:54,0
독독,UNKNOWN,2026-03-23 21:18:54,0
리지은,UNKNOWN,2026-03-23 21:18:54,0
레뷰,UNKNOWN,2026-03-23 21:18:54,0
승갬쿤,UNKNOWN,2026-03-23 21:18:54,0
아직조금더,UNKNOWN,2026-03-23 21:18:54,0
요들,UNKNOWN,2026-03-23 21:18:54,0
도류환,UNKNOWN,2026-03-23 21:18:54,0
리기,UNKNOWN,2026-03-23 21:18:54,0
흥백,UNKNOWN,2026-03-23 21:18:54,0
혼령지기,UNKNOWN,2026-03-23 21:18:54,0
작개,UNKNOWN,2026-03-23 21:18:54,0
꿍취,UNKNOWN,2026-03-23 21:18:55,0
벡희,UNKNOWN,2026-03-23 21:18:55,0
쪼렙,UNKNOWN,2026-03-23 21:18:55,0
채경철,UNKNOWN,2026-03-23 21:18:55,0
덜면,UNKNOWN,2026-03-23 21:18:55,0
재문이,UNKNOWN,2026-03-23 21:18:55,0
썽경,UNKNOWN,2026-03-23 21:18:55,0
스펠줘,UNKNOWN,2026-03-23 21:18:55,0
까치버섯,UNKNOWN,2026-03-23 21:18:55,0
두개,UNKNOWN,2026-03-23 21:18:55,0
순례자아란,UNKNOWN,2026-03-23 21:18:55,0
재이봉봉,UNKNOWN,2026-03-23 21:18:55,0
유진,UNKNOWN,2026-03-23 21:18:55,0
March24th,UNKNOWN,2026-03-23 21:18:55,0
아등바등,UNKNOWN,2026-03-23 21:18:55,0
뽀땐,UNKNOWN,2026-03-23 21:18:55,0
왕지현,UNKNOWN,2026-03-23 21:18:55,0
추캬,UNKNOWN,2026-03-23 21:18:55,0
으뜨망,UNKNOWN,2026-03-23 21:18:55,0
댜네,UNKNOWN,2026-03-23 21:18:55,0
답없네,UNKNOWN,2026-03-23 21:18:55,0
왁왁,UNKNOWN,2026-03-23 21:18:55,0
박아쩌,UNKNOWN,2026-03-23 21:18:55,0
마라크림딤섬,UNKNOWN,2026-03-23 21:18:55,0
궁기,UNKNOWN,2026-03-23 21:18:55,0
거기정지행,UNKNOWN,2026-03-23 21:18:55,0
왕따,UNKNOWN,2026-03-23 21:18:55,0
교재,UNKNOWN,2026-03-23 21:18:55,0
블래키,UNKNOWN,2026-03-23 21:18:55,0
C4rtman99,UNKNOWN,2026-03-23 21:18:55,0
힘채범,UNKNOWN,2026-03-23 21:18:55,0
꿈팬시,UNKNOWN,2026-03-23 21:18:55,0
이효형,UNKNOWN,2026-03-23 21:18:55,0
나길,UNKNOWN,2026-03-23 21:18:55,0
표류,UNKNOWN,2026-03-23 21:18:55,0
적이,UNKNOWN,2026-03-23 21:18:55,0
섭이,UNKNOWN,2026-03-23 21:18:55,0
본될,UNKNOWN,2026-03-23 21:18:55,0
한양도,UNKNOWN,2026-03-23 21:18:55,0
압사,UNKNOWN,2026-03-23 21:18:55,0
뎅아인,UNKNOWN,2026-03-23 21:18:55,0
현보리미,UNKNOWN,2026-03-23 21:18:55,0
유승호,UNKNOWN,2026-03-23 21:18:55,0
불길,UNKNOWN,2026-03-23 21:18:55,0
푸더링B,UNKNOWN,2026-03-23 21:18:55,0
런우,UNKNOWN,2026-03-23 21:18:55,0
파쇄연권,UNKNOWN,2026-03-23 21:18:55,0
그뇽,UNKNOWN,2026-03-23 21:18:55,0
피실,UNKNOWN,2026-03-23 21:18:55,0
앙셜,UNKNOWN,2026-03-23 21:18:55,0
히오스,UNKNOWN,2026-03-23 21:18:55,0
키냄,UNKNOWN,2026-03-23 21:18:55,0
성현이,UNKNOWN,2026-03-23 21:18:55,0
복객,UNKNOWN,2026-03-23 21:18:55,0
뒷골목렌,UNKNOWN,2026-03-23 21:18:55,0
진힐라,UNKNOWN,2026-03-23 21:18:55,0
트쉬,UNKNOWN,2026-03-23 21:18:55,0
록리,UNKNOWN,2026-03-23 21:18:55,0
Kcc윈드,UNKNOWN,2026-03-23 21:18:55,0
켈로이담,UNKNOWN,2026-03-23 21:18:55,0
김강훤,UNKNOWN,2026-03-23 21:18:55,0
쨍미늬,UNKNOWN,2026-03-23 21:18:55,0
이미있음,UNKNOWN,2026-03-23 21:18:56,0
짭굴비,UNKNOWN,2026-03-23 21:18:56,0
원다,UNKNOWN,2026-03-23 21:18:56,0
댜빤,UNKNOWN,2026-03-23 21:18:56,0
뭔근이플이냐,UNKNOWN,2026-03-23 21:18:56,0
발설,UNKNOWN,2026-03-23 21:18:56,0
떠먹꼬,UNKNOWN,2026-03-23 21:18:56,0
발전기,UNKNOWN,2026-03-23 21:18:56,0
프랑스와뜨,UNKNOWN,2026-03-23 21:18:56,0
사임,UNKNOWN,2026-03-23 21:18:56,0
됐어,UNKNOWN,2026-03-23 21:18:56,0
미종수,UNKNOWN,2026-03-23 21:18:56,0
청운종,UNKNOWN,2026-03-23 21:18:56,0
작곰,UNKNOWN,2026-03-23 21:18:56,0
소설람,UNKNOWN,2026-03-23 21:18:56,0
윤브님,UNKNOWN,2026-03-23 21:18:56,0
꽃우용,UNKNOWN,2026-03-23 21:18:56,0
샨팡,UNKNOWN,2026-03-23 21:18:56,0
댜잇,UNKNOWN,2026-03-23 21:18:56,0
멍뭉이,UNKNOWN,2026-03-23 21:18:56,0
새동,UNKNOWN,2026-03-23 21:18:56,0
바람돌풍이,UNKNOWN,2026-03-23 21:18:56,0
Lusldel,UNKNOWN,2026-03-23 21:18:56,0
팔라딘합니당,UNKNOWN,2026-03-23 21:18:56,0
임니,UNKNOWN,2026-03-23 21:18:56,0
sntnekdgka,UNKNOWN,2026-03-23 21:18:56,0
아칼,UNKNOWN,2026-03-23 21:18:56,0
레아리엔,UNKNOWN,2026-03-23 21:18:56,0
딕펀,UNKNOWN,2026-03-23 21:18:56,0
팬텀밍이밍이,UNKNOWN,2026-03-23 21:18:56,0
푸토,UNKNOWN,2026-03-23 21:18:56,0
대쨩,UNKNOWN,2026-03-23 21:18:56,0
그브,UNKNOWN,2026-03-23 21:18:56,0
푸나,UNKNOWN,2026-03-23 21:18:56,0
민쵸송,UNKNOWN,2026-03-23 21:18:56,0
천지화니,UNKNOWN,2026-03-23 21:18:56,0
김로혁,UNKNOWN,2026-03-23 21:18:56,0
불릿듄,UNKNOWN,2026-03-23 21:18:56,0
콩만,UNKNOWN,2026-03-23 21:18:56,0
밍긋,UNKNOWN,2026-03-23 21:18:56,0
랄로식윈브,UNKNOWN,2026-03-23 21:18:56,0
갱생따반,UNKNOWN,2026-03-23 21:18:56,0
쿠키꾸움,UNKNOWN,2026-03-23 21:18:56,0
화비표창,UNKNOWN,2026-03-23 21:18:56,0
애퓸,UNKNOWN,2026-03-23 21:18:56,0
강캐,UNKNOWN,2026-03-23 21:18:56,0
호영파천황,UNKNOWN,2026-03-23 21:18:56,0
피의파워,UNKNOWN,2026-03-23 21:18:56,0
몽키D경규,UNKNOWN,2026-03-23 21:18:56,0
가을밤커피,UNKNOWN,2026-03-23 21:18:56,0
미의렌,UNKNOWN,2026-03-23 21:18:56,0
쫄리몽땅,UNKNOWN,2026-03-23 21:18:56,0
미코토,UNKNOWN,2026-03-23 21:18:56,0
룡딴,UNKNOWN,2026-03-23 21:18:56,0
소절,UNKNOWN,2026-03-23 21:18:56,0
면민,UNKNOWN,2026-03-23 21:18:56,0
몬헌똥겜,UNKNOWN,2026-03-23 21:18:56,0
마이훈,UNKNOWN,2026-03-23 21:18:57,0
뽀릿,UNKNOWN,2026-03-23 21:18:57,0
어허,UNKNOWN,2026-03-23 21:18:57,0
손현종,UNKNOWN,2026-03-23 21:18:57,0
밖에다녀왔어,UNKNOWN,2026-03-23 21:18:57,0
니라니라호,UNKNOWN,2026-03-23 21:18:57,0
김경석,UNKNOWN,2026-03-23 21:18:57,0
빈꿈,UNKNOWN,2026-03-23 21:18:57,0
베토벤,UNKNOWN,2026-03-23 21:18:57,0
라빗,UNKNOWN,2026-03-23 21:18:57,0
승글,UNKNOWN,2026-03-23 21:18:57,0
쿠방,UNKNOWN,2026-03-23 21:18:57,0
프로듀서,UNKNOWN,2026-03-23 21:18:57,0
추심,UNKNOWN,2026-03-23 21:18:57,0
레미디오스,UNKNOWN,2026-03-23 21:18:57,0
람큰,UNKNOWN,2026-03-23 21:18:57,0
탕야,UNKNOWN,2026-03-23 21:18:57,0
저욤,UNKNOWN,2026-03-23 21:18:57,0
빙짱,UNKNOWN,2026-03-23 21:18:57,0
초이스효진,UNKNOWN,2026-03-23 21:18:57,0
용맹한축복,UNKNOWN,2026-03-23 21:18:57,0
분초,UNKNOWN,2026-03-23 21:18:57,0
김영오,UNKNOWN,2026-03-23 21:18:57,0
미류,UNKNOWN,2026-03-23 21:18:57,0
강도의아들,UNKNOWN,2026-03-23 21:18:57,0
동천쨩짱만세,UNKNOWN,2026-03-23 21:18:57,0
몽심,UNKNOWN,2026-03-23 21:18:57,0
메루메루플위,UNKNOWN,2026-03-23 21:18:57,0
눈부심,UNKNOWN,2026-03-23 21:18:57,0
서폿혐오자,UNKNOWN,2026-03-23 21:18:57,0
승천,UNKNOWN,2026-03-23 21:18:57,0
낙삽,UNKNOWN,2026-03-23 21:18:57,0
성빔,UNKNOWN,2026-03-23 21:18:57,0
엘델고,UNKNOWN,2026-03-23 21:18:57,0
예스,UNKNOWN,2026-03-23 21:18:57,0
놀쟝,UNKNOWN,2026-03-23 21:18:57,0
흙성,UNKNOWN,2026-03-23 21:18:57,0
건현,UNKNOWN,2026-03-23 21:18:57,0
네퓨,UNKNOWN,2026-03-23 21:18:57,0
weed,UNKNOWN,2026-03-23 21:18:57,0
안개비님,UNKNOWN,2026-03-23 21:18:57,0
투자자,UNKNOWN,2026-03-23 21:18:57,0
민볶밥,UNKNOWN,2026-03-23 21:18:57,0
나비브,UNKNOWN,2026-03-23 21:18:57,0
좋당,UNKNOWN,2026-03-23 21:18:57,0
마검사아델,UNKNOWN,2026-03-23 21:18:57,0
트오,UNKNOWN,2026-03-23 21:18:57,0
낫들기,UNKNOWN,2026-03-23 21:18:57,0
코강,UNKNOWN,2026-03-23 21:18:57,0
뭉치치포덩덩,UNKNOWN,2026-03-23 21:18:57,0
넥타,UNKNOWN,2026-03-23 21:18:57,0
첫룬,UNKNOWN,2026-03-23 21:18:57,0
남율리,UNKNOWN,2026-03-23 21:18:57,0
나비숍이욤,UNKNOWN,2026-03-23 21:18:57,0
신도시,UNKNOWN,2026-03-23 21:18:57,0
짱구이도현,UNKNOWN,2026-03-23 21:18:57,0
문꼬마,UNKNOWN,2026-03-23 21:18:57,0
이짜,UNKNOWN,2026-03-23 21:18:57,0
코뱃,UNKNOWN,2026-03-23 21:18:57,0
경민앗,UNKNOWN,2026-03-23 21:18:58,0
딨구,UNKNOWN,2026-03-23 21:18:58,0
두둔둔,UNKNOWN,2026-03-23 21:18:58,0
루티아범,UNKNOWN,2026-03-23 21:18:58,0
Hotpong,UNKNOWN,2026-03-23 21:18:58,0
느펨,UNKNOWN,2026-03-23 21:18:58,0
판도라,UNKNOWN,2026-03-23 21:18:58,0
단룩,UNKNOWN,2026-03-23 21:18:58,0
봉내커,UNKNOWN,2026-03-23 21:18:58,0
리펙,UNKNOWN,2026-03-23 21:18:58,0
누오,UNKNOWN,2026-03-23 21:18:58,0
앗비,UNKNOWN,2026-03-23 21:18:58,0
첫사람,UNKNOWN,2026-03-23 21:18:58,0
게임쇼,UNKNOWN,2026-03-23 21:18:58,0
합격,UNKNOWN,2026-03-23 21:18:58,0
이선규,UNKNOWN,2026-03-23 21:18:58,0
안동깡패,UNKNOWN,2026-03-23 21:18:58,0
데롱,UNKNOWN,2026-03-23 21:18:58,0
윗별,UNKNOWN,2026-03-23 21:18:58,0
적응자,UNKNOWN,2026-03-23 21:18:58,0
멍감쟈,UNKNOWN,2026-03-23 21:18:58,0
이도의길,UNKNOWN,2026-03-23 21:18:58,0
정말다,UNKNOWN,2026-03-23 21:18:58,0
22성,UNKNOWN,2026-03-23 21:18:58,0
사신수,UNKNOWN,2026-03-23 21:18:58,0
앨랑코,UNKNOWN,2026-03-23 21:18:58,0
서빙,UNKNOWN,2026-03-23 21:18:58,0
볼예,UNKNOWN,2026-03-23 21:18:58,0
탐뀨,UNKNOWN,2026-03-23 21:18:58,0
겨암,UNKNOWN,2026-03-23 21:18:58,0
정멸,UNKNOWN,2026-03-23 21:18:58,0
빠기셔,UNKNOWN,2026-03-23 21:18:58,0
뭘로할거야,UNKNOWN,2026-03-23 21:18:58,0
승서이,UNKNOWN,2026-03-23 21:18:58,0
현ol,UNKNOWN,2026-03-23 21:18:58,0
라라류,UNKNOWN,2026-03-23 21:18:58,0
으억,UNKNOWN,2026-03-23 21:18:58,0
핀오,UNKNOWN,2026-03-23 21:18:58,0
햇빛잡초,UNKNOWN,2026-03-23 21:18:58,0
종백치,UNKNOWN,2026-03-23 21:18:58,0
낭만외길아크,UNKNOWN,2026-03-23 21:18:58,0
한살나워,UNKNOWN,2026-03-23 21:18:58,0
샨놀,UNKNOWN,2026-03-23 21:18:58,0
Tunz,UNKNOWN,2026-03-23 21:18:58,0
혀깅,UNKNOWN,2026-03-23 21:18:58,0
아영쿠키,UNKNOWN,2026-03-23 21:18:58,0
초능력분류학,UNKNOWN,2026-03-23 21:18:58,0
스타일링,UNKNOWN,2026-03-23 21:18:58,0
황유,UNKNOWN,2026-03-23 21:18:58,0
더어렵,UNKNOWN,2026-03-23 21:18:58,0
아란진캐,UNKNOWN,2026-03-23 21:18:58,0
소리,UNKNOWN,2026-03-23 21:18:58,0
권용찬,UNKNOWN,2026-03-23 21:18:58,0
딜미터,UNKNOWN,2026-03-23 21:18:58,0
장슬찬,UNKNOWN,2026-03-23 21:18:58,0
다오,UNKNOWN,2026-03-23 21:18:58,0
땀뚜,UNKNOWN,2026-03-23 21:18:58,0
형섭경섭,UNKNOWN,2026-03-23 21:18:59,0
민법,UNKNOWN,2026-03-23 21:18:59,0
티낫,UNKNOWN,2026-03-23 21:18:59,0
형광,UNKNOWN,2026-03-23 21:18:59,0
Srirang,UNKNOWN,2026-03-23 21:18:59,0
성단,UNKNOWN,2026-03-23 21:18:59,0
투룸,UNKNOWN,2026-03-23 21:18:59,0
백흑,UNKNOWN,2026-03-23 21:18:59,0
무단,UNKNOWN,2026-03-23 21:18:59,0
멤버,UNKNOWN,2026-03-23 21:18:59,0
한소나료,UNKNOWN,2026-03-23 21:18:59,0
줄스택,UNKNOWN,2026-03-23 21:18:59,0
멍악,UNKNOWN,2026-03-23 21:18:59,0
닥솜,UNKNOWN,2026-03-23 21:18:59,0
혼설,UNKNOWN,2026-03-23 21:18:59,0
플렌테저넷,UNKNOWN,2026-03-23 21:18:59,0
공다,UNKNOWN,2026-03-23 21:18:59,0
칼날검,UNKNOWN,2026-03-23 21:18:59,0
England,UNKNOWN,2026-03-23 21:18:59,0
후닛,UNKNOWN,2026-03-23 21:18:59,0
뭐양,UNKNOWN,2026-03-23 21:18:59,0
귀마,UNKNOWN,2026-03-23 21:18:59,0
샤따님,UNKNOWN,2026-03-23 21:18:59,0
쵸깡,UNKNOWN,2026-03-23 21:18:59,0
or릇,UNKNOWN,2026-03-23 21:18:59,0
망듀,UNKNOWN,2026-03-23 21:18:59,0
왕밤라떼,UNKNOWN,2026-03-23 21:18:59,0
쁘니연,UNKNOWN,2026-03-23 21:18:59,0
끝을봐,UNKNOWN,2026-03-23 21:18:59,0
김창섭딱밤,UNKNOWN,2026-03-23 21:18:59,0
뚜비,UNKNOWN,2026-03-23 21:18:59,0
소디,UNKNOWN,2026-03-23 21:18:59,0
빈서호,UNKNOWN,2026-03-23 21:18:59,0
누가쪽소리를,UNKNOWN,2026-03-23 21:18:59,0
신의아이반디,UNKNOWN,2026-03-23 21:18:59,0
무적배트승교,UNKNOWN,2026-03-23 21:18:59,0
남다른째니,UNKNOWN,2026-03-23 21:18:59,0
이홍블,UNKNOWN,2026-03-23 21:18:59,0
워리윈브S,UNKNOWN,2026-03-23 21:18:59,0
먹는게좋아여,UNKNOWN,2026-03-23 21:18:59,0
카퀴벌레에용,UNKNOWN,2026-03-23 21:18:59,0
어트,UNKNOWN,2026-03-23 21:18:59,0
늘귤,UNKNOWN,2026-03-23 21:18:59,0
태카,UNKNOWN,2026-03-23 21:18:59,0
준제,UNKNOWN,2026-03-23 21:18:59,0
카논노,UNKNOWN,2026-03-23 21:18:59,0
Kaga,UNKNOWN,2026-03-23 21:18:59,0
봇마,UNKNOWN,2026-03-23 21:18:59,0
구트야,UNKNOWN,2026-03-23 21:18:59,0
깨지는달,UNKNOWN,2026-03-23 21:18:59,0
쩡쉭,UNKNOWN,2026-03-23 21:18:59,0
오늘내일기획,UNKNOWN,2026-03-23 21:18:59,0
맹깡,UNKNOWN,2026-03-23 21:18:59,0
윈러프,UNKNOWN,2026-03-23 21:18:59,0
렌하죠,UNKNOWN,2026-03-23 21:18:59,0
코히,UNKNOWN,2026-03-23 21:18:59,0
뎨닝,UNKNOWN,2026-03-23 21:18:59,0
백셍,UNKNOWN,2026-03-23 21:18:59,0
헷츠,UNKNOWN,2026-03-23 21:19:00,0
챰긔,UNKNOWN,2026-03-23 21:19:00,0
살뚜,UNKNOWN,2026-03-23 21:19:00,0
유훈주,UNKNOWN,2026-03-23 21:19:00,0
럽콜,UNKNOWN,2026-03-23 21:19:00,0
캐먹튀,UNKNOWN,2026-03-23 21:19:00,0
간땡,UNKNOWN,2026-03-23 21:19:00,0
포베일,UNKNOWN,2026-03-23 21:19:00,0
망암,UNKNOWN,2026-03-23 21:19:00,0
매령,UNKNOWN,2026-03-23 21:19:00,0
딸피,UNKNOWN,2026-03-23 21:19:00,0
아잇뚜렌,UNKNOWN,2026-03-23 21:19:00,0
부산나그네,UNKNOWN,2026-03-23 21:19:00,0
쿠레,UNKNOWN,2026-03-23 21:19:00,0
이강주,UNKNOWN,2026-03-23 21:19:00,0
워킹,UNKNOWN,2026-03-23 21:19:00,0
고물,UNKNOWN,2026-03-23 21:19:00,0
바드등바드등,UNKNOWN,2026-03-23 21:19:00,0
강물,UNKNOWN,2026-03-23 21:19:00,0
똥싼다,UNKNOWN,2026-03-23 21:19:00,0
잰아,UNKNOWN,2026-03-23 21:19:00,0
구급실,UNKNOWN,2026-03-23 21:19:00,0
강력함,UNKNOWN,2026-03-23 21:19:00,0
비숍꽁슈,UNKNOWN,2026-03-23 21:19:00,0
강머팡팡,UNKNOWN,2026-03-23 21:19:00,0
이브리얼,UNKNOWN,2026-03-23 21:19:00,0
상캐,UNKNOWN,2026-03-23 21:19:00,0
세상서럽,UNKNOWN,2026-03-23 21:19:00,0
찬구,UNKNOWN,2026-03-23 21:19:00,0
다치,UNKNOWN,2026-03-23 21:19:00,0
던위치,UNKNOWN,2026-03-23 21:19:00,0
상깃,UNKNOWN,2026-03-23 21:19:00,0
DJ와승딱,UNKNOWN,2026-03-23 21:19:00,0
두숨,UNKNOWN,2026-03-23 21:19:00,0
로츠,UNKNOWN,2026-03-23 21:19:00,0
데드라인,UNKNOWN,2026-03-23 21:19:00,0
리무진,UNKNOWN,2026-03-23 21:19:00,0
쌉지존,UNKNOWN,2026-03-23 21:19:00,0
쥐새,UNKNOWN,2026-03-23 21:19:00,0
하루끝,UNKNOWN,2026-03-23 21:19:00,0
여챤뿡,UNKNOWN,2026-03-23 21:19:00,0
비둘깅,UNKNOWN,2026-03-23 21:19:00,0
구름배경,UNKNOWN,2026-03-23 21:19:00,0
웅이도리,UNKNOWN,2026-03-23 21:19:00,0
사뿐곰,UNKNOWN,2026-03-23 21:19:00,0
아들,UNKNOWN,2026-03-23 21:19:00,0
종언의서표,UNKNOWN,2026-03-23 21:19:00,0
띵하원,UNKNOWN,2026-03-23 21:19:00,0
힐대신프레이,UNKNOWN,2026-03-23 21:19:00,0
졸부,UNKNOWN,2026-03-23 21:19:00,0
아카네아커만,UNKNOWN,2026-03-23 21:19:00,0
가딩,UNKNOWN,2026-03-23 21:19:00,0
하리조,UNKNOWN,2026-03-23 21:19:00,0
섭살,UNKNOWN,2026-03-23 21:19:00,0
쮸과,UNKNOWN,2026-03-23 21:19:00,0
베니붐,UNKNOWN,2026-03-23 21:19:00,0
루즈,UNKNOWN,2026-03-23 21:19:00,0
재킷,UNKNOWN,2026-03-23 21:19:00,0
떵찬,UNKNOWN,2026-03-23 21:19:00,0
쥬호,UNKNOWN,2026-03-23 21:19:00,0
볼륨더키워,UNKNOWN,2026-03-23 21:19:00,0
좋앙,UNKNOWN,2026-03-23 21:19:00,0
니똥굵다흐,UNKNOWN,2026-03-23 21:19:00,0
솜똥,UNKNOWN,2026-03-23 21:19:00,0
몬스패닉,UNKNOWN,2026-03-23 21:19:00,0
영원함,UNKNOWN,2026-03-23 21:19:01,0
엘린라베르데,UNKNOWN,2026-03-23 21:19:01,0
현지니,UNKNOWN,2026-03-23 21:19:01,0
임다유리,UNKNOWN,2026-03-23 21:19:01,0
카인온니,UNKNOWN,2026-03-23 21:19:01,0
윗마을,UNKNOWN,2026-03-23 21:19:01,0
독한꽃불,UNKNOWN,2026-03-23 21:19:01,0
깨비,UNKNOWN,2026-03-23 21:19:01,0
선띠,UNKNOWN,2026-03-23 21:19:01,0
보성천사,UNKNOWN,2026-03-23 21:19:01,0
뚜뚜뚜,UNKNOWN,2026-03-23 21:19:01,0
축소,UNKNOWN,2026-03-23 21:19:01,0
새맴,UNKNOWN,2026-03-23 21:19:01,0
청국장,UNKNOWN,2026-03-23 21:19:01,0
새훨,UNKNOWN,2026-03-23 21:19:01,0
디포,UNKNOWN,2026-03-23 21:19:01,0
따봉,UNKNOWN,2026-03-23 21:19:01,0
해적영건,UNKNOWN,2026-03-23 21:19:01,0
티시월,UNKNOWN,2026-03-23 21:19:01,0
패파돕이,UNKNOWN,2026-03-23 21:19:01,0
신채호,UNKNOWN,2026-03-23 21:19:01,0
루즈팜,UNKNOWN,2026-03-23 21:19:01,0
에버,UNKNOWN,2026-03-23 21:19:01,0
찧기,UNKNOWN,2026-03-23 21:19:01,0
욥정,UNKNOWN,2026-03-23 21:19:01,0
료리나,UNKNOWN,2026-03-23 21:19:01,0
빅diick,UNKNOWN,2026-03-23 21:19:01,0
픽파킷,UNKNOWN,2026-03-23 21:19:01,0
새벽빛물망초,UNKNOWN,2026-03-23 21:19:01,0
클라우딩,UNKNOWN,2026-03-23 21:19:01,0
땃누리,UNKNOWN,2026-03-23 21:19:01,0
작살,UNKNOWN,2026-03-23 21:19:01,0
수쟁,UNKNOWN,2026-03-23 21:19:01,0
까치총총,UNKNOWN,2026-03-23 21:19:01,0
환짱돌이,UNKNOWN,2026-03-23 21:19:01,0
상파훌러,UNKNOWN,2026-03-23 21:19:01,0
요섀,UNKNOWN,2026-03-23 21:19:01,0
설백찌,UNKNOWN,2026-03-23 21:19:01,0
치유의율자,UNKNOWN,2026-03-23 21:19:01,0
뒨썸,UNKNOWN,2026-03-23 21:19:01,0
성우라,UNKNOWN,2026-03-23 21:19:01,0
숨석,UNKNOWN,2026-03-23 21:19:01,0
서비스최고,UNKNOWN,2026-03-23 21:19:01,0
match,UNKNOWN,2026-03-23 21:19:01,0
그울,UNKNOWN,2026-03-23 21:19:01,0
느링,UNKNOWN,2026-03-23 21:19:01,0
브리바첸,UNKNOWN,2026-03-23 21:19:01,0
빱뿌,UNKNOWN,2026-03-23 21:19:01,0
싱궁생성,UNKNOWN,2026-03-23 21:19:01,0
뎄별,UNKNOWN,2026-03-23 21:19:01,0
데먼,UNKNOWN,2026-03-23 21:19:01,0
이세계용사꾹,UNKNOWN,2026-03-23 21:19:01,0
면목동,UNKNOWN,2026-03-23 21:19:01,0
방청,UNKNOWN,2026-03-23 21:19:02,0
룡췐,UNKNOWN,2026-03-23 21:19:02,0
부엉쓰앵,UNKNOWN,2026-03-23 21:19:02,0
씹궁,UNKNOWN,2026-03-23 21:19:02,0
낡은고서,UNKNOWN,2026-03-23 21:19:02,0
오헤기오,UNKNOWN,2026-03-23 21:19:02,0
신궁떡상,UNKNOWN,2026-03-23 21:19:02,0
한나은,UNKNOWN,2026-03-23 21:19:02,0
타이타니움,UNKNOWN,2026-03-23 21:19:02,0
크프,UNKNOWN,2026-03-23 21:19:02,0
쭌리코,UNKNOWN,2026-03-23 21:19:02,0
학동,UNKNOWN,2026-03-23 21:19:02,0
러키냥,UNKNOWN,2026-03-23 21:19:02,0
FX후디니,UNKNOWN,2026-03-23 21:19:02,0
그라인츠,UNKNOWN,2026-03-23 21:19:02,0
음본,UNKNOWN,2026-03-23 21:19:02,0
비숍의곤듀,UNKNOWN,2026-03-23 21:19:02,0
예형,UNKNOWN,2026-03-23 21:19:02,0
EFDUBAI,UNKNOWN,2026-03-23 21:19:02,0
따단,UNKNOWN,2026-03-23 21:19:02,0
부위,UNKNOWN,2026-03-23 21:19:02,0
이철수,UNKNOWN,2026-03-23 21:19:02,0
학팡,UNKNOWN,2026-03-23 21:19:02,0
야피,UNKNOWN,2026-03-23 21:19:02,0
감자똥치,UNKNOWN,2026-03-23 21:19:02,0
만아,UNKNOWN,2026-03-23 21:19:02,0
거대한호영,UNKNOWN,2026-03-23 21:19:02,0
킹루시니,UNKNOWN,2026-03-23 21:19:02,0
힐리,UNKNOWN,2026-03-23 21:19:02,0
곰SEULGII,UNKNOWN,2026-03-23 21:19:02,0
카링배방구,UNKNOWN,2026-03-23 21:19:02,0
Memosha,UNKNOWN,2026-03-23 21:19:02,0
혼진,UNKNOWN,2026-03-23 21:19:02,0
껑칭,UNKNOWN,2026-03-23 21:19:02,0
성규도게이,UNKNOWN,2026-03-23 21:19:02,0
제링잉,UNKNOWN,2026-03-23 21:19:02,0
킨스,UNKNOWN,2026-03-23 21:19:02,0
악질펭귄비숍,UNKNOWN,2026-03-23 21:19:02,0
울앰우,UNKNOWN,2026-03-23 21:19:02,0
현암,UNKNOWN,2026-03-23 21:19:02,0
왕서방,UNKNOWN,2026-03-23 21:19:02,0
블로그,UNKNOWN,2026-03-23 21:19:02,0
아롼,UNKNOWN,2026-03-23 21:19:02,0
객이,UNKNOWN,2026-03-23 21:19:02,0
루써,UNKNOWN,2026-03-23 21:19:02,0
Marksbowman,UNKNOWN,2026-03-23 21:19:02,0
은경,UNKNOWN,2026-03-23 21:19:02,0
노랑색망치,UNKNOWN,2026-03-23 21:19:02,0
남자주인공,UNKNOWN,2026-03-23 21:19:02,0
끌끄으,UNKNOWN,2026-03-23 21:19:02,0
봉봉zz,UNKNOWN,2026-03-23 21:19:02,0
미쳤,UNKNOWN,2026-03-23 21:19:02,0
한닝,UNKNOWN,2026-03-23 21:19:02,0
칼냘부리,UNKNOWN,2026-03-23 21:19:02,0
친수,UNKNOWN,2026-03-23 21:19:02,0
바큐배메,UNKNOWN,2026-03-23 21:19:02,0
암비설,UNKNOWN,2026-03-23 21:19:02,0
시커뇽,UNKNOWN,2026-03-23 21:19:02,0
꾸유,UNKNOWN,2026-03-23 21:19:02,0
화염재,UNKNOWN,2026-03-23 21:19:02,0
CitronVert,UNKNOWN,2026-03-23 21:19:02,0
없죵,UNKNOWN,2026-03-23 21:19:03,0
lP1l,UNKNOWN,2026-03-23 21:19:03,0
링크캐릭TA23,UNKNOWN,2026-03-23 21:19:03,0
정령의팬던트,UNKNOWN,2026-03-23 21:19:03,0
Hintowl,UNKNOWN,2026-03-23 21:19:03,0
써봄,UNKNOWN,2026-03-23 21:19:03,0
난입꾼,UNKNOWN,2026-03-23 21:19:03,0
루조일,UNKNOWN,2026-03-23 21:19:03,0
시칸,UNKNOWN,2026-03-23 21:19:03,0
나락,UNKNOWN,2026-03-23 21:19:03,0
겹다,UNKNOWN,2026-03-23 21:19:03,0
닦스,UNKNOWN,2026-03-23 21:19:03,0
RUBAU,UNKNOWN,2026-03-23 21:19:03,0
유언,UNKNOWN,2026-03-23 21:19:03,0
대마초,UNKNOWN,2026-03-23 21:19:03,0
볼짝,UNKNOWN,2026-03-23 21:19:03,0
전현콩,UNKNOWN,2026-03-23 21:19:03,0
WHO츄,UNKNOWN,2026-03-23 21:19:03,0
삼렙갑빠,UNKNOWN,2026-03-23 21:19:03,0
기본기충실,UNKNOWN,2026-03-23 21:19:03,0
START,UNKNOWN,2026-03-23 21:19:03,0
호수의친구,UNKNOWN,2026-03-23 21:19:03,0
갓산적,UNKNOWN,2026-03-23 21:19:03,0
q준영p,UNKNOWN,2026-03-23 21:19:03,0
태끼,UNKNOWN,2026-03-23 21:19:03,0
검은상호,UNKNOWN,2026-03-23 21:19:03,0
불독장군,UNKNOWN,2026-03-23 21:19:03,0
밥먹어친구야,UNKNOWN,2026-03-23 21:19:03,0
악센,UNKNOWN,2026-03-23 21:19:03,0
다킁이,UNKNOWN,2026-03-23 21:19:03,0
데우,UNKNOWN,2026-03-23 21:19:03,0
ZRAA,UNKNOWN,2026-03-23 21:19:03,0
쿨루,UNKNOWN,2026-03-23 21:19:03,0
떡무빙,UNKNOWN,2026-03-23 21:19:03,0
박다영,UNKNOWN,2026-03-23 21:19:03,0
TAXI,UNKNOWN,2026-03-23 21:19:03,0
손길로이드,UNKNOWN,2026-03-23 21:19:03,0
숙성,UNKNOWN,2026-03-23 21:19:03,0
쳐냉,UNKNOWN,2026-03-23 21:19:03,0
서서곡,UNKNOWN,2026-03-23 21:19:03,0
kisjamiey0on,UNKNOWN,2026-03-23 21:19:03,0
백듬기,UNKNOWN,2026-03-23 21:19:03,0
뚜벅찬,UNKNOWN,2026-03-23 21:19:03,0
수공,UNKNOWN,2026-03-23 21:19:03,0
기봄,UNKNOWN,2026-03-23 21:19:03,0
올트굶,UNKNOWN,2026-03-23 21:19:03,0
토꾜,UNKNOWN,2026-03-23 21:19:03,0
홍지예,UNKNOWN,2026-03-23 21:19:03,0
츠새,UNKNOWN,2026-03-23 21:19:03,0
건황,UNKNOWN,2026-03-23 21:19:03,0
레인드네이플,UNKNOWN,2026-03-23 21:19:03,0
크확주세요9,UNKNOWN,2026-03-23 21:19:03,0
표독좌,UNKNOWN,2026-03-23 21:19:03,0
개뭉,UNKNOWN,2026-03-23 21:19:04,0
직궁,UNKNOWN,2026-03-23 21:19:04,0
핀시,UNKNOWN,2026-03-23 21:19:04,0
먹히다,UNKNOWN,2026-03-23 21:19:04,0
매력지방,UNKNOWN,2026-03-23 21:19:04,0
미르는용기사,UNKNOWN,2026-03-23 21:19:04,0
감량,UNKNOWN,2026-03-23 21:19:04,0
Mercury,UNKNOWN,2026-03-23 21:19:04,0
6사단장,UNKNOWN,2026-03-23 21:19:04,0
크미로,UNKNOWN,2026-03-23 21:19:04,0
달팽이를굽자,UNKNOWN,2026-03-23 21:19:04,0
현필,UNKNOWN,2026-03-23 21:19:04,0
때찌,UNKNOWN,2026-03-23 21:19:04,0
맛볼,UNKNOWN,2026-03-23 21:19:04,0
삼춘철,UNKNOWN,2026-03-23 21:19:04,0
김수민,UNKNOWN,2026-03-23 21:19:04,0
늦은아잉,UNKNOWN,2026-03-23 21:19:04,0
임구루,UNKNOWN,2026-03-23 21:19:04,0
이겨와이,UNKNOWN,2026-03-23 21:19:04,0
김동환,UNKNOWN,2026-03-23 21:19:04,0
세르라,UNKNOWN,2026-03-23 21:19:04,0
TheEnd,UNKNOWN,2026-03-23 21:19:04,0
쪼리,UNKNOWN,2026-03-23 21:19:04,0
젤다,UNKNOWN,2026-03-23 21:19:04,0
님호,UNKNOWN,2026-03-23 21:19:04,0
유복술,UNKNOWN,2026-03-23 21:19:04,0
아네끼,UNKNOWN,2026-03-23 21:19:04,0
뇌유,UNKNOWN,2026-03-23 21:19:04,0
꾹또,UNKNOWN,2026-03-23 21:19:04,0
후동,UNKNOWN,2026-03-23 21:19:04,0
개신동김대표,UNKNOWN,2026-03-23 21:19:04,0
레피리스,UNKNOWN,2026-03-23 21:19:04,0
빈듣,UNKNOWN,2026-03-23 21:19:04,0
오좀,UNKNOWN,2026-03-23 21:19:04,0
콤보,UNKNOWN,2026-03-23 21:19:04,0
코코네겨울,UNKNOWN,2026-03-23 21:19:04,0
성규,UNKNOWN,2026-03-23 21:19:04,0
그래피티융합,UNKNOWN,2026-03-23 21:19:04,0
토루밍,UNKNOWN,2026-03-23 21:19:04,0
크리세,UNKNOWN,2026-03-23 21:19:04,0
단세포,UNKNOWN,2026-03-23 21:19:04,0
로보러버,UNKNOWN,2026-03-23 21:19:04,0
서테나,UNKNOWN,2026-03-23 21:19:04,0
휘휵,UNKNOWN,2026-03-23 21:19:04,0
티백,UNKNOWN,2026-03-23 21:19:04,0
썽재,UNKNOWN,2026-03-23 21:19:04,0
교하랑,UNKNOWN,2026-03-23 21:19:04,0
누누와턱럼프,UNKNOWN,2026-03-23 21:19:04,0
큰귀유랑자,UNKNOWN,2026-03-23 21:19:04,0
강초연,UNKNOWN,2026-03-23 21:19:04,0
Norway,UNKNOWN,2026-03-23 21:19:04,0
왕초보,UNKNOWN,2026-03-23 21:19:04,0
꼼망,UNKNOWN,2026-03-23 21:19:04,0
쿠님,UNKNOWN,2026-03-23 21:19:04,0
데붕,UNKNOWN,2026-03-23 21:19:04,0
마선생,UNKNOWN,2026-03-23 21:19:05,0
빵훔치는예수,UNKNOWN,2026-03-23 21:19:05,0
내니,UNKNOWN,2026-03-23 21:19:05,0
도콜,UNKNOWN,2026-03-23 21:19:05,0
토즈,UNKNOWN,2026-03-23 21:19:05,0
이쿠라,UNKNOWN,2026-03-23 21:19:05,0
아르밥,UNKNOWN,2026-03-23 21:19:05,0
호매,UNKNOWN,2026-03-23 21:19:05,0
아몬드,UNKNOWN,2026-03-23 21:19:05,0
빛줄,UNKNOWN,2026-03-23 21:19:05,0
응가쟁이민수,UNKNOWN,2026-03-23 21:19:05,0
국장,UNKNOWN,2026-03-23 21:19:05,0
덱스톰,UNKNOWN,2026-03-23 21:19:05,0
미운우리마왕,UNKNOWN,2026-03-23 21:19:05,0
파티설정,UNKNOWN,2026-03-23 21:19:05,0
와석,UNKNOWN,2026-03-23 21:19:05,0
이찬희컨셉,UNKNOWN,2026-03-23 21:19:05,0
X기윤,UNKNOWN,2026-03-23 21:19:05,0
쀼샘,UNKNOWN,2026-03-23 21:19:05,0
즈녕,UNKNOWN,2026-03-23 21:19:05,0
쭈닌,UNKNOWN,2026-03-23 21:19:05,0
행복한민석이,UNKNOWN,2026-03-23 21:19:05,0
시일,UNKNOWN,2026-03-23 21:19:05,0
큰방,UNKNOWN,2026-03-23 21:19:05,0
백가은,UNKNOWN,2026-03-23 21:19:05,0
영민형,UNKNOWN,2026-03-23 21:19:05,0
노픽,UNKNOWN,2026-03-23 21:19:05,0
수고해롸,UNKNOWN,2026-03-23 21:19:05,0
익물,UNKNOWN,2026-03-23 21:19:05,0
정에화,UNKNOWN,2026-03-23 21:19:05,0
버클,UNKNOWN,2026-03-23 21:19:05,0
플텀,UNKNOWN,2026-03-23 21:19:05,0
아델시즌01,UNKNOWN,2026-03-23 21:19:05,0
오오시오,UNKNOWN,2026-03-23 21:19:05,0
뇌도,UNKNOWN,2026-03-23 21:19:05,0
춤을추는칼날,UNKNOWN,2026-03-23 21:19:05,0
콩쥐팥쥐밭쥐,UNKNOWN,2026-03-23 21:19:05,0
깨굴,UNKNOWN,2026-03-23 21:19:05,0
옛날섀도,UNKNOWN,2026-03-23 21:19:05,0
정서안,UNKNOWN,2026-03-23 21:19:05,0
가성비,UNKNOWN,2026-03-23 21:19:05,0
선심,UNKNOWN,2026-03-23 21:19:05,0
멍멍님,UNKNOWN,2026-03-23 21:19:05,0
킴띱,UNKNOWN,2026-03-23 21:19:05,0
수정산밤톨이,UNKNOWN,2026-03-23 21:19:05,0
존성,UNKNOWN,2026-03-23 21:19:05,0
기억,UNKNOWN,2026-03-23 21:19:05,0
앙잉,UNKNOWN,2026-03-23 21:19:05,0
검꼬임,UNKNOWN,2026-03-23 21:19:05,0
앙헬,UNKNOWN,2026-03-23 21:19:05,0
AstlarBlitz,UNKNOWN,2026-03-23 21:19:05,0
곰뎅,UNKNOWN,2026-03-23 21:19:05,0
뚱땡이남현우,UNKNOWN,2026-03-23 21:19:05,0
솜인형,UNKNOWN,2026-03-23 21:19:05,0
진띠,UNKNOWN,2026-03-23 21:19:05,0
인타임,UNKNOWN,2026-03-23 21:19:05,0
더는,UNKNOWN,2026-03-23 21:19:05,0
폰투,UNKNOWN,2026-03-23 21:19:05,0
윤선,UNKNOWN,2026-03-23 21:19:05,0
지켈,UNKNOWN,2026-03-23 21:19:05,0
뚱돼지,UNKNOWN,2026-03-23 21:19:05,0
과일화채설빙,UNKNOWN,2026-03-23 21:19:05,0
부채시작함,UNKNOWN,2026-03-23 21:19:05,0
밍밍밍임임임,UNKNOWN,2026-03-23 21:19:05,0
손날사시미,UNKNOWN,2026-03-23 21:19:05,0
닥구,UNKNOWN,2026-03-23 21:19:05,0
히도,UNKNOWN,2026-03-23 21:19:05,0
토마,UNKNOWN,2026-03-23 21:19:05,0
후잉이에요,UNKNOWN,2026-03-23 21:19:05,0
쓰샤,UNKNOWN,2026-03-23 21:19:05,0
핑크빈표창,UNKNOWN,2026-03-23 21:19:05,0
도은격,UNKNOWN,2026-03-23 21:19:06,0
형뀨우,UNKNOWN,2026-03-23 21:19:06,0
으앙귓,UNKNOWN,2026-03-23 21:19:06,0
미니언데이브,UNKNOWN,2026-03-23 21:19:06,0
알리당,UNKNOWN,2026-03-23 21:19:06,0
cook불독,UNKNOWN,2026-03-23 21:19:06,0
아이스커피캬,UNKNOWN,2026-03-23 21:19:06,0
킹쇼,UNKNOWN,2026-03-23 21:19:06,0
쪼려,UNKNOWN,2026-03-23 21:19:06,0
캐띠우드,UNKNOWN,2026-03-23 21:19:06,0
혈허,UNKNOWN,2026-03-23 21:19:06,0
몽지,UNKNOWN,2026-03-23 21:19:06,0
악강,UNKNOWN,2026-03-23 21:19:06,0
까붐,UNKNOWN,2026-03-23 21:19:06,0
에넬갓,UNKNOWN,2026-03-23 21:19:06,0
바커,UNKNOWN,2026-03-23 21:19:06,0
숨히닝,UNKNOWN,2026-03-23 21:19:06,0
사곡,UNKNOWN,2026-03-23 21:19:06,0
소양,UNKNOWN,2026-03-23 21:19:06,0
의료,UNKNOWN,2026-03-23 21:19:06,0
치유바람,UNKNOWN,2026-03-23 21:19:06,0
군찬,UNKNOWN,2026-03-23 21:19:06,0
뱍단,UNKNOWN,2026-03-23 21:19:06,0
반짝이자켓,UNKNOWN,2026-03-23 21:19:06,0
한진,UNKNOWN,2026-03-23 21:19:06,0
붕격,UNKNOWN,2026-03-23 21:19:06,0
뚱솨,UNKNOWN,2026-03-23 21:19:06,0
매슈르,UNKNOWN,2026-03-23 21:19:06,0
샷팝,UNKNOWN,2026-03-23 21:19:06,0
저녁두루미,UNKNOWN,2026-03-23 21:19:06,0
개점,UNKNOWN,2026-03-23 21:19:06,0
세희,UNKNOWN,2026-03-23 21:19:06,0
만춘드레곤,UNKNOWN,2026-03-23 21:19:06,0
뜰명,UNKNOWN,2026-03-23 21:19:06,0
거푸,UNKNOWN,2026-03-23 21:19:06,0
매키,UNKNOWN,2026-03-23 21:19:06,0
도도리렌,UNKNOWN,2026-03-23 21:19:06,0
과념,UNKNOWN,2026-03-23 21:19:06,0
불타지,UNKNOWN,2026-03-23 21:19:06,0
캥구미,UNKNOWN,2026-03-23 21:19:06,0
쿠키쿠런키,UNKNOWN,2026-03-23 21:19:06,0
사마천조,UNKNOWN,2026-03-23 21:19:06,0
에푸제,UNKNOWN,2026-03-23 21:19:06,0
메르왕김메세,UNKNOWN,2026-03-23 21:19:06,0
웰치스,UNKNOWN,2026-03-23 21:19:06,0
사신요정,UNKNOWN,2026-03-23 21:19:06,0
미라클숍,UNKNOWN,2026-03-23 21:19:06,0
도림뚜,UNKNOWN,2026-03-23 21:19:06,0
혼의너울,UNKNOWN,2026-03-23 21:19:06,0
뵤수,UNKNOWN,2026-03-23 21:19:06,0
뀨갓,UNKNOWN,2026-03-23 21:19:06,0
달맨,UNKNOWN,2026-03-23 21:19:06,0
v고드름,UNKNOWN,2026-03-23 21:19:06,0
재사대,UNKNOWN,2026-03-23 21:19:06,0
애리스,UNKNOWN,2026-03-23 21:19:06,0
루디이,UNKNOWN,2026-03-23 21:19:06,0
Hrum,UNKNOWN,2026-03-23 21:19:06,0
신한주,UNKNOWN,2026-03-23 21:19:06,0
뚝황,UNKNOWN,2026-03-23 21:19:07,0
데1스,UNKNOWN,2026-03-23 21:19:07,0
침수,UNKNOWN,2026-03-23 21:19:07,0
팸쓰,UNKNOWN,2026-03-23 21:19:07,0
무미제,UNKNOWN,2026-03-23 21:19:07,0
매화잔해,UNKNOWN,2026-03-23 21:19:07,0
르티,UNKNOWN,2026-03-23 21:19:07,0
포델이,UNKNOWN,2026-03-23 21:19:07,0
핏둥,UNKNOWN,2026-03-23 21:19:07,0
얼띄,UNKNOWN,2026-03-23 21:19:07,0
연해,UNKNOWN,2026-03-23 21:19:07,0
섬사,UNKNOWN,2026-03-23 21:19:07,0
마컸,UNKNOWN,2026-03-23 21:19:07,0
은수수팥떡,UNKNOWN,2026-03-23 21:19:07,0
랑월령,UNKNOWN,2026-03-23 21:19:07,0
우소정,UNKNOWN,2026-03-23 21:19:07,0
유의정,UNKNOWN,2026-03-23 21:19:07,0
요기,UNKNOWN,2026-03-23 21:19:07,0
똘또네패스,UNKNOWN,2026-03-23 21:19:07,0
오팡식,UNKNOWN,2026-03-23 21:19:07,0
in지니,UNKNOWN,2026-03-23 21:19:07,0
초응,UNKNOWN,2026-03-23 21:19:07,0
메밴,UNKNOWN,2026-03-23 21:19:07,0
키러,UNKNOWN,2026-03-23 21:19:07,0
순하리,UNKNOWN,2026-03-23 21:19:07,0
원유설,UNKNOWN,2026-03-23 21:19:07,0
지기갓,UNKNOWN,2026-03-23 21:19:07,0
YounWind,UNKNOWN,2026-03-23 21:19:07,0
서산강한남자,UNKNOWN,2026-03-23 21:19:07,0
버밍,UNKNOWN,2026-03-23 21:19:07,0
헤도전문업체,UNKNOWN,2026-03-23 21:19:07,0
감잼,UNKNOWN,2026-03-23 21:19:07,0
저로,UNKNOWN,2026-03-23 21:19:07,0
꼬마불꽃,UNKNOWN,2026-03-23 21:19:07,0
발꽁,UNKNOWN,2026-03-23 21:19:07,0
드림랭커,UNKNOWN,2026-03-23 21:19:07,0
대충사는i,UNKNOWN,2026-03-23 21:19:07,0
민준기,UNKNOWN,2026-03-23 21:19:07,0
은채영,UNKNOWN,2026-03-23 21:19:07,0
싸브,UNKNOWN,2026-03-23 21:19:07,0
호비쥬,UNKNOWN,2026-03-23 21:19:07,0
셰진,UNKNOWN,2026-03-23 21:19:07,0
윤하,UNKNOWN,2026-03-23 21:19:07,0
농군이,UNKNOWN,2026-03-23 21:19:07,0
뿌슬,UNKNOWN,2026-03-23 21:19:07,0
소보루빵,UNKNOWN,2026-03-23 21:19:07,0
묘송,UNKNOWN,2026-03-23 21:19:07,0
STANCE,UNKNOWN,2026-03-23 21:19:07,0
묘맘,UNKNOWN,2026-03-23 21:19:07,0
콩빵,UNKNOWN,2026-03-23 21:19:07,0
숙연,UNKNOWN,2026-03-23 21:19:07,0
로테링,UNKNOWN,2026-03-23 21:19:07,0
김병은,UNKNOWN,2026-03-23 21:19:07,0
뮤리쥬,UNKNOWN,2026-03-23 21:19:07,0
마젠타,UNKNOWN,2026-03-23 21:19:07,0
촐랑데써,UNKNOWN,2026-03-23 21:19:07,0
바칼,UNKNOWN,2026-03-23 21:19:08,0
팅억,UNKNOWN,2026-03-23 21:19:08,0
순수해,UNKNOWN,2026-03-23 21:19:08,0
경로,UNKNOWN,2026-03-23 21:19:08,0
로얄얄,UNKNOWN,2026-03-23 21:19:08,0
드메,UNKNOWN,2026-03-23 21:19:08,0
히대,UNKNOWN,2026-03-23 21:19:08,0
엉뽕,UNKNOWN,2026-03-23 21:19:08,0
암덩,UNKNOWN,2026-03-23 21:19:08,0
아타르,UNKNOWN,2026-03-23 21:19:08,0
서매,UNKNOWN,2026-03-23 21:19:08,0
8억쓴,UNKNOWN,2026-03-23 21:19:08,0
동양미,UNKNOWN,2026-03-23 21:19:08,0
속류,UNKNOWN,2026-03-23 21:19:08,0
호감고닉,UNKNOWN,2026-03-23 21:19:08,0
쥰민,UNKNOWN,2026-03-23 21:19:08,0
개GR,UNKNOWN,2026-03-23 21:19:08,0
쿤터커,UNKNOWN,2026-03-23 21:19:08,0
윤지지,UNKNOWN,2026-03-23 21:19:08,0
욱녀,UNKNOWN,2026-03-23 21:19:08,0
씩쪼,UNKNOWN,2026-03-23 21:19:08,0
로브효현,UNKNOWN,2026-03-23 21:19:08,0
슬픈곰,UNKNOWN,2026-03-23 21:19:08,0
좁빡,UNKNOWN,2026-03-23 21:19:08,0
김택큔,UNKNOWN,2026-03-23 21:19:08,0
thgw,UNKNOWN,2026-03-23 21:19:08,0
저여,UNKNOWN,2026-03-23 21:19:08,0
촐맹이,UNKNOWN,2026-03-23 21:19:08,0
걍둬,UNKNOWN,2026-03-23 21:19:08,0
숭고,UNKNOWN,2026-03-23 21:19:08,0
다이v,UNKNOWN,2026-03-23 21:19:08,0
룰델,UNKNOWN,2026-03-23 21:19:08,0
르무,UNKNOWN,2026-03-23 21:19:08,0
범준돼지바,UNKNOWN,2026-03-23 21:19:08,0
일보,UNKNOWN,2026-03-23 21:19:08,0
박히,UNKNOWN,2026-03-23 21:19:08,0
특공대,UNKNOWN,2026-03-23 21:19:08,0
생존,UNKNOWN,2026-03-23 21:19:08,0
스플러마르,UNKNOWN,2026-03-23 21:19:08,0
바랴,UNKNOWN,2026-03-23 21:19:08,0
뿌끙냥,UNKNOWN,2026-03-23 21:19:08,0
핑크와드,UNKNOWN,2026-03-23 21:19:08,0
오븐감자전,UNKNOWN,2026-03-23 21:19:08,0
소듄,UNKNOWN,2026-03-23 21:19:08,0
키나,UNKNOWN,2026-03-23 21:19:08,0
원카,UNKNOWN,2026-03-23 21:19:08,0
니야쨩,UNKNOWN,2026-03-23 21:19:08,0
쿠마츠즈라,UNKNOWN,2026-03-23 21:19:08,0
파평산독사,UNKNOWN,2026-03-23 21:19:08,0
행턴,UNKNOWN,2026-03-23 21:19:08,0
호누,UNKNOWN,2026-03-23 21:19:08,0
JcktheRipper,UNKNOWN,2026-03-23 21:19:08,0
가나디리마비,UNKNOWN,2026-03-23 21:19:08,0
야옹이마루쉐,UNKNOWN,2026-03-23 21:19:08,0
리꺄,UNKNOWN,2026-03-23 21:19:08,0
흙버지,UNKNOWN,2026-03-23 21:19:08,0
바보우딩,UNKNOWN,2026-03-23 21:19:08,0
머들,UNKNOWN,2026-03-23 21:19:08,0
란밍,UNKNOWN,2026-03-23 21:19:08,0
겨씨,UNKNOWN,2026-03-23 21:19:08,0
먀두,UNKNOWN,2026-03-23 21:19:09,0
볼뼈,UNKNOWN,2026-03-23 21:19:09,0
아2유,UNKNOWN,2026-03-23 21:19:09,0
머봐,UNKNOWN,2026-03-23 21:19:09,0
뚜식,UNKNOWN,2026-03-23 21:19:09,0
Pawn,UNKNOWN,2026-03-23 21:19:09,0
쭈술사,UNKNOWN,2026-03-23 21:19:09,0
레슨좌,UNKNOWN,2026-03-23 21:19:09,0
딸궁,UNKNOWN,2026-03-23 21:19:09,0
초승빛,UNKNOWN,2026-03-23 21:19:09,0
띳쿵,UNKNOWN,2026-03-23 21:19:09,0
영사,UNKNOWN,2026-03-23 21:19:09,0
와헌힝,UNKNOWN,2026-03-23 21:19:09,0
민엔,UNKNOWN,2026-03-23 21:19:09,0
박짱고,UNKNOWN,2026-03-23 21:19:09,0
스타엔젤,UNKNOWN,2026-03-23 21:19:09,0
타됴,UNKNOWN,2026-03-23 21:19:09,0
바인드준비중,UNKNOWN,2026-03-23 21:19:09,0
Fair,UNKNOWN,2026-03-23 21:19:09,0
샤페나,UNKNOWN,2026-03-23 21:19:09,0
넹콩,UNKNOWN,2026-03-23 21:19:09,0
댜쇼,UNKNOWN,2026-03-23 21:19:09,0
쪽빛문,UNKNOWN,2026-03-23 21:19:09,0
맵뽀,UNKNOWN,2026-03-23 21:19:09,0
리브,UNKNOWN,2026-03-23 21:19:09,0
리리연희,UNKNOWN,2026-03-23 21:19:09,0
메릇,UNKNOWN,2026-03-23 21:19:09,0
칠도,UNKNOWN,2026-03-23 21:19:09,0
하눙,UNKNOWN,2026-03-23 21:19:09,0
니꼬라지봐라,UNKNOWN,2026-03-23 21:19:09,0
백골,UNKNOWN,2026-03-23 21:19:09,0
너란놈은똥네,UNKNOWN,2026-03-23 21:19:09,0
슈테른,UNKNOWN,2026-03-23 21:19:09,0
듀블육성A1,UNKNOWN,2026-03-23 21:19:09,0
냐엔,UNKNOWN,2026-03-23 21:19:09,0
야마구치,UNKNOWN,2026-03-23 21:19:09,0
민이,UNKNOWN,2026-03-23 21:19:09,0
온달,UNKNOWN,2026-03-23 21:19:09,0
회츠,UNKNOWN,2026-03-23 21:19:09,0
벤엽,UNKNOWN,2026-03-23 21:19:09,0
띤잘,UNKNOWN,2026-03-23 21:19:09,0
세라핌,UNKNOWN,2026-03-23 21:19:09,0
꼴찌,UNKNOWN,2026-03-23 21:19:09,0
덴야,UNKNOWN,2026-03-23 21:19:09,0
언아,UNKNOWN,2026-03-23 21:19:09,0
n유리box,UNKNOWN,2026-03-23 21:19:09,0
연차,UNKNOWN,2026-03-23 21:19:09,0
Tear,UNKNOWN,2026-03-23 21:19:09,0
대게너굴2,UNKNOWN,2026-03-23 21:19:09,0
캐슈님,UNKNOWN,2026-03-23 21:19:09,0
천사비숍임,UNKNOWN,2026-03-23 21:19:09,0
리신최고장수,UNKNOWN,2026-03-23 21:19:09,0
LD권라떼,UNKNOWN,2026-03-23 21:19:09,0
크공,UNKNOWN,2026-03-23 21:19:09,0
잣망겜20,UNKNOWN,2026-03-23 21:19:09,0
코코나,UNKNOWN,2026-03-23 21:19:09,0
치힝잉,UNKNOWN,2026-03-23 21:19:09,0
델냥,UNKNOWN,2026-03-23 21:19:09,0
선박소마,UNKNOWN,2026-03-23 21:19:09,0
부배,UNKNOWN,2026-03-23 21:19:09,0
아델궈궈,UNKNOWN,2026-03-23 21:19:10,0
로굼이,UNKNOWN,2026-03-23 21:19:10,0
비율,UNKNOWN,2026-03-23 21:19:10,0
을찌,UNKNOWN,2026-03-23 21:19:10,0
연주황,UNKNOWN,2026-03-23 21:19:10,0
젠희,UNKNOWN,2026-03-23 21:19:10,0
병댕이2,UNKNOWN,2026-03-23 21:19:10,0
야극,UNKNOWN,2026-03-23 21:19:10,0
바람나가용,UNKNOWN,2026-03-23 21:19:10,0
비겅개,UNKNOWN,2026-03-23 21:19:10,0
별담비,UNKNOWN,2026-03-23 21:19:10,0
이채훙,UNKNOWN,2026-03-23 21:19:10,0
이용대,UNKNOWN,2026-03-23 21:19:10,0
빵긔,UNKNOWN,2026-03-23 21:19:10,0
채얌,UNKNOWN,2026-03-23 21:19:10,0
창운,UNKNOWN,2026-03-23 21:19:10,0
세에라핌,UNKNOWN,2026-03-23 21:19:10,0
시일일,UNKNOWN,2026-03-23 21:19:10,0
수박향멘토스,UNKNOWN,2026-03-23 21:19:10,0
딩굴댕굴,UNKNOWN,2026-03-23 21:19:10,0
토튼험,UNKNOWN,2026-03-23 21:19:10,0
구름구름,UNKNOWN,2026-03-23 21:19:10,0
초딩듀블,UNKNOWN,2026-03-23 21:19:10,0
윈브임,UNKNOWN,2026-03-23 21:19:10,0
나로래닛,UNKNOWN,2026-03-23 21:19:10,0
칫븟,UNKNOWN,2026-03-23 21:19:10,0
헤에딘,UNKNOWN,2026-03-23 21:19:10,0
엄살,UNKNOWN,2026-03-23 21:19:10,0
막내규,UNKNOWN,2026-03-23 21:19:10,0
뉴블,UNKNOWN,2026-03-23 21:19:10,0
리채은,UNKNOWN,2026-03-23 21:19:10,0
해류a,UNKNOWN,2026-03-23 21:19:10,0
찰리위스키,UNKNOWN,2026-03-23 21:19:10,0
망치쁘,UNKNOWN,2026-03-23 21:19:10,0
익사이팅,UNKNOWN,2026-03-23 21:19:10,0
Ability,UNKNOWN,2026-03-23 21:19:10,0
쩡민근,UNKNOWN,2026-03-23 21:19:10,0
한입거리,UNKNOWN,2026-03-23 21:19:10,0
빛둠,UNKNOWN,2026-03-23 21:19:10,0
타이,UNKNOWN,2026-03-23 21:19:10,0
플레잉,UNKNOWN,2026-03-23 21:19:10,0
해방버스,UNKNOWN,2026-03-23 21:19:10,0
슈펄나로,UNKNOWN,2026-03-23 21:19:10,0
현마루,UNKNOWN,2026-03-23 21:19:10,0
Gabri,UNKNOWN,2026-03-23 21:19:10,0
듀빙,UNKNOWN,2026-03-23 21:19:10,0
호뿡어,UNKNOWN,2026-03-23 21:19:10,0
피스트,UNKNOWN,2026-03-23 21:19:10,0
초보크크123,UNKNOWN,2026-03-23 21:19:10,0
헬위브,UNKNOWN,2026-03-23 21:19:10,0
댕댕멍찌,UNKNOWN,2026-03-23 21:19:10,0
구월,UNKNOWN,2026-03-23 21:19:10,0
그뿔,UNKNOWN,2026-03-23 21:19:10,0
업투,UNKNOWN,2026-03-23 21:19:10,0
욱자벨71세,UNKNOWN,2026-03-23 21:19:10,0
찰머,UNKNOWN,2026-03-23 21:19:10,0
슬인,UNKNOWN,2026-03-23 21:19:10,0
파워승덕듀블,UNKNOWN,2026-03-23 21:19:11,0
시그너스기사,UNKNOWN,2026-03-23 21:19:11,0
롱소드,UNKNOWN,2026-03-23 21:19:11,0
쌍큼한맛양파,UNKNOWN,2026-03-23 21:19:11,0
하드캐리,UNKNOWN,2026-03-23 21:19:11,0
손수,UNKNOWN,2026-03-23 21:19:11,0
혼향,UNKNOWN,2026-03-23 21:19:11,0
떡별,UNKNOWN,2026-03-23 21:19:11,0
덩채,UNKNOWN,2026-03-23 21:19:11,0
나뇨,UNKNOWN,2026-03-23 21:19:11,0
쿠까,UNKNOWN,2026-03-23 21:19:11,0
벤츠화랑,UNKNOWN,2026-03-23 21:19:11,0
향주,UNKNOWN,2026-03-23 21:19:11,0
명서,UNKNOWN,2026-03-23 21:19:11,0
맹구대표,UNKNOWN,2026-03-23 21:19:11,0
적실,UNKNOWN,2026-03-23 21:19:11,0
떠빠,UNKNOWN,2026-03-23 21:19:11,0
뭇별,UNKNOWN,2026-03-23 21:19:11,0
배출일자,UNKNOWN,2026-03-23 21:19:11,0
열화난무a,UNKNOWN,2026-03-23 21:19:11,0
뿌뿌엉,UNKNOWN,2026-03-23 21:19:11,0
o우르키오라o,UNKNOWN,2026-03-23 21:19:11,0
강루틴,UNKNOWN,2026-03-23 21:19:11,0
여름타투,UNKNOWN,2026-03-23 21:19:11,0
똔주,UNKNOWN,2026-03-23 21:19:11,0
김즌사,UNKNOWN,2026-03-23 21:19:11,0
댕온,UNKNOWN,2026-03-23 21:19:11,0
대표님,UNKNOWN,2026-03-23 21:19:11,0
여니,UNKNOWN,2026-03-23 21:19:11,0
올셈,UNKNOWN,2026-03-23 21:19:11,0
카리나여왕님,UNKNOWN,2026-03-23 21:19:11,0
모기OvO,UNKNOWN,2026-03-23 21:19:11,0
런죠,UNKNOWN,2026-03-23 21:19:11,0
나로표현하면,UNKNOWN,2026-03-23 21:19:11,0
소덜렁,UNKNOWN,2026-03-23 21:19:11,0
유탱,UNKNOWN,2026-03-23 21:19:11,0
Fast이도류,UNKNOWN,2026-03-23 21:19:11,0
동쩐,UNKNOWN,2026-03-23 21:19:11,0
흰여우,UNKNOWN,2026-03-23 21:19:11,0
김바누,UNKNOWN,2026-03-23 21:19:11,0
누라리한,UNKNOWN,2026-03-23 21:19:11,0
땡단콩,UNKNOWN,2026-03-23 21:19:11,0
로코,UNKNOWN,2026-03-23 21:19:11,0
떳불,UNKNOWN,2026-03-23 21:19:11,0
PhilyJay,UNKNOWN,2026-03-23 21:19:11,0
푸리갓,UNKNOWN,2026-03-23 21:19:11,0
화별,UNKNOWN,2026-03-23 21:19:11,0
Retail,UNKNOWN,2026-03-23 21:19:11,0
새싹츄델,UNKNOWN,2026-03-23 21:19:11,0
설기라떼,UNKNOWN,2026-03-23 21:19:11,0
Highestar,UNKNOWN,2026-03-23 21:19:11,0
당근조아,UNKNOWN,2026-03-23 21:19:11,0
류원찬,UNKNOWN,2026-03-23 21:19:11,0
디롱,UNKNOWN,2026-03-23 21:19:11,0
또식,UNKNOWN,2026-03-23 21:19:11,0
참미우,UNKNOWN,2026-03-23 21:19:11,0
불굼뱅이,UNKNOWN,2026-03-23 21:19:11,0
핌이,UNKNOWN,2026-03-23 21:19:11,0
하악이,UNKNOWN,2026-03-23 21:19:11,0
촐빈,UNKNOWN,2026-03-23 21:19:11,0
네툐,UNKNOWN,2026-03-23 21:19:11,0
백예나,UNKNOWN,2026-03-23 21:19:11,0
수르,UNKNOWN,2026-03-23 21:19:11,0
블핑u,UNKNOWN,2026-03-23 21:19:12,0
윰델,UNKNOWN,2026-03-23 21:19:12,0
안또나워,UNKNOWN,2026-03-23 21:19:12,0
곽돌,UNKNOWN,2026-03-23 21:19:12,0
간응,UNKNOWN,2026-03-23 21:19:12,0
화끈한노예,UNKNOWN,2026-03-23 21:19:12,0
왕귀,UNKNOWN,2026-03-23 21:19:12,0
둘쏘,UNKNOWN,2026-03-23 21:19:12,0
도옴,UNKNOWN,2026-03-23 21:19:12,0
크로코페이트,UNKNOWN,2026-03-23 21:19:12,0
v고라니v,UNKNOWN,2026-03-23 21:19:12,0
델델,UNKNOWN,2026-03-23 21:19:12,0
위증,UNKNOWN,2026-03-23 21:19:12,0
사천왕,UNKNOWN,2026-03-23 21:19:12,0
퍼브,UNKNOWN,2026-03-23 21:19:12,0
슉슉화나,UNKNOWN,2026-03-23 21:19:12,0
쪼이꼬래,UNKNOWN,2026-03-23 21:19:12,0
팔짜,UNKNOWN,2026-03-23 21:19:12,0
전통적인궁수,UNKNOWN,2026-03-23 21:19:12,0
Es응애섀도어,UNKNOWN,2026-03-23 21:19:12,0
맵프,UNKNOWN,2026-03-23 21:19:12,0
오지씨,UNKNOWN,2026-03-23 21:19:12,0
술찌숍,UNKNOWN,2026-03-23 21:19:12,0
검명,UNKNOWN,2026-03-23 21:19:12,0
두포리,UNKNOWN,2026-03-23 21:19:12,0
늦깨,UNKNOWN,2026-03-23 21:19:12,0
새리티,UNKNOWN,2026-03-23 21:19:12,0
매현,UNKNOWN,2026-03-23 21:19:12,0
케이시티,UNKNOWN,2026-03-23 21:19:12,0
힘즈단,UNKNOWN,2026-03-23 21:19:12,0
류렘,UNKNOWN,2026-03-23 21:19:12,0
패튜,UNKNOWN,2026-03-23 21:19:12,0
두명이서최약,UNKNOWN,2026-03-23 21:19:12,0
흉악범,UNKNOWN,2026-03-23 21:19:12,0
케어스,UNKNOWN,2026-03-23 21:19:12,0
알츠,UNKNOWN,2026-03-23 21:19:12,0
조절,UNKNOWN,2026-03-23 21:19:12,0
초콜릿트러플,UNKNOWN,2026-03-23 21:19:12,0
오오밍,UNKNOWN,2026-03-23 21:19:12,0
인딤텀,UNKNOWN,2026-03-23 21:19:12,0
피다,UNKNOWN,2026-03-23 21:19:12,0
듀별,UNKNOWN,2026-03-23 21:19:12,0
Sukuny,UNKNOWN,2026-03-23 21:19:12,0
빵줘,UNKNOWN,2026-03-23 21:19:12,0
퇴캔,UNKNOWN,2026-03-23 21:19:12,0
컴백,UNKNOWN,2026-03-23 21:19:12,0
해파,UNKNOWN,2026-03-23 21:19:12,0
랑희,UNKNOWN,2026-03-23 21:19:12,0
탈북,UNKNOWN,2026-03-23 21:19:12,0
햄깔,UNKNOWN,2026-03-23 21:19:12,0
참란,UNKNOWN,2026-03-23 21:19:12,0
쥴샹,UNKNOWN,2026-03-23 21:19:12,0
제크리마,UNKNOWN,2026-03-23 21:19:12,0
동선,UNKNOWN,2026-03-23 21:19:12,0
활일까요,UNKNOWN,2026-03-23 21:19:12,0
미하일아님,UNKNOWN,2026-03-23 21:19:12,0
낭드,UNKNOWN,2026-03-23 21:19:12,0
감시원,UNKNOWN,2026-03-23 21:19:12,0
갱됴,UNKNOWN,2026-03-23 21:19:13,0
컹훈,UNKNOWN,2026-03-23 21:19:13,0
주뱃,UNKNOWN,2026-03-23 21:19:13,0
그드,UNKNOWN,2026-03-23 21:19:13,0
자다일어난몽,UNKNOWN,2026-03-23 21:19:13,0
USA흑인군인,UNKNOWN,2026-03-23 21:19:13,0
털보아저씨,UNKNOWN,2026-03-23 21:19:13,0
NameAdel,UNKNOWN,2026-03-23 21:19:13,0
쓰눈이,UNKNOWN,2026-03-23 21:19:13,0
문괄라,UNKNOWN,2026-03-23 21:19:13,0
조난당했어,UNKNOWN,2026-03-23 21:19:13,0
무빙,UNKNOWN,2026-03-23 21:19:13,0
석송,UNKNOWN,2026-03-23 21:19:13,0
켄다로,UNKNOWN,2026-03-23 21:19:13,0
설빙아,UNKNOWN,2026-03-23 21:19:13,0
리치바523,UNKNOWN,2026-03-23 21:19:13,0
구묘,UNKNOWN,2026-03-23 21:19:13,0
vV배틀Vv,UNKNOWN,2026-03-23 21:19:13,0
말랑딱따구리,UNKNOWN,2026-03-23 21:19:13,0
승림,UNKNOWN,2026-03-23 21:19:13,0
유륨,UNKNOWN,2026-03-23 21:19:13,0
제니쓰상민,UNKNOWN,2026-03-23 21:19:13,0
패인,UNKNOWN,2026-03-23 21:19:13,0
웍즈,UNKNOWN,2026-03-23 21:19:13,0
SHhsHS,UNKNOWN,2026-03-23 21:19:13,0
뒷동네,UNKNOWN,2026-03-23 21:19:13,0
쀼앵,UNKNOWN,2026-03-23 21:19:13,0
웅솝o,UNKNOWN,2026-03-23 21:19:13,0
화독,UNKNOWN,2026-03-23 21:19:13,0
썽용,UNKNOWN,2026-03-23 21:19:13,0
그동안,UNKNOWN,2026-03-23 21:19:13,0
뚜뚜,UNKNOWN,2026-03-23 21:19:13,0
토빈,UNKNOWN,2026-03-23 21:19:13,0
뿐내,UNKNOWN,2026-03-23 21:19:13,0
아조씨,UNKNOWN,2026-03-23 21:19:13,0
예티의약속,UNKNOWN,2026-03-23 21:19:13,0
Jaxx,UNKNOWN,2026-03-23 21:19:13,0
주옥같은분,UNKNOWN,2026-03-23 21:19:13,0
업쩍,UNKNOWN,2026-03-23 21:19:13,0
보쓰,UNKNOWN,2026-03-23 21:19:13,0
벵베,UNKNOWN,2026-03-23 21:19:13,0
니코는고양이,UNKNOWN,2026-03-23 21:19:13,0
댑천,UNKNOWN,2026-03-23 21:19:13,0
깡훈,UNKNOWN,2026-03-23 21:19:13,0
임넌,UNKNOWN,2026-03-23 21:19:13,0
늑아,UNKNOWN,2026-03-23 21:19:13,0
레먕,UNKNOWN,2026-03-23 21:19:13,0
마밭,UNKNOWN,2026-03-23 21:19:13,0
나지당단,UNKNOWN,2026-03-23 21:19:13,0
빛용현,UNKNOWN,2026-03-23 21:19:13,0
주먹왕킴랄프,UNKNOWN,2026-03-23 21:19:13,0
꼬우면얼라,UNKNOWN,2026-03-23 21:19:13,0
뤼스코,UNKNOWN,2026-03-23 21:19:13,0
기억해라닉넴,UNKNOWN,2026-03-23 21:19:13,0
경윤,UNKNOWN,2026-03-23 21:19:13,0
심각한삼촌,UNKNOWN,2026-03-23 21:19:13,0
위조,UNKNOWN,2026-03-23 21:19:14,0
적음,UNKNOWN,2026-03-23 21:19:14,0
개쌤캐,UNKNOWN,2026-03-23 21:19:14,0
곽덕삼,UNKNOWN,2026-03-23 21:19:14,0
치나처,UNKNOWN,2026-03-23 21:19:14,0
호블랑코,UNKNOWN,2026-03-23 21:19:14,0
뿜뿜포,UNKNOWN,2026-03-23 21:19:14,0
할슈타트,UNKNOWN,2026-03-23 21:19:14,0
딧요,UNKNOWN,2026-03-23 21:19:14,0
서민또로,UNKNOWN,2026-03-23 21:19:14,0
차동민,UNKNOWN,2026-03-23 21:19:14,0
뷰즈드,UNKNOWN,2026-03-23 21:19:14,0
끼우,UNKNOWN,2026-03-23 21:19:14,0
노아쥬다,UNKNOWN,2026-03-23 21:19:14,0
할매,UNKNOWN,2026-03-23 21:19:14,0
형쥬쥬,UNKNOWN,2026-03-23 21:19:14,0
지율,UNKNOWN,2026-03-23 21:19:14,0
샤둥해Studio,UNKNOWN,2026-03-23 21:19:14,0
팔라딘낚지,UNKNOWN,2026-03-23 21:19:14,0
모아이팍,UNKNOWN,2026-03-23 21:19:14,0
빕밥,UNKNOWN,2026-03-23 21:19:14,0
바퍼잖아,UNKNOWN,2026-03-23 21:19:14,0
쮸쮸브,UNKNOWN,2026-03-23 21:19:14,0
박굼모,UNKNOWN,2026-03-23 21:19:14,0
베윤경,UNKNOWN,2026-03-23 21:19:14,0
o시기o,UNKNOWN,2026-03-23 21:19:14,0
현엽,UNKNOWN,2026-03-23 21:19:14,0
여잉,UNKNOWN,2026-03-23 21:19:14,0
나무연구원,UNKNOWN,2026-03-23 21:19:14,0
공허감,UNKNOWN,2026-03-23 21:19:14,0
마법십덕,UNKNOWN,2026-03-23 21:19:14,0
젬넉,UNKNOWN,2026-03-23 21:19:14,0
학살자펭귄,UNKNOWN,2026-03-23 21:19:14,0
렌왔어요,UNKNOWN,2026-03-23 21:19:14,0
냥빛,UNKNOWN,2026-03-23 21:19:14,0
엠두,UNKNOWN,2026-03-23 21:19:14,0
도로로,UNKNOWN,2026-03-23 21:19:14,0
빵찬,UNKNOWN,2026-03-23 21:19:14,0
허율,UNKNOWN,2026-03-23 21:19:14,0
의미없는금일,UNKNOWN,2026-03-23 21:19:14,0
유치,UNKNOWN,2026-03-23 21:19:14,0
임주형,UNKNOWN,2026-03-23 21:19:14,0
라심,UNKNOWN,2026-03-23 21:19:14,0
제천대성,UNKNOWN,2026-03-23 21:19:14,0
밀쬐유,UNKNOWN,2026-03-23 21:19:14,0
과잉,UNKNOWN,2026-03-23 21:19:14,0
핫초코,UNKNOWN,2026-03-23 21:19:14,0
하시요,UNKNOWN,2026-03-23 21:19:14,0
삼색캣맘,UNKNOWN,2026-03-23 21:19:14,0
큰일이여,UNKNOWN,2026-03-23 21:19:14,0
늑야,UNKNOWN,2026-03-23 21:19:14,0
하포니,UNKNOWN,2026-03-23 21:19:14,0
투명껄룩,UNKNOWN,2026-03-23 21:19:14,0
앨리셔,UNKNOWN,2026-03-23 21:19:14,0
멜빵군,UNKNOWN,2026-03-23 21:19:14,0
첫방영,UNKNOWN,2026-03-23 21:19:14,0
예쁘니,UNKNOWN,2026-03-23 21:19:14,0
미지기,UNKNOWN,2026-03-23 21:19:14,0
쪄르,UNKNOWN,2026-03-23 21:19:15,0
꿀믄,UNKNOWN,2026-03-23 21:19:15,0
봄잎,UNKNOWN,2026-03-23 21:19:15,0
이뻐하기,UNKNOWN,2026-03-23 21:19:15,0
명고부,UNKNOWN,2026-03-23 21:19:15,0
최동딱본캐,UNKNOWN,2026-03-23 21:19:15,0
찌커,UNKNOWN,2026-03-23 21:19:15,0
자컨,UNKNOWN,2026-03-23 21:19:15,0
자아림,UNKNOWN,2026-03-23 21:19:15,0
흔챔,UNKNOWN,2026-03-23 21:19:15,0
성연,UNKNOWN,2026-03-23 21:19:15,0
히썽,UNKNOWN,2026-03-23 21:19:15,0
소힛,UNKNOWN,2026-03-23 21:19:15,0
서곰돌,UNKNOWN,2026-03-23 21:19:15,0
쇠움,UNKNOWN,2026-03-23 21:19:15,0
백조의길,UNKNOWN,2026-03-23 21:19:15,0
빠에,UNKNOWN,2026-03-23 21:19:15,0
지민기계,UNKNOWN,2026-03-23 21:19:15,0
진찬호,UNKNOWN,2026-03-23 21:19:15,0
이현수1호,UNKNOWN,2026-03-23 21:19:15,0
엔뉴,UNKNOWN,2026-03-23 21:19:15,0
바이라봉,UNKNOWN,2026-03-23 21:19:15,0
잉갱,UNKNOWN,2026-03-23 21:19:15,0
티케,UNKNOWN,2026-03-23 21:19:15,0
eyezero99,UNKNOWN,2026-03-23 21:19:15,0
해민초,UNKNOWN,2026-03-23 21:19:15,0
비환,UNKNOWN,2026-03-23 21:19:15,0
호이퍼,UNKNOWN,2026-03-23 21:19:15,0
캬희,UNKNOWN,2026-03-23 21:19:15,0
벗들,UNKNOWN,2026-03-23 21:19:15,0
꺄교,UNKNOWN,2026-03-23 21:19:15,0
몸박기,UNKNOWN,2026-03-23 21:19:15,0
에드윈재거,UNKNOWN,2026-03-23 21:19:15,0
잘익은통감자,UNKNOWN,2026-03-23 21:19:15,0
태규,UNKNOWN,2026-03-23 21:19:15,0
흙접도,UNKNOWN,2026-03-23 21:19:15,0
세죵,UNKNOWN,2026-03-23 21:19:15,0
일륜델,UNKNOWN,2026-03-23 21:19:15,0
제뤽윈브,UNKNOWN,2026-03-23 21:19:15,0
브혜,UNKNOWN,2026-03-23 21:19:15,0
푸드,UNKNOWN,2026-03-23 21:19:15,0
패잉,UNKNOWN,2026-03-23 21:19:15,0
강통,UNKNOWN,2026-03-23 21:19:15,0
님얼굴개박살,UNKNOWN,2026-03-23 21:19:15,0
토무,UNKNOWN,2026-03-23 21:19:15,0
물웅덩이우산,UNKNOWN,2026-03-23 21:19:15,0
실체루,UNKNOWN,2026-03-23 21:19:15,0
또현,UNKNOWN,2026-03-23 21:19:15,0
오다잼,UNKNOWN,2026-03-23 21:19:15,0
이바는17세,UNKNOWN,2026-03-23 21:19:15,0
딩뭉,UNKNOWN,2026-03-23 21:19:15,0
최강듀블완수,UNKNOWN,2026-03-23 21:19:15,0
뽀시레기,UNKNOWN,2026-03-23 21:19:15,0
천휘궁수,UNKNOWN,2026-03-23 21:19:15,0
누서나,UNKNOWN,2026-03-23 21:19:15,0
설표귀,UNKNOWN,2026-03-23 21:19:15,0
르쌍,UNKNOWN,2026-03-23 21:19:15,0
단율비,UNKNOWN,2026-03-23 21:19:15,0
쏭진사,UNKNOWN,2026-03-23 21:19:15,0
봄날의두리안,UNKNOWN,2026-03-23 21:19:15,0
도팬,UNKNOWN,2026-03-23 21:19:15,0
얌히,UNKNOWN,2026-03-23 21:19:15,0
백수여캠물소,UNKNOWN,2026-03-23 21:19:15,0
솔리,UNKNOWN,2026-03-23 21:19:15,0
해쉬스완,UNKNOWN,2026-03-23 21:19:15,0
푸키,UNKNOWN,2026-03-23 21:19:16,0
전식,UNKNOWN,2026-03-23 21:19:16,0
눈양,UNKNOWN,2026-03-23 21:19:16,0
비싼토끼,UNKNOWN,2026-03-23 21:19:16,0
InTalk,UNKNOWN,2026-03-23 21:19:16,0
라뷔,UNKNOWN,2026-03-23 21:19:16,0
쿵뿌,UNKNOWN,2026-03-23 21:19:16,0
포곡,UNKNOWN,2026-03-23 21:19:16,0
입원,UNKNOWN,2026-03-23 21:19:16,0
틱톡,UNKNOWN,2026-03-23 21:19:16,0
미라도엔,UNKNOWN,2026-03-23 21:19:16,0
OhIng,UNKNOWN,2026-03-23 21:19:16,0
홍람,UNKNOWN,2026-03-23 21:19:16,0
지누,UNKNOWN,2026-03-23 21:19:16,0
히연,UNKNOWN,2026-03-23 21:19:16,0
뤼뜬,UNKNOWN,2026-03-23 21:19:16,0
Rozia,UNKNOWN,2026-03-23 21:19:16,0
삑구,UNKNOWN,2026-03-23 21:19:16,0
가젤라,UNKNOWN,2026-03-23 21:19:16,0
테라,UNKNOWN,2026-03-23 21:19:16,0
승규,UNKNOWN,2026-03-23 21:19:16,0
박영뜰,UNKNOWN,2026-03-23 21:19:16,0
미촛,UNKNOWN,2026-03-23 21:19:16,0
엔캄스,UNKNOWN,2026-03-23 21:19:16,0
탁꾸,UNKNOWN,2026-03-23 21:19:16,0
JH동찍,UNKNOWN,2026-03-23 21:19:16,0
대농농,UNKNOWN,2026-03-23 21:19:16,0
부천경찰청,UNKNOWN,2026-03-23 21:19:16,0
I차솔빈I,UNKNOWN,2026-03-23 21:19:16,0
뚠빈,UNKNOWN,2026-03-23 21:19:16,0
나린호랑,UNKNOWN,2026-03-23 21:19:16,0
삼곡,UNKNOWN,2026-03-23 21:19:16,0
하양바람개비,UNKNOWN,2026-03-23 21:19:16,0
발견놈,UNKNOWN,2026-03-23 21:19:16,0
팔태남,UNKNOWN,2026-03-23 21:19:16,0
부리,UNKNOWN,2026-03-23 21:19:16,0
쏘을,UNKNOWN,2026-03-23 21:19:16,0
경처리,UNKNOWN,2026-03-23 21:19:16,0
철권,UNKNOWN,2026-03-23 21:19:16,0
헥헥,UNKNOWN,2026-03-23 21:19:16,0
뽀효지,UNKNOWN,2026-03-23 21:19:16,0
회계기준,UNKNOWN,2026-03-23 21:19:16,0
꿀헤,UNKNOWN,2026-03-23 21:19:16,0
청초롱비숍,UNKNOWN,2026-03-23 21:19:16,0
에치,UNKNOWN,2026-03-23 21:19:16,0
일감,UNKNOWN,2026-03-23 21:19:16,0
꾸마는비숍함,UNKNOWN,2026-03-23 21:19:16,0
껀떵현,UNKNOWN,2026-03-23 21:19:16,0
섹븜,UNKNOWN,2026-03-23 21:19:16,0
강준이,UNKNOWN,2026-03-23 21:19:16,0
편집실,UNKNOWN,2026-03-23 21:19:16,0
보조자,UNKNOWN,2026-03-23 21:19:16,0
릭컨,UNKNOWN,2026-03-23 21:19:16,0
껌처럼,UNKNOWN,2026-03-23 21:19:16,0
적로이,UNKNOWN,2026-03-23 21:19:16,0
이뻥,UNKNOWN,2026-03-23 21:19:16,0
엑으,UNKNOWN,2026-03-23 21:19:16,0
텅텀,UNKNOWN,2026-03-23 21:19:16,0
신드라,UNKNOWN,2026-03-23 21:19:17,0
앵공,UNKNOWN,2026-03-23 21:19:17,0
쎄쥬,UNKNOWN,2026-03-23 21:19:17,0
비숍죠르,UNKNOWN,2026-03-23 21:19:17,0
극주,UNKNOWN,2026-03-23 21:19:17,0
탐쩡,UNKNOWN,2026-03-23 21:19:17,0
랑딩,UNKNOWN,2026-03-23 21:19:17,0
Soulco,UNKNOWN,2026-03-23 21:19:17,0
마케팅,UNKNOWN,2026-03-23 21:19:17,0
잡부,UNKNOWN,2026-03-23 21:19:17,0
씨꾸,UNKNOWN,2026-03-23 21:19:17,0
빡상,UNKNOWN,2026-03-23 21:19:17,0
유저는괴로워,UNKNOWN,2026-03-23 21:19:17,0
저녁하늘,UNKNOWN,2026-03-23 21:19:17,0
른넬,UNKNOWN,2026-03-23 21:19:17,0
텔리엘,UNKNOWN,2026-03-23 21:19:17,0
효배,UNKNOWN,2026-03-23 21:19:17,0
노트는c타입,UNKNOWN,2026-03-23 21:19:17,0
배라,UNKNOWN,2026-03-23 21:19:17,0
옴지만,UNKNOWN,2026-03-23 21:19:17,0
민화,UNKNOWN,2026-03-23 21:19:17,0
띤따,UNKNOWN,2026-03-23 21:19:17,0
crime,UNKNOWN,2026-03-23 21:19:17,0
엉덩이골10m,UNKNOWN,2026-03-23 21:19:17,0
트로이아델,UNKNOWN,2026-03-23 21:19:17,0
묘프,UNKNOWN,2026-03-23 21:19:17,0
카인의비상,UNKNOWN,2026-03-23 21:19:17,0
영로,UNKNOWN,2026-03-23 21:19:17,0
능이무,UNKNOWN,2026-03-23 21:19:17,0
듀코,UNKNOWN,2026-03-23 21:19:17,0
제티토도도둑,UNKNOWN,2026-03-23 21:19:17,0
말캉유나,UNKNOWN,2026-03-23 21:19:17,0
꾸잉,UNKNOWN,2026-03-23 21:19:17,0
왕새송이,UNKNOWN,2026-03-23 21:19:17,0
텐지,UNKNOWN,2026-03-23 21:19:17,0
사니,UNKNOWN,2026-03-23 21:19:17,0
해결,UNKNOWN,2026-03-23 21:19:17,0
궁디로봇,UNKNOWN,2026-03-23 21:19:17,0
졍이,UNKNOWN,2026-03-23 21:19:17,0
애잉,UNKNOWN,2026-03-23 21:19:17,0
포드,UNKNOWN,2026-03-23 21:19:17,0
리틀여름,UNKNOWN,2026-03-23 21:19:17,0
소우찡,UNKNOWN,2026-03-23 21:19:17,0
환탸,UNKNOWN,2026-03-23 21:19:17,0
잔혹한초대,UNKNOWN,2026-03-23 21:19:17,0
극수,UNKNOWN,2026-03-23 21:19:17,0
검법,UNKNOWN,2026-03-23 21:19:17,0
마녀아리c,UNKNOWN,2026-03-23 21:19:17,0
정팬,UNKNOWN,2026-03-23 21:19:17,0
붙을까,UNKNOWN,2026-03-23 21:19:17,0
시랑,UNKNOWN,2026-03-23 21:19:17,0
채무,UNKNOWN,2026-03-23 21:19:17,0
벙걱,UNKNOWN,2026-03-23 21:19:17,0
레전드리,UNKNOWN,2026-03-23 21:19:17,0
노동자방댕이,UNKNOWN,2026-03-23 21:19:17,0
퍼펙트렐릭,UNKNOWN,2026-03-23 21:19:18,0
꿈크리,UNKNOWN,2026-03-23 21:19:18,0
분지,UNKNOWN,2026-03-23 21:19:18,0
데허,UNKNOWN,2026-03-23 21:19:18,0
스튜,UNKNOWN,2026-03-23 21:19:18,0
과선,UNKNOWN,2026-03-23 21:19:18,0
빅쿠쿠마,UNKNOWN,2026-03-23 21:19:18,0
옹니,UNKNOWN,2026-03-23 21:19:18,0
밥뻐,UNKNOWN,2026-03-23 21:19:18,0
숩인아크,UNKNOWN,2026-03-23 21:19:18,0
중환자실장,UNKNOWN,2026-03-23 21:19:18,0
날씨좀알려줘,UNKNOWN,2026-03-23 21:19:18,0
아샤,UNKNOWN,2026-03-23 21:19:18,0
화주녁,UNKNOWN,2026-03-23 21:19:18,0
테젠,UNKNOWN,2026-03-23 21:19:18,0
쥔티,UNKNOWN,2026-03-23 21:19:18,0
꼴목,UNKNOWN,2026-03-23 21:19:18,0
신균,UNKNOWN,2026-03-23 21:19:18,0
검혁,UNKNOWN,2026-03-23 21:19:18,0
베리아베리아,UNKNOWN,2026-03-23 21:19:18,0
스득,UNKNOWN,2026-03-23 21:19:18,0
인셍날로먹자,UNKNOWN,2026-03-23 21:19:18,0
이발,UNKNOWN,2026-03-23 21:19:18,0
아힝홍헹,UNKNOWN,2026-03-23 21:19:18,0
대장곰,UNKNOWN,2026-03-23 21:19:18,0
성철,UNKNOWN,2026-03-23 21:19:18,0
시드넌,UNKNOWN,2026-03-23 21:19:18,0
솔루션,UNKNOWN,2026-03-23 21:19:18,0
무의식,UNKNOWN,2026-03-23 21:19:18,0
쏴줘,UNKNOWN,2026-03-23 21:19:18,0
듀엉이,UNKNOWN,2026-03-23 21:19:18,0
듐듐,UNKNOWN,2026-03-23 21:19:18,0
seojm8,UNKNOWN,2026-03-23 21:19:18,0
닐트,UNKNOWN,2026-03-23 21:19:18,0
니만가라,UNKNOWN,2026-03-23 21:19:18,0
염루아이론,UNKNOWN,2026-03-23 21:19:18,0
규올,UNKNOWN,2026-03-23 21:19:18,0
윤재엽,UNKNOWN,2026-03-23 21:19:18,0
기사도의빛,UNKNOWN,2026-03-23 21:19:18,0
토끼하트토끼,UNKNOWN,2026-03-23 21:19:18,0
무능,UNKNOWN,2026-03-23 21:19:18,0
햐은,UNKNOWN,2026-03-23 21:19:18,0
킬테,UNKNOWN,2026-03-23 21:19:18,0
배메하지말걸,UNKNOWN,2026-03-23 21:19:18,0
데벤,UNKNOWN,2026-03-23 21:19:18,0
레트밍,UNKNOWN,2026-03-23 21:19:18,0
우밍,UNKNOWN,2026-03-23 21:19:18,0
양내기,UNKNOWN,2026-03-23 21:19:18,0
keycu1t,UNKNOWN,2026-03-23 21:19:18,0
비디디디,UNKNOWN,2026-03-23 21:19:18,0
때구,UNKNOWN,2026-03-23 21:19:18,0
맵긔,UNKNOWN,2026-03-23 21:19:18,0
훙치,UNKNOWN,2026-03-23 21:19:18,0
레단,UNKNOWN,2026-03-23 21:19:18,0
이쁜숭우,UNKNOWN,2026-03-23 21:19:18,0
인욱공주,UNKNOWN,2026-03-23 21:19:18,0
한승우,UNKNOWN,2026-03-23 21:19:18,0
쫑찬,UNKNOWN,2026-03-23 21:19:18,0
그네,UNKNOWN,2026-03-23 21:19:18,0
조퇴증,UNKNOWN,2026-03-23 21:19:18,0
족장,UNKNOWN,2026-03-23 21:19:19,0
그치,UNKNOWN,2026-03-23 21:19:19,0
사내,UNKNOWN,2026-03-23 21:19:19,0
티믹,UNKNOWN,2026-03-23 21:19:19,0
티세포,UNKNOWN,2026-03-23 21:19:19,0
아르마멍,UNKNOWN,2026-03-23 21:19:19,0
남의,UNKNOWN,2026-03-23 21:19:19,0
쪼꼼,UNKNOWN,2026-03-23 21:19:19,0
초후o,UNKNOWN,2026-03-23 21:19:19,0
비공감,UNKNOWN,2026-03-23 21:19:19,0
집헌,UNKNOWN,2026-03-23 21:19:19,0
헴스터,UNKNOWN,2026-03-23 21:19:19,0
대롱,UNKNOWN,2026-03-23 21:19:19,0
우리나라병장,UNKNOWN,2026-03-23 21:19:19,0
연니찌,UNKNOWN,2026-03-23 21:19:19,0
아잉눈,UNKNOWN,2026-03-23 21:19:19,0
CryoShock,UNKNOWN,2026-03-23 21:19:19,0
뎀얀,UNKNOWN,2026-03-23 21:19:19,0
역북동기보배,UNKNOWN,2026-03-23 21:19:19,0
탭탭,UNKNOWN,2026-03-23 21:19:19,0
설사,UNKNOWN,2026-03-23 21:19:19,0
간취,UNKNOWN,2026-03-23 21:19:19,0
룩미,UNKNOWN,2026-03-23 21:19:19,0
이시르엘,UNKNOWN,2026-03-23 21:19:19,0
목린,UNKNOWN,2026-03-23 21:19:19,0
승후닝,UNKNOWN,2026-03-23 21:19:19,0
메카엠엘,UNKNOWN,2026-03-23 21:19:19,0
곤곤,UNKNOWN,2026-03-23 21:19:19,0
헹헹,UNKNOWN,2026-03-23 21:19:19,0
씨즘,UNKNOWN,2026-03-23 21:19:19,0
넝부,UNKNOWN,2026-03-23 21:19:19,0
SILVERGWEN,UNKNOWN,2026-03-23 21:19:19,0
브냥,UNKNOWN,2026-03-23 21:19:19,0
Listen,UNKNOWN,2026-03-23 21:19:19,0
노란비서,UNKNOWN,2026-03-23 21:19:19,0
즈소,UNKNOWN,2026-03-23 21:19:19,0
금송,UNKNOWN,2026-03-23 21:19:19,0
뽀여니,UNKNOWN,2026-03-23 21:19:19,0
Soble,UNKNOWN,2026-03-23 21:19:19,0
앙또또,UNKNOWN,2026-03-23 21:19:19,0
외대오빠,UNKNOWN,2026-03-23 21:19:19,0
재승딘,UNKNOWN,2026-03-23 21:19:19,0
소냐,UNKNOWN,2026-03-23 21:19:19,0
듀크,UNKNOWN,2026-03-23 21:19:19,0
자동기상,UNKNOWN,2026-03-23 21:19:19,0
샥크,UNKNOWN,2026-03-23 21:19:19,0
반달곰,UNKNOWN,2026-03-23 21:19:19,0
금채신,UNKNOWN,2026-03-23 21:19:19,0
폐이,UNKNOWN,2026-03-23 21:19:19,0
탬탬인,UNKNOWN,2026-03-23 21:19:19,0
바람틈,UNKNOWN,2026-03-23 21:19:19,0
씨월,UNKNOWN,2026-03-23 21:19:19,0
향쓱,UNKNOWN,2026-03-23 21:19:19,0
JuTaK2,UNKNOWN,2026-03-23 21:19:19,0
피잔이,UNKNOWN,2026-03-23 21:19:19,0
코렛,UNKNOWN,2026-03-23 21:19:19,0
백토끼미쿠,UNKNOWN,2026-03-23 21:19:20,0
냐프,UNKNOWN,2026-03-23 21:19:20,0
단층,UNKNOWN,2026-03-23 21:19:20,0
진리빛,UNKNOWN,2026-03-23 21:19:20,0
갓뇽,UNKNOWN,2026-03-23 21:19:20,0
수호천사,UNKNOWN,2026-03-23 21:19:20,0
태민캉,UNKNOWN,2026-03-23 21:19:20,0
상큼,UNKNOWN,2026-03-23 21:19:20,0
최기윤,UNKNOWN,2026-03-23 21:19:20,0
신념의파도,UNKNOWN,2026-03-23 21:19:20,0
juntopia,UNKNOWN,2026-03-23 21:19:20,0
껑환,UNKNOWN,2026-03-23 21:19:20,0
보여,UNKNOWN,2026-03-23 21:19:20,0
밍인,UNKNOWN,2026-03-23 21:19:20,0
숭금이,UNKNOWN,2026-03-23 21:19:20,0
헙즉,UNKNOWN,2026-03-23 21:19:20,0
쌔림,UNKNOWN,2026-03-23 21:19:20,0
다여닝,UNKNOWN,2026-03-23 21:19:20,0
은콩동,UNKNOWN,2026-03-23 21:19:20,0
양초,UNKNOWN,2026-03-23 21:19:20,0
사루비즈,UNKNOWN,2026-03-23 21:19:20,0
정벌,UNKNOWN,2026-03-23 21:19:20,0
좋데,UNKNOWN,2026-03-23 21:19:20,0
참돔,UNKNOWN,2026-03-23 21:19:20,0
이거좋아욧,UNKNOWN,2026-03-23 21:19:20,0
추격자,UNKNOWN,2026-03-23 21:19:20,0
시즈모드,UNKNOWN,2026-03-23 21:19:20,0
꽁민,UNKNOWN,2026-03-23 21:19:20,0
다누델,UNKNOWN,2026-03-23 21:19:20,0
트마,UNKNOWN,2026-03-23 21:19:20,0
쭌나,UNKNOWN,2026-03-23 21:19:20,0
써봐,UNKNOWN,2026-03-23 21:19:20,0
JEHYEONG,UNKNOWN,2026-03-23 21:19:20,0
김동산,UNKNOWN,2026-03-23 21:19:20,0
헬로키티수박,UNKNOWN,2026-03-23 21:19:20,0
랩핑,UNKNOWN,2026-03-23 21:19:20,0
달빈쿡,UNKNOWN,2026-03-23 21:19:20,0
pioneer12,UNKNOWN,2026-03-23 21:19:20,0
즈무영,UNKNOWN,2026-03-23 21:19:20,0
석진이,UNKNOWN,2026-03-23 21:19:20,0
상율,UNKNOWN,2026-03-23 21:19:20,0
너에게나워,UNKNOWN,2026-03-23 21:19:20,0
시원한고냥이,UNKNOWN,2026-03-23 21:19:20,0
메까뇽,UNKNOWN,2026-03-23 21:19:20,0
투식,UNKNOWN,2026-03-23 21:19:20,0
새끈한,UNKNOWN,2026-03-23 21:19:20,0
승밍,UNKNOWN,2026-03-23 21:19:20,0
북극,UNKNOWN,2026-03-23 21:19:20,0
Fantom,UNKNOWN,2026-03-23 21:19:20,0
롬던,UNKNOWN,2026-03-23 21:19:20,0
검과검,UNKNOWN,2026-03-23 21:19:20,0
혀닉,UNKNOWN,2026-03-23 21:19:20,0
투투작,UNKNOWN,2026-03-23 21:19:20,0
차차,UNKNOWN,2026-03-23 21:19:20,0
채주,UNKNOWN,2026-03-23 21:19:20,0
쌍가,UNKNOWN,2026-03-23 21:19:20,0
엘니도,UNKNOWN,2026-03-23 21:19:20,0
깡채,UNKNOWN,2026-03-23 21:19:20,0
큼뺌,UNKNOWN,2026-03-23 21:19:20,0
혈흔,UNKNOWN,2026-03-23 21:19:20,0
범디,UNKNOWN,2026-03-23 21:19:20,0
흐쀼,UNKNOWN,2026-03-23 21:19:20,0
핵망치,UNKNOWN,2026-03-23 21:19:20,0
엄한신,UNKNOWN,2026-03-23 21:19:21,0
얌냠,UNKNOWN,2026-03-23 21:19:21,0
부즈,UNKNOWN,2026-03-23 21:19:21,0
아침상쾌은월,UNKNOWN,2026-03-23 21:19:21,0
싸늘,UNKNOWN,2026-03-23 21:19:21,0
금빛꺌,UNKNOWN,2026-03-23 21:19:21,0
요로롱,UNKNOWN,2026-03-23 21:19:21,0
상민이,UNKNOWN,2026-03-23 21:19:21,0
법황,UNKNOWN,2026-03-23 21:19:21,0
우엥으에엥,UNKNOWN,2026-03-23 21:19:21,0
설화이진,UNKNOWN,2026-03-23 21:19:21,0
전적,UNKNOWN,2026-03-23 21:19:21,0
AnJJune,UNKNOWN,2026-03-23 21:19:21,0
예경핑,UNKNOWN,2026-03-23 21:19:21,0
라이자,UNKNOWN,2026-03-23 21:19:21,0
히사타다,UNKNOWN,2026-03-23 21:19:21,0
산림청개구리,UNKNOWN,2026-03-23 21:19:21,0
방문,UNKNOWN,2026-03-23 21:19:21,0
죠뽀,UNKNOWN,2026-03-23 21:19:21,0
춘식,UNKNOWN,2026-03-23 21:19:21,0
솔쿠,UNKNOWN,2026-03-23 21:19:21,0
웸요,UNKNOWN,2026-03-23 21:19:21,0
현제임,UNKNOWN,2026-03-23 21:19:21,0
탱구,UNKNOWN,2026-03-23 21:19:21,0
남눈,UNKNOWN,2026-03-23 21:19:21,0
어수,UNKNOWN,2026-03-23 21:19:21,0
빈돌,UNKNOWN,2026-03-23 21:19:21,0
츄하란,UNKNOWN,2026-03-23 21:19:21,0
보구,UNKNOWN,2026-03-23 21:19:21,0
야무진아델님,UNKNOWN,2026-03-23 21:19:21,0
CoinFlip,UNKNOWN,2026-03-23 21:19:21,0
라느,UNKNOWN,2026-03-23 21:19:21,0
봄샘,UNKNOWN,2026-03-23 21:19:21,0
Hertz,UNKNOWN,2026-03-23 21:19:21,0
작약,UNKNOWN,2026-03-23 21:19:21,0
쪼기,UNKNOWN,2026-03-23 21:19:21,0
탁구리,UNKNOWN,2026-03-23 21:19:21,0
패미,UNKNOWN,2026-03-23 21:19:21,0
태흐,UNKNOWN,2026-03-23 21:19:21,0
꿈꿀,UNKNOWN,2026-03-23 21:19:21,0
기기,UNKNOWN,2026-03-23 21:19:21,0
만류,UNKNOWN,2026-03-23 21:19:21,0
진흙,UNKNOWN,2026-03-23 21:19:21,0
세금징수팀,UNKNOWN,2026-03-23 21:19:21,0
얼짱민혁,UNKNOWN,2026-03-23 21:19:21,0
동하면,UNKNOWN,2026-03-23 21:19:21,0
메이,UNKNOWN,2026-03-23 21:19:21,0
레벨신,UNKNOWN,2026-03-23 21:19:21,0
일수o,UNKNOWN,2026-03-23 21:19:21,0
5시새벽,UNKNOWN,2026-03-23 21:19:21,0
주시크,UNKNOWN,2026-03-23 21:19:21,0
메띠,UNKNOWN,2026-03-23 21:19:21,0
밸라형,UNKNOWN,2026-03-23 21:19:21,0
토껑,UNKNOWN,2026-03-23 21:19:21,0
태감독,UNKNOWN,2026-03-23 21:19:21,0
나피리,UNKNOWN,2026-03-23 21:19:21,0
르현,UNKNOWN,2026-03-23 21:19:21,0
부재획,UNKNOWN,2026-03-23 21:19:21,0
릿리,UNKNOWN,2026-03-23 21:19:22,0
플랫,UNKNOWN,2026-03-23 21:19:22,0
HHFC,UNKNOWN,2026-03-23 21:19:22,0
로도,UNKNOWN,2026-03-23 21:19:22,0
커도야,UNKNOWN,2026-03-23 21:19:22,0
죡뿐,UNKNOWN,2026-03-23 21:19:22,0
먕고,UNKNOWN,2026-03-23 21:19:22,0
상큼여름,UNKNOWN,2026-03-23 21:19:22,0
던역,UNKNOWN,2026-03-23 21:19:22,0
밀님,UNKNOWN,2026-03-23 21:19:22,0
미들킥,UNKNOWN,2026-03-23 21:19:22,0
큐랑,UNKNOWN,2026-03-23 21:19:22,0
유왕,UNKNOWN,2026-03-23 21:19:22,0
낼뻔,UNKNOWN,2026-03-23 21:19:22,0
델에,UNKNOWN,2026-03-23 21:19:22,0
BE리인카,UNKNOWN,2026-03-23 21:19:22,0
쫙쫙,UNKNOWN,2026-03-23 21:19:22,0
읏쁘,UNKNOWN,2026-03-23 21:19:22,0
킹종뚜,UNKNOWN,2026-03-23 21:19:22,0
됴닮,UNKNOWN,2026-03-23 21:19:22,0
찐브링,UNKNOWN,2026-03-23 21:19:22,0
코어,UNKNOWN,2026-03-23 21:19:22,0
밍다옴,UNKNOWN,2026-03-23 21:19:22,0
쿨양,UNKNOWN,2026-03-23 21:19:22,0
사줌,UNKNOWN,2026-03-23 21:19:22,0
간택,UNKNOWN,2026-03-23 21:19:22,0
삑굳,UNKNOWN,2026-03-23 21:19:22,0
영선,UNKNOWN,2026-03-23 21:19:22,0
격이,UNKNOWN,2026-03-23 21:19:22,0
맘보,UNKNOWN,2026-03-23 21:19:22,0
하이젠,UNKNOWN,2026-03-23 21:19:22,0
왜용,UNKNOWN,2026-03-23 21:19:22,0
세헨,UNKNOWN,2026-03-23 21:19:22,0
오비탈D,UNKNOWN,2026-03-23 21:19:22,0
동진상사,UNKNOWN,2026-03-23 21:19:22,0
찌창,UNKNOWN,2026-03-23 21:19:22,0
zxcvb01,UNKNOWN,2026-03-23 21:19:22,0
김만거,UNKNOWN,2026-03-23 21:19:22,0
쓰다듬지마요,UNKNOWN,2026-03-23 21:19:22,0
지죤올럭표도,UNKNOWN,2026-03-23 21:19:22,0
암살가,UNKNOWN,2026-03-23 21:19:22,0
밥만먹었어도,UNKNOWN,2026-03-23 21:19:22,0
더러움,UNKNOWN,2026-03-23 21:19:22,0
집속,UNKNOWN,2026-03-23 21:19:22,0
짱깩,UNKNOWN,2026-03-23 21:19:22,0
유럽,UNKNOWN,2026-03-23 21:19:22,0
칠썽,UNKNOWN,2026-03-23 21:19:22,0
승안,UNKNOWN,2026-03-23 21:19:22,0
회일,UNKNOWN,2026-03-23 21:19:22,0
Requiem,UNKNOWN,2026-03-23 21:19:22,0
미역냉국,UNKNOWN,2026-03-23 21:19:22,0
뽀삐원령,UNKNOWN,2026-03-23 21:19:22,0
감찰,UNKNOWN,2026-03-23 21:19:22,0
김하겸,UNKNOWN,2026-03-23 21:19:22,0
후미냠냠,UNKNOWN,2026-03-23 21:19:22,0
레미노바,UNKNOWN,2026-03-23 21:19:22,0
백상협,UNKNOWN,2026-03-23 21:19:22,0
로댑,UNKNOWN,2026-03-23 21:19:22,0
파란빛잎새,UNKNOWN,2026-03-23 21:19:22,0
흑설탕,UNKNOWN,2026-03-23 21:19:22,0
히비키서방님,UNKNOWN,2026-03-23 21:19:22,0
기행순,UNKNOWN,2026-03-23 21:19:23,0
안픈,UNKNOWN,2026-03-23 21:19:23,0
라라로할고야,UNKNOWN,2026-03-23 21:19:23,0
꽃화관,UNKNOWN,2026-03-23 21:19:23,0
전령,UNKNOWN,2026-03-23 21:19:23,0
R리드데벤져,UNKNOWN,2026-03-23 21:19:23,0
시새봄,UNKNOWN,2026-03-23 21:19:23,0
달별,UNKNOWN,2026-03-23 21:19:23,0
오나나,UNKNOWN,2026-03-23 21:19:23,0
백운두운,UNKNOWN,2026-03-23 21:19:23,0
쏘카,UNKNOWN,2026-03-23 21:19:23,0
유해성,UNKNOWN,2026-03-23 21:19:23,0
임시,UNKNOWN,2026-03-23 21:19:23,0
B0SS,UNKNOWN,2026-03-23 21:19:23,0
류소울,UNKNOWN,2026-03-23 21:19:23,0
얀젤레,UNKNOWN,2026-03-23 21:19:23,0
풀패,UNKNOWN,2026-03-23 21:19:23,0
비행깅,UNKNOWN,2026-03-23 21:19:23,0
슈반,UNKNOWN,2026-03-23 21:19:23,0
경범,UNKNOWN,2026-03-23 21:19:23,0
곰녀,UNKNOWN,2026-03-23 21:19:23,0
쑤피,UNKNOWN,2026-03-23 21:19:23,0
희도,UNKNOWN,2026-03-23 21:19:23,0
이학준썬콜,UNKNOWN,2026-03-23 21:19:23,0
혜믄,UNKNOWN,2026-03-23 21:19:23,0
잉앵,UNKNOWN,2026-03-23 21:19:23,0
광양구봉산,UNKNOWN,2026-03-23 21:19:23,0
그영,UNKNOWN,2026-03-23 21:19:23,0
희야아부지,UNKNOWN,2026-03-23 21:19:23,0
박콩,UNKNOWN,2026-03-23 21:19:23,0
채매,UNKNOWN,2026-03-23 21:19:23,0
표솜,UNKNOWN,2026-03-23 21:19:23,0
T프틴,UNKNOWN,2026-03-23 21:19:23,0
signal,UNKNOWN,2026-03-23 21:19:23,0
무가하세,UNKNOWN,2026-03-23 21:19:23,0
저듦,UNKNOWN,2026-03-23 21:19:23,0
민규읨,UNKNOWN,2026-03-23 21:19:23,0
티유랑,UNKNOWN,2026-03-23 21:19:23,0
긍민,UNKNOWN,2026-03-23 21:19:23,0
태팍,UNKNOWN,2026-03-23 21:19:23,0
해미나로,UNKNOWN,2026-03-23 21:19:23,0
야행,UNKNOWN,2026-03-23 21:19:23,0
칼리킹,UNKNOWN,2026-03-23 21:19:23,0
신용,UNKNOWN,2026-03-23 21:19:23,0
자히르,UNKNOWN,2026-03-23 21:19:23,0
동졍녀,UNKNOWN,2026-03-23 21:19:23,0
생수한끼,UNKNOWN,2026-03-23 21:19:23,0
닷뮷,UNKNOWN,2026-03-23 21:19:23,0
분당,UNKNOWN,2026-03-23 21:19:23,0
똥각,UNKNOWN,2026-03-23 21:19:23,0
바셀,UNKNOWN,2026-03-23 21:19:23,0
류드안,UNKNOWN,2026-03-23 21:19:23,0
PH루팡,UNKNOWN,2026-03-23 21:19:23,0
꾜황,UNKNOWN,2026-03-23 21:19:23,0
눈덩이,UNKNOWN,2026-03-23 21:19:23,0
로랠르,UNKNOWN,2026-03-23 21:19:23,0
터진구환,UNKNOWN,2026-03-23 21:19:23,0
킹광현,UNKNOWN,2026-03-23 21:19:23,0
개화소,UNKNOWN,2026-03-23 21:19:23,0
안녕술이야,UNKNOWN,2026-03-23 21:19:23,0
무역왕환슈르,UNKNOWN,2026-03-23 21:19:24,0
표창던진다굿,UNKNOWN,2026-03-23 21:19:24,0
차별,UNKNOWN,2026-03-23 21:19:24,0
지씨,UNKNOWN,2026-03-23 21:19:24,0
칼별이삼,UNKNOWN,2026-03-23 21:19:24,0
군쥬,UNKNOWN,2026-03-23 21:19:24,0
용접,UNKNOWN,2026-03-23 21:19:24,0
SpiritSnOw,UNKNOWN,2026-03-23 21:19:24,0
HAEBBii,UNKNOWN,2026-03-23 21:19:24,0
이그밀라,UNKNOWN,2026-03-23 21:19:24,0
검성예찬,UNKNOWN,2026-03-23 21:19:24,0
아크메e쥐,UNKNOWN,2026-03-23 21:19:24,0
지웅,UNKNOWN,2026-03-23 21:19:24,0
밤하루,UNKNOWN,2026-03-23 21:19:24,0
까퓨,UNKNOWN,2026-03-23 21:19:24,0
칸초,UNKNOWN,2026-03-23 21:19:24,0
개잉주의,UNKNOWN,2026-03-23 21:19:24,0
호테쿠,UNKNOWN,2026-03-23 21:19:24,0
냥이,UNKNOWN,2026-03-23 21:19:24,0
정헌,UNKNOWN,2026-03-23 21:19:24,0
피자호빵,UNKNOWN,2026-03-23 21:19:24,0
있땅,UNKNOWN,2026-03-23 21:19:24,0
차는,UNKNOWN,2026-03-23 21:19:24,0
보야르알바,UNKNOWN,2026-03-23 21:19:24,0
Hito,UNKNOWN,2026-03-23 21:19:24,0
잊는중,UNKNOWN,2026-03-23 21:19:24,0
제갈이와헌,UNKNOWN,2026-03-23 21:19:24,0
휘안,UNKNOWN,2026-03-23 21:19:24,0
히리포터,UNKNOWN,2026-03-23 21:19:24,0
돈도댄공,UNKNOWN,2026-03-23 21:19:24,0
량니,UNKNOWN,2026-03-23 21:19:24,0
진규,UNKNOWN,2026-03-23 21:19:24,0
여탕,UNKNOWN,2026-03-23 21:19:24,0
일선에서,UNKNOWN,2026-03-23 21:19:24,0
짱구왔니,UNKNOWN,2026-03-23 21:19:24,0
달나루,UNKNOWN,2026-03-23 21:19:24,0
성경,UNKNOWN,2026-03-23 21:19:24,0
늑대아이,UNKNOWN,2026-03-23 21:19:24,0
권솔아기,UNKNOWN,2026-03-23 21:19:24,0
꾸개,UNKNOWN,2026-03-23 21:19:24,0
독전,UNKNOWN,2026-03-23 21:19:24,0
배틀리메,UNKNOWN,2026-03-23 21:19:24,0
안커,UNKNOWN,2026-03-23 21:19:24,0
귀심,UNKNOWN,2026-03-23 21:19:24,0
쿵캉,UNKNOWN,2026-03-23 21:19:24,0
뿌요와,UNKNOWN,2026-03-23 21:19:24,0
전남순천,UNKNOWN,2026-03-23 21:19:24,0
검정머중,UNKNOWN,2026-03-23 21:19:24,0
맛코,UNKNOWN,2026-03-23 21:19:24,0
썽연,UNKNOWN,2026-03-23 21:19:24,0
필패,UNKNOWN,2026-03-23 21:19:24,0
진황,UNKNOWN,2026-03-23 21:19:24,0
삼달,UNKNOWN,2026-03-23 21:19:24,0
코졈,UNKNOWN,2026-03-23 21:19:24,0
생화,UNKNOWN,2026-03-23 21:19:24,0
스나이퍼,UNKNOWN,2026-03-23 21:19:24,0
펏피,UNKNOWN,2026-03-23 21:19:24,0
무쥬,UNKNOWN,2026-03-23 21:19:24,0
잘자,UNKNOWN,2026-03-23 21:19:24,0
치얼,UNKNOWN,2026-03-23 21:19:24,0
Frest,UNKNOWN,2026-03-23 21:19:24,0
루고,UNKNOWN,2026-03-23 21:19:24,0
김쮸김쮸,UNKNOWN,2026-03-23 21:19:24,0
발솨,UNKNOWN,2026-03-23 21:19:25,0
파윤,UNKNOWN,2026-03-23 21:19:25,0
두미래,UNKNOWN,2026-03-23 21:19:25,0
저를믿어요,UNKNOWN,2026-03-23 21:19:25,0
저항군라이프,UNKNOWN,2026-03-23 21:19:25,0
폼리토리,UNKNOWN,2026-03-23 21:19:25,0
rnjsxotjd5,UNKNOWN,2026-03-23 21:19:25,0
Bale,UNKNOWN,2026-03-23 21:19:25,0
도스마가라,UNKNOWN,2026-03-23 21:19:25,0
PAsel,UNKNOWN,2026-03-23 21:19:25,0
저별좀봐,UNKNOWN,2026-03-23 21:19:25,0
세셈,UNKNOWN,2026-03-23 21:19:25,0
분식,UNKNOWN,2026-03-23 21:19:25,0
삐톨,UNKNOWN,2026-03-23 21:19:25,0
검천,UNKNOWN,2026-03-23 21:19:25,0
학자,UNKNOWN,2026-03-23 21:19:25,0
중붕,UNKNOWN,2026-03-23 21:19:25,0
천왕성,UNKNOWN,2026-03-23 21:19:25,0
나로뀨히,UNKNOWN,2026-03-23 21:19:25,0
뽀소두,UNKNOWN,2026-03-23 21:19:25,0
검출,UNKNOWN,2026-03-23 21:19:25,0
또잼,UNKNOWN,2026-03-23 21:19:25,0
부은교,UNKNOWN,2026-03-23 21:19:25,0
유이쿠카,UNKNOWN,2026-03-23 21:19:25,0
무빙매터,UNKNOWN,2026-03-23 21:19:25,0
누구세요,UNKNOWN,2026-03-23 21:19:25,0
조예빈,UNKNOWN,2026-03-23 21:19:25,0
뗘현,UNKNOWN,2026-03-23 21:19:25,0
혜준,UNKNOWN,2026-03-23 21:19:25,0
푸욜,UNKNOWN,2026-03-23 21:19:25,0
여쁑,UNKNOWN,2026-03-23 21:19:25,0
조림,UNKNOWN,2026-03-23 21:19:25,0
숍예,UNKNOWN,2026-03-23 21:19:25,0
초오파야,UNKNOWN,2026-03-23 21:19:25,0
카데나입니다,UNKNOWN,2026-03-23 21:19:25,0
쇼기,UNKNOWN,2026-03-23 21:19:25,0
유투버,UNKNOWN,2026-03-23 21:19:25,0
진예,UNKNOWN,2026-03-23 21:19:25,0
충멸,UNKNOWN,2026-03-23 21:19:25,0
번개숑숑이,UNKNOWN,2026-03-23 21:19:25,0
이승준,UNKNOWN,2026-03-23 21:19:25,0
장지,UNKNOWN,2026-03-23 21:19:25,0
래기,UNKNOWN,2026-03-23 21:19:25,0
렌원챔입니다,UNKNOWN,2026-03-23 21:19:25,0
혀로쓱,UNKNOWN,2026-03-23 21:19:25,0
고터,UNKNOWN,2026-03-23 21:19:25,0
뜨드빈,UNKNOWN,2026-03-23 21:19:25,0
연도화지,UNKNOWN,2026-03-23 21:19:25,0
감이,UNKNOWN,2026-03-23 21:19:25,0
일석이조,UNKNOWN,2026-03-23 21:19:25,0
또우미,UNKNOWN,2026-03-23 21:19:25,0
언제칠까,UNKNOWN,2026-03-23 21:19:25,0
뉴마겸,UNKNOWN,2026-03-23 21:19:25,0
여블리몽,UNKNOWN,2026-03-23 21:19:25,0
츠섕,UNKNOWN,2026-03-23 21:19:25,0
똔묘,UNKNOWN,2026-03-23 21:19:25,0
세아오,UNKNOWN,2026-03-23 21:19:25,0
혀니,UNKNOWN,2026-03-23 21:19:25,0
타이슨,UNKNOWN,2026-03-23 21:19:25,0
크커,UNKNOWN,2026-03-23 21:19:25,0
히쉬,UNKNOWN,2026-03-23 21:19:25,0
힐소베리,UNKNOWN,2026-03-23 21:19:25,0
래매,UNKNOWN,2026-03-23 21:19:26,0
레누썽,UNKNOWN,2026-03-23 21:19:26,0
우렁,UNKNOWN,2026-03-23 21:19:26,0
패시브,UNKNOWN,2026-03-23 21:19:26,0
치장,UNKNOWN,2026-03-23 21:19:26,0
버선,UNKNOWN,2026-03-23 21:19:26,0
공룡란,UNKNOWN,2026-03-23 21:19:26,0
득도,UNKNOWN,2026-03-23 21:19:26,0
비껍,UNKNOWN,2026-03-23 21:19:26,0
메밀묵,UNKNOWN,2026-03-23 21:19:26,0
처뮤,UNKNOWN,2026-03-23 21:19:26,0
메소지원,UNKNOWN,2026-03-23 21:19:26,0
임박,UNKNOWN,2026-03-23 21:19:26,0
유팅,UNKNOWN,2026-03-23 21:19:26,0
탄피의악마,UNKNOWN,2026-03-23 21:19:26,0
베더,UNKNOWN,2026-03-23 21:19:26,0
재재,UNKNOWN,2026-03-23 21:19:26,0
아주,UNKNOWN,2026-03-23 21:19:26,0
소심,UNKNOWN,2026-03-23 21:19:26,0
눈아,UNKNOWN,2026-03-23 21:19:26,0
쵸강,UNKNOWN,2026-03-23 21:19:26,0
후니루밍,UNKNOWN,2026-03-23 21:19:26,0
탄닷,UNKNOWN,2026-03-23 21:19:26,0
엘야크샤,UNKNOWN,2026-03-23 21:19:26,0
타얀,UNKNOWN,2026-03-23 21:19:26,0
미토,UNKNOWN,2026-03-23 21:19:26,0
뜨동,UNKNOWN,2026-03-23 21:19:26,0
담보곰,UNKNOWN,2026-03-23 21:19:26,0
염시진,UNKNOWN,2026-03-23 21:19:26,0
쿼카,UNKNOWN,2026-03-23 21:19:26,0
얀든든,UNKNOWN,2026-03-23 21:19:26,0
죽빵,UNKNOWN,2026-03-23 21:19:26,0
욱브,UNKNOWN,2026-03-23 21:19:26,0
행복한여우,UNKNOWN,2026-03-23 21:19:26,0
인섭큔,UNKNOWN,2026-03-23 21:19:26,0
범윤아,UNKNOWN,2026-03-23 21:19:26,0
완드,UNKNOWN,2026-03-23 21:19:26,0
오레하,UNKNOWN,2026-03-23 21:19:26,0
Hardware,UNKNOWN,2026-03-23 21:19:26,0
진핑쌈무,UNKNOWN,2026-03-23 21:19:26,0
섬뜩한바지,UNKNOWN,2026-03-23 21:19:26,0
ArcMelody,UNKNOWN,2026-03-23 21:19:26,0
버zzz,UNKNOWN,2026-03-23 21:19:26,0
엄살문,UNKNOWN,2026-03-23 21:19:26,0
데편,UNKNOWN,2026-03-23 21:19:26,0
돈빠,UNKNOWN,2026-03-23 21:19:26,0
계월,UNKNOWN,2026-03-23 21:19:26,0
쌉진혁,UNKNOWN,2026-03-23 21:19:26,0
체셔I,UNKNOWN,2026-03-23 21:19:26,0
키티,UNKNOWN,2026-03-23 21:19:26,0
집권,UNKNOWN,2026-03-23 21:19:26,0
큐우밍,UNKNOWN,2026-03-23 21:19:26,0
쯔벵,UNKNOWN,2026-03-23 21:19:26,0
꼬꼬숍숍,UNKNOWN,2026-03-23 21:19:26,0
단판승,UNKNOWN,2026-03-23 21:19:26,0
윈드모름,UNKNOWN,2026-03-23 21:19:26,0
시귤,UNKNOWN,2026-03-23 21:19:26,0
디블런,UNKNOWN,2026-03-23 21:19:26,0
감각적인극딜,UNKNOWN,2026-03-23 21:19:26,0
극부,UNKNOWN,2026-03-23 21:19:26,0
쥰선,UNKNOWN,2026-03-23 21:19:26,0
Matia,UNKNOWN,2026-03-23 21:19:26,0
아리사,UNKNOWN,2026-03-23 21:19:26,0
세미쟝,UNKNOWN,2026-03-23 21:19:26,0
감춤,UNKNOWN,2026-03-23 21:19:26,0
사우디안,UNKNOWN,2026-03-23 21:19:26,0
빳줄,UNKNOWN,2026-03-23 21:19:26,0
개무식,UNKNOWN,2026-03-23 21:19:26,0
큰승자칼리,UNKNOWN,2026-03-23 21:19:27,0
돈상,UNKNOWN,2026-03-23 21:19:27,0
화로디,UNKNOWN,2026-03-23 21:19:27,0
보우마쓰터,UNKNOWN,2026-03-23 21:19:27,0
싹쟁,UNKNOWN,2026-03-23 21:19:27,0
도우,UNKNOWN,2026-03-23 21:19:27,0
이중근호,UNKNOWN,2026-03-23 21:19:27,0
단규좌,UNKNOWN,2026-03-23 21:19:27,0
위라랑,UNKNOWN,2026-03-23 21:19:27,0
JB수학,UNKNOWN,2026-03-23 21:19:27,0
자잎,UNKNOWN,2026-03-23 21:19:27,0
성녀의이야기,UNKNOWN,2026-03-23 21:19:27,0
소마의뻥튀기,UNKNOWN,2026-03-23 21:19:27,0
곰젬,UNKNOWN,2026-03-23 21:19:27,0
전말,UNKNOWN,2026-03-23 21:19:27,0
메찐,UNKNOWN,2026-03-23 21:19:27,0
충컨,UNKNOWN,2026-03-23 21:19:27,0
성현인,UNKNOWN,2026-03-23 21:19:27,0
여우들,UNKNOWN,2026-03-23 21:19:27,0
짬탕,UNKNOWN,2026-03-23 21:19:27,0
리곰미르,UNKNOWN,2026-03-23 21:19:27,0
닌닝팬텀,UNKNOWN,2026-03-23 21:19:27,0
네모난종이,UNKNOWN,2026-03-23 21:19:27,0
윈브뭐,UNKNOWN,2026-03-23 21:19:27,0
뇌곡,UNKNOWN,2026-03-23 21:19:27,0
김세창,UNKNOWN,2026-03-23 21:19:27,0
teria퍼플,UNKNOWN,2026-03-23 21:19:27,0
포트거스동진,UNKNOWN,2026-03-23 21:19:27,0
컴뱃,UNKNOWN,2026-03-23 21:19:27,0
이주년,UNKNOWN,2026-03-23 21:19:27,0
꼬망스,UNKNOWN,2026-03-23 21:19:27,0
깃로,UNKNOWN,2026-03-23 21:19:27,0
경수,UNKNOWN,2026-03-23 21:19:27,0
번붕,UNKNOWN,2026-03-23 21:19:27,0
개티,UNKNOWN,2026-03-23 21:19:27,0
불태양,UNKNOWN,2026-03-23 21:19:27,0
2학년교대생,UNKNOWN,2026-03-23 21:19:27,0
삐욥,UNKNOWN,2026-03-23 21:19:27,0
Coding,UNKNOWN,2026-03-23 21:19:27,0
앙승짱,UNKNOWN,2026-03-23 21:19:27,0
예티잇,UNKNOWN,2026-03-23 21:19:27,0
퍼플퍼펫,UNKNOWN,2026-03-23 21:19:27,0
엉진,UNKNOWN,2026-03-23 21:19:27,0
잠아,UNKNOWN,2026-03-23 21:19:27,0
투큐,UNKNOWN,2026-03-23 21:19:27,0
개매,UNKNOWN,2026-03-23 21:19:27,0
카트밥퍼,UNKNOWN,2026-03-23 21:19:27,0
델헤,UNKNOWN,2026-03-23 21:19:27,0
마오팬,UNKNOWN,2026-03-23 21:19:27,0
창과현,UNKNOWN,2026-03-23 21:19:27,0
걸렁,UNKNOWN,2026-03-23 21:19:27,0
사크연,UNKNOWN,2026-03-23 21:19:27,0
여행을좋아해,UNKNOWN,2026-03-23 21:19:27,0
쌀좀요,UNKNOWN,2026-03-23 21:19:27,0
차로하,UNKNOWN,2026-03-23 21:19:27,0
김재호,UNKNOWN,2026-03-23 21:19:27,0
갬플램크,UNKNOWN,2026-03-23 21:19:27,0
오백원,UNKNOWN,2026-03-23 21:19:27,0
팔꿉치,UNKNOWN,2026-03-23 21:19:27,0
쭈벙,UNKNOWN,2026-03-23 21:19:27,0
짱칫,UNKNOWN,2026-03-23 21:19:27,0
또래,UNKNOWN,2026-03-23 21:19:27,0
호랑히,UNKNOWN,2026-03-23 21:19:27,0
웃고행복하게,UNKNOWN,2026-03-23 21:19:27,0
류선생님,UNKNOWN,2026-03-23 21:19:27,0
명염,UNKNOWN,2026-03-23 21:19:28,0
멈칫,UNKNOWN,2026-03-23 21:19:28,0
맹송,UNKNOWN,2026-03-23 21:19:28,0
쇗쿨,UNKNOWN,2026-03-23 21:19:28,0
케레디온,UNKNOWN,2026-03-23 21:19:28,0
김중앙,UNKNOWN,2026-03-23 21:19:28,0
메르사랑,UNKNOWN,2026-03-23 21:19:28,0
쿠쓰찌,UNKNOWN,2026-03-23 21:19:28,0
래연,UNKNOWN,2026-03-23 21:19:28,0
진짜나쁜배메,UNKNOWN,2026-03-23 21:19:28,0
흐쓰,UNKNOWN,2026-03-23 21:19:28,0
일등,UNKNOWN,2026-03-23 21:19:28,0
STR1K6R,UNKNOWN,2026-03-23 21:19:28,0
케캐,UNKNOWN,2026-03-23 21:19:28,0
격화,UNKNOWN,2026-03-23 21:19:28,0
푸큐,UNKNOWN,2026-03-23 21:19:28,0
찬누,UNKNOWN,2026-03-23 21:19:28,0
v리얼슈터v,UNKNOWN,2026-03-23 21:19:28,0
포근한밤이야,UNKNOWN,2026-03-23 21:19:28,0
베오매,UNKNOWN,2026-03-23 21:19:28,0
유동환,UNKNOWN,2026-03-23 21:19:28,0
영미업,UNKNOWN,2026-03-23 21:19:28,0
김세형,UNKNOWN,2026-03-23 21:19:28,0
도둑꿈,UNKNOWN,2026-03-23 21:19:28,0
사코,UNKNOWN,2026-03-23 21:19:28,0
손세나,UNKNOWN,2026-03-23 21:19:28,0
주땍,UNKNOWN,2026-03-23 21:19:28,0
달혼,UNKNOWN,2026-03-23 21:19:28,0
졸잼,UNKNOWN,2026-03-23 21:19:28,0
블래VI,UNKNOWN,2026-03-23 21:19:28,0
또삐,UNKNOWN,2026-03-23 21:19:28,0
혜다,UNKNOWN,2026-03-23 21:19:28,0
헤듀,UNKNOWN,2026-03-23 21:19:28,0
Zywny,UNKNOWN,2026-03-23 21:19:28,0
유아인,UNKNOWN,2026-03-23 21:19:28,0
Hoyoung,UNKNOWN,2026-03-23 21:19:28,0
듈딩,UNKNOWN,2026-03-23 21:19:28,0
27살김성민,UNKNOWN,2026-03-23 21:19:28,0
러브앤버그,UNKNOWN,2026-03-23 21:19:28,0
청도한솥,UNKNOWN,2026-03-23 21:19:28,0
덕고미콩,UNKNOWN,2026-03-23 21:19:28,0
2게머선일29,UNKNOWN,2026-03-23 21:19:28,0
로너,UNKNOWN,2026-03-23 21:19:28,0
해그위드,UNKNOWN,2026-03-23 21:19:28,0
테레사로렌샤,UNKNOWN,2026-03-23 21:19:28,0
옹기포항,UNKNOWN,2026-03-23 21:19:28,0
급양,UNKNOWN,2026-03-23 21:19:28,0
그래야지,UNKNOWN,2026-03-23 21:19:28,0
비승뀨,UNKNOWN,2026-03-23 21:19:28,0
로도스도의힘,UNKNOWN,2026-03-23 21:19:28,0
캣독,UNKNOWN,2026-03-23 21:19:28,0
도커,UNKNOWN,2026-03-23 21:19:28,0
수야단,UNKNOWN,2026-03-23 21:19:28,0
치돈,UNKNOWN,2026-03-23 21:19:28,0
츄쭈,UNKNOWN,2026-03-23 21:19:28,0
카데나접수중,UNKNOWN,2026-03-23 21:19:28,0
느밍,UNKNOWN,2026-03-23 21:19:28,0
장석환,UNKNOWN,2026-03-23 21:19:28,0
쵸팬,UNKNOWN,2026-03-23 21:19:28,0
넥슥,UNKNOWN,2026-03-23 21:19:28,0
쓰토치,UNKNOWN,2026-03-23 21:19:28,0
해아설,UNKNOWN,2026-03-23 21:19:28,0
Jarvan,UNKNOWN,2026-03-23 21:19:28,0
킬까님,UNKNOWN,2026-03-23 21:19:28,0
KRper,UNKNOWN,2026-03-23 21:19:28,0
비자밤,UNKNOWN,2026-03-23 21:19:29,0
니상상,UNKNOWN,2026-03-23 21:19:29,0
묶참,UNKNOWN,2026-03-23 21:19:29,0
우드완드,UNKNOWN,2026-03-23 21:19:29,0
던붕던붕잉,UNKNOWN,2026-03-23 21:19:29,0
완난이,UNKNOWN,2026-03-23 21:19:29,0
모하까용,UNKNOWN,2026-03-23 21:19:29,0
사기캐전문가,UNKNOWN,2026-03-23 21:19:29,0
규정규동,UNKNOWN,2026-03-23 21:19:29,0
선샌,UNKNOWN,2026-03-23 21:19:29,0
벚우,UNKNOWN,2026-03-23 21:19:29,0
트쑤,UNKNOWN,2026-03-23 21:19:29,0
츄츄미,UNKNOWN,2026-03-23 21:19:29,0
박로치,UNKNOWN,2026-03-23 21:19:29,0
편리한나로,UNKNOWN,2026-03-23 21:19:29,0
곽똥글,UNKNOWN,2026-03-23 21:19:29,0
햇날,UNKNOWN,2026-03-23 21:19:29,0
자경단,UNKNOWN,2026-03-23 21:19:29,0
꽃뱀,UNKNOWN,2026-03-23 21:19:29,0
메르좌,UNKNOWN,2026-03-23 21:19:29,0
기묘한류시,UNKNOWN,2026-03-23 21:19:29,0
송진,UNKNOWN,2026-03-23 21:19:29,0
중승,UNKNOWN,2026-03-23 21:19:29,0
마라비루,UNKNOWN,2026-03-23 21:19:29,0
짠켜,UNKNOWN,2026-03-23 21:19:29,0
풀메,UNKNOWN,2026-03-23 21:19:29,0
변신포션,UNKNOWN,2026-03-23 21:19:29,0
이불밑,UNKNOWN,2026-03-23 21:19:29,0
연금,UNKNOWN,2026-03-23 21:19:29,0
쿄오무,UNKNOWN,2026-03-23 21:19:29,0
천귿,UNKNOWN,2026-03-23 21:19:29,0
Minsu,UNKNOWN,2026-03-23 21:19:29,0
크밍,UNKNOWN,2026-03-23 21:19:29,0
릴키,UNKNOWN,2026-03-23 21:19:29,0
이나경S2,UNKNOWN,2026-03-23 21:19:29,0
티라메리,UNKNOWN,2026-03-23 21:19:29,0
두근해,UNKNOWN,2026-03-23 21:19:29,0
곽혁건,UNKNOWN,2026-03-23 21:19:29,0
갸나비,UNKNOWN,2026-03-23 21:19:29,0
댓카,UNKNOWN,2026-03-23 21:19:29,0
수캬,UNKNOWN,2026-03-23 21:19:29,0
잎가시,UNKNOWN,2026-03-23 21:19:29,0
근논질,UNKNOWN,2026-03-23 21:19:29,0
캡추,UNKNOWN,2026-03-23 21:19:29,0
나는라라,UNKNOWN,2026-03-23 21:19:29,0
지렁,UNKNOWN,2026-03-23 21:19:29,0
사냥율,UNKNOWN,2026-03-23 21:19:29,0
리루이,UNKNOWN,2026-03-23 21:19:29,0
옐로,UNKNOWN,2026-03-23 21:19:29,0
어팅,UNKNOWN,2026-03-23 21:19:29,0
몬스터볼,UNKNOWN,2026-03-23 21:19:29,0
타코부리토,UNKNOWN,2026-03-23 21:19:29,0
재혼,UNKNOWN,2026-03-23 21:19:29,0
발초,UNKNOWN,2026-03-23 21:19:29,0
레트소년,UNKNOWN,2026-03-23 21:19:29,0
루베드,UNKNOWN,2026-03-23 21:19:29,0
동화신,UNKNOWN,2026-03-23 21:19:29,0
벙진,UNKNOWN,2026-03-23 21:19:29,0
주말에는특근,UNKNOWN,2026-03-23 21:19:29,0
아이쓰,UNKNOWN,2026-03-23 21:19:29,0
질고,UNKNOWN,2026-03-23 21:19:29,0
운갈치,UNKNOWN,2026-03-23 21:19:29,0
메꽁,UNKNOWN,2026-03-23 21:19:29,0
깜색,UNKNOWN,2026-03-23 21:19:29,0
Aplus,UNKNOWN,2026-03-23 21:19:30,0
봉다리팡팡,UNKNOWN,2026-03-23 21:19:30,0
소떡,UNKNOWN,2026-03-23 21:19:30,0
입롤터는상현,UNKNOWN,2026-03-23 21:19:30,0
지환,UNKNOWN,2026-03-23 21:19:30,0
코히숍,UNKNOWN,2026-03-23 21:19:30,0
갑질,UNKNOWN,2026-03-23 21:19:30,0
법지,UNKNOWN,2026-03-23 21:19:30,0
Bear,UNKNOWN,2026-03-23 21:19:30,0
라라비숍,UNKNOWN,2026-03-23 21:19:30,0
왈쿵,UNKNOWN,2026-03-23 21:19:30,0
꽃눈절,UNKNOWN,2026-03-23 21:19:30,0
노력인내정진,UNKNOWN,2026-03-23 21:19:30,0
릿샤,UNKNOWN,2026-03-23 21:19:30,0
신관,UNKNOWN,2026-03-23 21:19:30,0
길월,UNKNOWN,2026-03-23 21:19:30,0
유성권,UNKNOWN,2026-03-23 21:19:30,0
씨멘,UNKNOWN,2026-03-23 21:19:30,0
앙잉범,UNKNOWN,2026-03-23 21:19:30,0
어펙,UNKNOWN,2026-03-23 21:19:30,0
스테이씨,UNKNOWN,2026-03-23 21:19:30,0
누나화네,UNKNOWN,2026-03-23 21:19:30,0
아정아,UNKNOWN,2026-03-23 21:19:30,0
애러,UNKNOWN,2026-03-23 21:19:30,0
힐해여,UNKNOWN,2026-03-23 21:19:30,0
웃껴,UNKNOWN,2026-03-23 21:19:30,0
김옹이,UNKNOWN,2026-03-23 21:19:30,0
김지호,UNKNOWN,2026-03-23 21:19:30,0
용토림,UNKNOWN,2026-03-23 21:19:30,0
스킬다내끄임,UNKNOWN,2026-03-23 21:19:30,0
쳬최,UNKNOWN,2026-03-23 21:19:30,0
참격,UNKNOWN,2026-03-23 21:19:30,0
굴미니,UNKNOWN,2026-03-23 21:19:30,0
더티디즈,UNKNOWN,2026-03-23 21:19:30,0
우민,UNKNOWN,2026-03-23 21:19:30,0
선포히어로,UNKNOWN,2026-03-23 21:19:30,0
훈정,UNKNOWN,2026-03-23 21:19:30,0
역전의한발,UNKNOWN,2026-03-23 21:19:30,0
나비qiip,UNKNOWN,2026-03-23 21:19:30,0
마오쩌둥,UNKNOWN,2026-03-23 21:19:30,0
뚜뇨,UNKNOWN,2026-03-23 21:19:30,0
File,UNKNOWN,2026-03-23 21:19:30,0
데예,UNKNOWN,2026-03-23 21:19:30,0
탄환,UNKNOWN,2026-03-23 21:19:30,0
늚늚,UNKNOWN,2026-03-23 21:19:30,0
실카,UNKNOWN,2026-03-23 21:19:30,0
갱생한미르,UNKNOWN,2026-03-23 21:19:30,0
욤뚜,UNKNOWN,2026-03-23 21:19:30,0
배슈,UNKNOWN,2026-03-23 21:19:30,0
김떵구,UNKNOWN,2026-03-23 21:19:30,0
아지트,UNKNOWN,2026-03-23 21:19:30,0
퐁당서리,UNKNOWN,2026-03-23 21:19:30,0
뚝뚝이,UNKNOWN,2026-03-23 21:19:30,0
라디,UNKNOWN,2026-03-23 21:19:30,0
담짱,UNKNOWN,2026-03-23 21:19:30,0
들리래,UNKNOWN,2026-03-23 21:19:30,0
쵸루나,UNKNOWN,2026-03-23 21:19:30,0
닌자은지,UNKNOWN,2026-03-23 21:19:30,0
앞창,UNKNOWN,2026-03-23 21:19:30,0
꾸부,UNKNOWN,2026-03-23 21:19:30,0
홧채,UNKNOWN,2026-03-23 21:19:30,0
TSyeon,UNKNOWN,2026-03-23 21:19:30,0
규채,UNKNOWN,2026-03-23 21:19:30,0
뀨문진,UNKNOWN,2026-03-23 21:19:30,0
조크냥,UNKNOWN,2026-03-23 21:19:31,0
슴단,UNKNOWN,2026-03-23 21:19:31,0
복면텀,UNKNOWN,2026-03-23 21:19:31,0
가을날,UNKNOWN,2026-03-23 21:19:31,0
벅늅,UNKNOWN,2026-03-23 21:19:31,0
깔개임,UNKNOWN,2026-03-23 21:19:31,0
입델,UNKNOWN,2026-03-23 21:19:31,0
진윤성돼g,UNKNOWN,2026-03-23 21:19:31,0
데넌,UNKNOWN,2026-03-23 21:19:31,0
아이현엘,UNKNOWN,2026-03-23 21:19:31,0
쩐역,UNKNOWN,2026-03-23 21:19:31,0
깁픔,UNKNOWN,2026-03-23 21:19:31,0
찌넷,UNKNOWN,2026-03-23 21:19:31,0
르불,UNKNOWN,2026-03-23 21:19:31,0
백일창,UNKNOWN,2026-03-23 21:19:31,0
젬꼴,UNKNOWN,2026-03-23 21:19:31,0
총번884063,UNKNOWN,2026-03-23 21:19:31,0
톨블랑,UNKNOWN,2026-03-23 21:19:31,0
막국수먹을래,UNKNOWN,2026-03-23 21:19:31,0
라이징스타,UNKNOWN,2026-03-23 21:19:31,0
몽질,UNKNOWN,2026-03-23 21:19:31,0
노채,UNKNOWN,2026-03-23 21:19:31,0
세드,UNKNOWN,2026-03-23 21:19:31,0
리포매드,UNKNOWN,2026-03-23 21:19:31,0
엷장,UNKNOWN,2026-03-23 21:19:31,0
김칼,UNKNOWN,2026-03-23 21:19:31,0
낱개,UNKNOWN,2026-03-23 21:19:31,0
애올린엔,UNKNOWN,2026-03-23 21:19:31,0
오두현,UNKNOWN,2026-03-23 21:19:31,0
오이말아오이,UNKNOWN,2026-03-23 21:19:31,0
심심양파,UNKNOWN,2026-03-23 21:19:31,0
문딱구,UNKNOWN,2026-03-23 21:19:31,0
카래에바,UNKNOWN,2026-03-23 21:19:31,0
허세,UNKNOWN,2026-03-23 21:19:31,0
EggWa,UNKNOWN,2026-03-23 21:19:31,0
하얀눈꽃,UNKNOWN,2026-03-23 21:19:31,0
하요닝,UNKNOWN,2026-03-23 21:19:31,0
뚱맹,UNKNOWN,2026-03-23 21:19:31,0
눈탱,UNKNOWN,2026-03-23 21:19:31,0
심파,UNKNOWN,2026-03-23 21:19:31,0
KidsPartner,UNKNOWN,2026-03-23 21:19:31,0
카르시리아,UNKNOWN,2026-03-23 21:19:31,0
코코네네롱,UNKNOWN,2026-03-23 21:19:31,0
악질빡빡이12,UNKNOWN,2026-03-23 21:19:31,0
백분,UNKNOWN,2026-03-23 21:19:31,0
퍼엽,UNKNOWN,2026-03-23 21:19:31,0
십샛,UNKNOWN,2026-03-23 21:19:31,0
일징,UNKNOWN,2026-03-23 21:19:31,0
여쌍,UNKNOWN,2026-03-23 21:19:31,0
케케,UNKNOWN,2026-03-23 21:19:31,0
쥰갓,UNKNOWN,2026-03-23 21:19:31,0
특납,UNKNOWN,2026-03-23 21:19:31,0
마믹,UNKNOWN,2026-03-23 21:19:31,0
블랙푸앙이,UNKNOWN,2026-03-23 21:19:31,0
Shana,UNKNOWN,2026-03-23 21:19:31,0
매매,UNKNOWN,2026-03-23 21:19:31,0
우치다땅,UNKNOWN,2026-03-23 21:19:31,0
WANTED,UNKNOWN,2026-03-23 21:19:32,0
권밍식이,UNKNOWN,2026-03-23 21:19:32,0
장기려박사,UNKNOWN,2026-03-23 21:19:32,0
북쪽,UNKNOWN,2026-03-23 21:19:32,0
특령,UNKNOWN,2026-03-23 21:19:32,0
양이내는소리,UNKNOWN,2026-03-23 21:19:32,0
직시,UNKNOWN,2026-03-23 21:19:32,0
멸치도고기,UNKNOWN,2026-03-23 21:19:32,0
어너,UNKNOWN,2026-03-23 21:19:32,0
제너,UNKNOWN,2026-03-23 21:19:32,0
닝챈,UNKNOWN,2026-03-23 21:19:32,0
민삼,UNKNOWN,2026-03-23 21:19:32,0
베헷,UNKNOWN,2026-03-23 21:19:32,0
열애적,UNKNOWN,2026-03-23 21:19:32,0
투혈,UNKNOWN,2026-03-23 21:19:32,0
소곡,UNKNOWN,2026-03-23 21:19:32,0
메이팬하,UNKNOWN,2026-03-23 21:19:32,0
나는배,UNKNOWN,2026-03-23 21:19:32,0
카일,UNKNOWN,2026-03-23 21:19:32,0
대박아란,UNKNOWN,2026-03-23 21:19:32,0
Kirasaka,UNKNOWN,2026-03-23 21:19:32,0
삼삼삼,UNKNOWN,2026-03-23 21:19:32,0
터차,UNKNOWN,2026-03-23 21:19:32,0
김선율,UNKNOWN,2026-03-23 21:19:32,0
피시방,UNKNOWN,2026-03-23 21:19:32,0
귤이,UNKNOWN,2026-03-23 21:19:32,0
병살,UNKNOWN,2026-03-23 21:19:32,0
김태준,UNKNOWN,2026-03-23 21:19:32,0
히내,UNKNOWN,2026-03-23 21:19:32,0
낙주두무,UNKNOWN,2026-03-23 21:19:32,0
으아악니게로,UNKNOWN,2026-03-23 21:19:32,0
묘미민,UNKNOWN,2026-03-23 21:19:32,0
전사하늘용,UNKNOWN,2026-03-23 21:19:32,0
광어초밥,UNKNOWN,2026-03-23 21:19:32,0
학내,UNKNOWN,2026-03-23 21:19:32,0
대머리야끼,UNKNOWN,2026-03-23 21:19:32,0
난꿀,UNKNOWN,2026-03-23 21:19:32,0
설아양,UNKNOWN,2026-03-23 21:19:32,0
여울이숍,UNKNOWN,2026-03-23 21:19:32,0
탬화,UNKNOWN,2026-03-23 21:19:32,0
디스트로이어,UNKNOWN,2026-03-23 21:19:32,0
전당,UNKNOWN,2026-03-23 21:19:32,0
홈폐이지,UNKNOWN,2026-03-23 21:19:32,0
녹갑,UNKNOWN,2026-03-23 21:19:32,0
Zoshe,UNKNOWN,2026-03-23 21:19:32,0
메루메루비숍,UNKNOWN,2026-03-23 21:19:32,0
마이쭈,UNKNOWN,2026-03-23 21:19:32,0
검쟁,UNKNOWN,2026-03-23 21:19:32,0
최쓩,UNKNOWN,2026-03-23 21:19:32,0
삿도,UNKNOWN,2026-03-23 21:19:32,0
티리온,UNKNOWN,2026-03-23 21:19:32,0
대야,UNKNOWN,2026-03-23 21:19:32,0
혜슝,UNKNOWN,2026-03-23 21:19:32,0
만기말꼬띠,UNKNOWN,2026-03-23 21:19:32,0
뉴역,UNKNOWN,2026-03-23 21:19:32,0
미코링,UNKNOWN,2026-03-23 21:19:32,0
차크리라,UNKNOWN,2026-03-23 21:19:32,0
꿍까츄,UNKNOWN,2026-03-23 21:19:32,0
태셩,UNKNOWN,2026-03-23 21:19:32,0
그냥,UNKNOWN,2026-03-23 21:19:32,0
무적가자미,UNKNOWN,2026-03-23 21:19:33,0
뉘집티어,UNKNOWN,2026-03-23 21:19:33,0
TRSeraph,UNKNOWN,2026-03-23 21:19:33,0
예스연수원,UNKNOWN,2026-03-23 21:19:33,0
방구석수장,UNKNOWN,2026-03-23 21:19:33,0
미덱,UNKNOWN,2026-03-23 21:19:33,0
베아루델,UNKNOWN,2026-03-23 21:19:33,0
달빛,UNKNOWN,2026-03-23 21:19:33,0
망지D,UNKNOWN,2026-03-23 21:19:33,0
샤지,UNKNOWN,2026-03-23 21:19:33,0
히렌꿍,UNKNOWN,2026-03-23 21:19:33,0
현질겜히어로,UNKNOWN,2026-03-23 21:19:33,0
여블리표,UNKNOWN,2026-03-23 21:19:33,0
다이,UNKNOWN,2026-03-23 21:19:33,0
티융,UNKNOWN,2026-03-23 21:19:33,0
과징,UNKNOWN,2026-03-23 21:19:33,0
짝당,UNKNOWN,2026-03-23 21:19:33,0
삥보,UNKNOWN,2026-03-23 21:19:33,0
언바,UNKNOWN,2026-03-23 21:19:33,0
데프콘,UNKNOWN,2026-03-23 21:19:33,0
부캐론,UNKNOWN,2026-03-23 21:19:33,0
웃플,UNKNOWN,2026-03-23 21:19:33,0
숑빕,UNKNOWN,2026-03-23 21:19:33,0
보랑소마v,UNKNOWN,2026-03-23 21:19:33,0
내닉은여섯자,UNKNOWN,2026-03-23 21:19:33,0
팬텀폐잉,UNKNOWN,2026-03-23 21:19:33,0
김팡산,UNKNOWN,2026-03-23 21:19:33,0
굽네치킨도둑,UNKNOWN,2026-03-23 21:19:33,0
억메함,UNKNOWN,2026-03-23 21:19:33,0
llShy,UNKNOWN,2026-03-23 21:19:33,0
최뚜,UNKNOWN,2026-03-23 21:19:33,0
강돌02,UNKNOWN,2026-03-23 21:19:33,0
보양,UNKNOWN,2026-03-23 21:19:33,0
아니닫,UNKNOWN,2026-03-23 21:19:33,0
뉴욕치즈,UNKNOWN,2026-03-23 21:19:33,0
패풍,UNKNOWN,2026-03-23 21:19:33,0
치즈토끼,UNKNOWN,2026-03-23 21:19:33,0
쿨텀,UNKNOWN,2026-03-23 21:19:33,0
AUREKA,UNKNOWN,2026-03-23 21:19:33,0
해인다인,UNKNOWN,2026-03-23 21:19:33,0
스딱듀블,UNKNOWN,2026-03-23 21:19:33,0
치유팩,UNKNOWN,2026-03-23 21:19:33,0
슈슉,UNKNOWN,2026-03-23 21:19:33,0
루하,UNKNOWN,2026-03-23 21:19:33,0
서글이,UNKNOWN,2026-03-23 21:19:33,0
암울하당,UNKNOWN,2026-03-23 21:19:33,0
준서,UNKNOWN,2026-03-23 21:19:33,0
리페투,UNKNOWN,2026-03-23 21:19:33,0
누아,UNKNOWN,2026-03-23 21:19:33,0
무신코퀴토스,UNKNOWN,2026-03-23 21:19:33,0
채규,UNKNOWN,2026-03-23 21:19:33,0
고려장,UNKNOWN,2026-03-23 21:19:33,0
넷헴,UNKNOWN,2026-03-23 21:19:33,0
비울이,UNKNOWN,2026-03-23 21:19:33,0
Muve,UNKNOWN,2026-03-23 21:19:33,0
키아o,UNKNOWN,2026-03-23 21:19:33,0
렘온,UNKNOWN,2026-03-23 21:19:33,0
칠직이1,UNKNOWN,2026-03-23 21:19:33,0
븜지수,UNKNOWN,2026-03-23 21:19:33,0
굶주린,UNKNOWN,2026-03-23 21:19:33,0
전사렌쿤,UNKNOWN,2026-03-23 21:19:33,0
생츄,UNKNOWN,2026-03-23 21:19:33,0
멜리블룸,UNKNOWN,2026-03-23 21:19:33,0
잊은,UNKNOWN,2026-03-23 21:19:33,0
칩스,UNKNOWN,2026-03-23 21:19:33,0
몽마루시드,UNKNOWN,2026-03-23 21:19:33,0
설리,UNKNOWN,2026-03-23 21:19:33,0
개껌,UNKNOWN,2026-03-23 21:19:33,0
무금,UNKNOWN,2026-03-23 21:19:33,0
알쑨,UNKNOWN,2026-03-23 21:19:33,0
신풀,UNKNOWN,2026-03-23 21:19:33,0
안녕호두찡,UNKNOWN,2026-03-23 21:19:34,0
네오네소마,UNKNOWN,2026-03-23 21:19:34,0
빙그리니,UNKNOWN,2026-03-23 21:19:34,0
육극,UNKNOWN,2026-03-23 21:19:34,0
탈영풍인,UNKNOWN,2026-03-23 21:19:34,0
황진아,UNKNOWN,2026-03-23 21:19:34,0
늘겨울,UNKNOWN,2026-03-23 21:19:34,0
시너지도둑놈,UNKNOWN,2026-03-23 21:19:34,0
복실북실,UNKNOWN,2026-03-23 21:19:34,0
곰텅,UNKNOWN,2026-03-23 21:19:34,0
미미디디,UNKNOWN,2026-03-23 21:19:34,0
탑기팡,UNKNOWN,2026-03-23 21:19:34,0
삽살준,UNKNOWN,2026-03-23 21:19:34,0
한마음만,UNKNOWN,2026-03-23 21:19:34,0
엘성,UNKNOWN,2026-03-23 21:19:34,0
로맥,UNKNOWN,2026-03-23 21:19:34,0
SONIC,UNKNOWN,2026-03-23 21:19:34,0
연녀,UNKNOWN,2026-03-23 21:19:34,0
때창이,UNKNOWN,2026-03-23 21:19:34,0
채멍꿀,UNKNOWN,2026-03-23 21:19:34,0
10일차메린이,UNKNOWN,2026-03-23 21:19:34,0
알덕,UNKNOWN,2026-03-23 21:19:34,0
화상별,UNKNOWN,2026-03-23 21:19:34,0
밸키,UNKNOWN,2026-03-23 21:19:34,0
용산구,UNKNOWN,2026-03-23 21:19:34,0
밈별,UNKNOWN,2026-03-23 21:19:34,0
늘푸른미소,UNKNOWN,2026-03-23 21:19:34,0
해나,UNKNOWN,2026-03-23 21:19:34,0
프루리츠,UNKNOWN,2026-03-23 21:19:34,0
회피캐릭,UNKNOWN,2026-03-23 21:19:34,0
황령산대머리,UNKNOWN,2026-03-23 21:19:34,0
손밍콩,UNKNOWN,2026-03-23 21:19:34,0
얘우개,UNKNOWN,2026-03-23 21:19:34,0
베홱,UNKNOWN,2026-03-23 21:19:34,0
독트,UNKNOWN,2026-03-23 21:19:34,0
메멀,UNKNOWN,2026-03-23 21:19:34,0
쿵빡,UNKNOWN,2026-03-23 21:19:34,0
성북구경찰서,UNKNOWN,2026-03-23 21:19:34,0
음주,UNKNOWN,2026-03-23 21:19:34,0
매콤만두라면,UNKNOWN,2026-03-23 21:19:34,0
띠내,UNKNOWN,2026-03-23 21:19:34,0
친손녀,UNKNOWN,2026-03-23 21:19:34,0
전연,UNKNOWN,2026-03-23 21:19:34,0
하이드,UNKNOWN,2026-03-23 21:19:34,0
딸깍하는토끼,UNKNOWN,2026-03-23 21:19:34,0
비투잉,UNKNOWN,2026-03-23 21:19:34,0
향기롭죠,UNKNOWN,2026-03-23 21:19:34,0
다류,UNKNOWN,2026-03-23 21:19:34,0
나윤톨,UNKNOWN,2026-03-23 21:19:34,0
일후,UNKNOWN,2026-03-23 21:19:34,0
낫퐁,UNKNOWN,2026-03-23 21:19:34,0
쏘여이v,UNKNOWN,2026-03-23 21:19:34,0
메드밥퍼,UNKNOWN,2026-03-23 21:19:34,0
슈팅쿠마,UNKNOWN,2026-03-23 21:19:34,0
렌영v,UNKNOWN,2026-03-23 21:19:34,0
Suho,UNKNOWN,2026-03-23 21:19:34,0
하늘story,UNKNOWN,2026-03-23 21:19:34,0
지꾸델,UNKNOWN,2026-03-23 21:19:34,0
봉남,UNKNOWN,2026-03-23 21:19:34,0
돼지감자,UNKNOWN,2026-03-23 21:19:34,0
머쯤,UNKNOWN,2026-03-23 21:19:34,0
지욱렌,UNKNOWN,2026-03-23 21:19:34,0
승리의랜더스,UNKNOWN,2026-03-23 21:19:34,0
스이,UNKNOWN,2026-03-23 21:19:34,0
넹하하,UNKNOWN,2026-03-23 21:19:35,0
룩텀,UNKNOWN,2026-03-23 21:19:35,0
미잉겸,UNKNOWN,2026-03-23 21:19:35,0
불독에랑,UNKNOWN,2026-03-23 21:19:35,0
맥컷,UNKNOWN,2026-03-23 21:19:35,0
프와른,UNKNOWN,2026-03-23 21:19:35,0
바귄,UNKNOWN,2026-03-23 21:19:35,0
콩주,UNKNOWN,2026-03-23 21:19:35,0
설레어,UNKNOWN,2026-03-23 21:19:35,0
메로나rs,UNKNOWN,2026-03-23 21:19:35,0
햇파랑,UNKNOWN,2026-03-23 21:19:35,0
거맙지,UNKNOWN,2026-03-23 21:19:35,0
망취,UNKNOWN,2026-03-23 21:19:35,0
스펠렁키,UNKNOWN,2026-03-23 21:19:35,0
쟈옹,UNKNOWN,2026-03-23 21:19:35,0
코어젬스톤,UNKNOWN,2026-03-23 21:19:35,0
혜뇽,UNKNOWN,2026-03-23 21:19:35,0
멍지익,UNKNOWN,2026-03-23 21:19:35,0
태그쑤뤠기,UNKNOWN,2026-03-23 21:19:35,0
물대장,UNKNOWN,2026-03-23 21:19:35,0
켕짓고란,UNKNOWN,2026-03-23 21:19:35,0
팻퍄,UNKNOWN,2026-03-23 21:19:35,0
사르,UNKNOWN,2026-03-23 21:19:35,0
쑤앙,UNKNOWN,2026-03-23 21:19:35,0
큐평점멸평,UNKNOWN,2026-03-23 21:19:35,0
공반,UNKNOWN,2026-03-23 21:19:35,0
페후,UNKNOWN,2026-03-23 21:19:35,0
또잠,UNKNOWN,2026-03-23 21:19:35,0
토끼공룡이,UNKNOWN,2026-03-23 21:19:35,0
김우엉재,UNKNOWN,2026-03-23 21:19:35,0
탈투스,UNKNOWN,2026-03-23 21:19:35,0
재테크용임,UNKNOWN,2026-03-23 21:19:35,0
뚝덩,UNKNOWN,2026-03-23 21:19:35,0
불렙핑크,UNKNOWN,2026-03-23 21:19:35,0
음서,UNKNOWN,2026-03-23 21:19:35,0
바네토,UNKNOWN,2026-03-23 21:19:35,0
낭노,UNKNOWN,2026-03-23 21:19:35,0
디샨,UNKNOWN,2026-03-23 21:19:35,0
선배,UNKNOWN,2026-03-23 21:19:35,0
펩C곰,UNKNOWN,2026-03-23 21:19:35,0
아랍소매치기,UNKNOWN,2026-03-23 21:19:35,0
작업하다,UNKNOWN,2026-03-23 21:19:35,0
김비와,UNKNOWN,2026-03-23 21:19:35,0
인뜨로게이션,UNKNOWN,2026-03-23 21:19:35,0
백월도화,UNKNOWN,2026-03-23 21:19:35,0
Bisu듀블,UNKNOWN,2026-03-23 21:19:35,0
점시클,UNKNOWN,2026-03-23 21:19:35,0
홀심,UNKNOWN,2026-03-23 21:19:35,0
잣망,UNKNOWN,2026-03-23 21:19:35,0
레삐,UNKNOWN,2026-03-23 21:19:35,0
두룽,UNKNOWN,2026-03-23 21:19:35,0
박미베,UNKNOWN,2026-03-23 21:19:35,0
커퍼,UNKNOWN,2026-03-23 21:19:35,0
페큐,UNKNOWN,2026-03-23 21:19:35,0
곽만득45세,UNKNOWN,2026-03-23 21:19:35,0
인치쿵,UNKNOWN,2026-03-23 21:19:36,0
세리집사,UNKNOWN,2026-03-23 21:19:36,0
솝상,UNKNOWN,2026-03-23 21:19:36,0
신캐,UNKNOWN,2026-03-23 21:19:36,0
못연군,UNKNOWN,2026-03-23 21:19:36,0
울려,UNKNOWN,2026-03-23 21:19:36,0
뉴페,UNKNOWN,2026-03-23 21:19:36,0
대흉,UNKNOWN,2026-03-23 21:19:36,0
시청역,UNKNOWN,2026-03-23 21:19:36,0
우사,UNKNOWN,2026-03-23 21:19:36,0
녹차,UNKNOWN,2026-03-23 21:19:36,0
렌주이,UNKNOWN,2026-03-23 21:19:36,0
츄츄삐,UNKNOWN,2026-03-23 21:19:36,0
명경,UNKNOWN,2026-03-23 21:19:36,0
독겔,UNKNOWN,2026-03-23 21:19:36,0
파랑분식점,UNKNOWN,2026-03-23 21:19:36,0
편찬,UNKNOWN,2026-03-23 21:19:36,0
입쥴,UNKNOWN,2026-03-23 21:19:36,0
Slit,UNKNOWN,2026-03-23 21:19:36,0
톰왔,UNKNOWN,2026-03-23 21:19:36,0
잃리움,UNKNOWN,2026-03-23 21:19:36,0
슬픔봄,UNKNOWN,2026-03-23 21:19:36,0
보꾸,UNKNOWN,2026-03-23 21:19:36,0
다뀨,UNKNOWN,2026-03-23 21:19:36,0
육도,UNKNOWN,2026-03-23 21:19:36,0
단끗,UNKNOWN,2026-03-23 21:19:36,0
머라니,UNKNOWN,2026-03-23 21:19:36,0
콜블,UNKNOWN,2026-03-23 21:19:36,0
딱쿠,UNKNOWN,2026-03-23 21:19:36,0
풍선뱀장어,UNKNOWN,2026-03-23 21:19:36,0
율뽀,UNKNOWN,2026-03-23 21:19:36,0
찬란한슬픈봄,UNKNOWN,2026-03-23 21:19:36,0
밤빵밤,UNKNOWN,2026-03-23 21:19:36,0
정밍,UNKNOWN,2026-03-23 21:19:36,0
수후,UNKNOWN,2026-03-23 21:19:36,0
망령,UNKNOWN,2026-03-23 21:19:36,0
가영이,UNKNOWN,2026-03-23 21:19:36,0
Hr나로,UNKNOWN,2026-03-23 21:19:36,0
넹찌도,UNKNOWN,2026-03-23 21:19:36,0
부뿐,UNKNOWN,2026-03-23 21:19:36,0
Yamu,UNKNOWN,2026-03-23 21:19:36,0
베리앵,UNKNOWN,2026-03-23 21:19:36,0
민초녹차싫어,UNKNOWN,2026-03-23 21:19:36,0
최형,UNKNOWN,2026-03-23 21:19:36,0
심뎐,UNKNOWN,2026-03-23 21:19:36,0
세티는보마중,UNKNOWN,2026-03-23 21:19:36,0
노멀조커,UNKNOWN,2026-03-23 21:19:36,0
매지,UNKNOWN,2026-03-23 21:19:36,0
에스페라제논,UNKNOWN,2026-03-23 21:19:36,0
츄운겨울밤,UNKNOWN,2026-03-23 21:19:36,0
유성마법,UNKNOWN,2026-03-23 21:19:36,0
찍먹정현,UNKNOWN,2026-03-23 21:19:36,0
더니,UNKNOWN,2026-03-23 21:19:36,0
우와블,UNKNOWN,2026-03-23 21:19:36,0
대제,UNKNOWN,2026-03-23 21:19:36,0
조보,UNKNOWN,2026-03-23 21:19:36,0
황매아,UNKNOWN,2026-03-23 21:19:36,0
야찐임,UNKNOWN,2026-03-23 21:19:36,0
학생회장,UNKNOWN,2026-03-23 21:19:36,0
카드가능,UNKNOWN,2026-03-23 21:19:36,0
매생역전,UNKNOWN,2026-03-23 21:19:36,0
한뽀,UNKNOWN,2026-03-23 21:19:36,0
죄요,UNKNOWN,2026-03-23 21:19:36,0
사천,UNKNOWN,2026-03-23 21:19:36,0
별티쉬,UNKNOWN,2026-03-23 21:19:36,0
맹안귀,UNKNOWN,2026-03-23 21:19:36,0
롤체하는남자,UNKNOWN,2026-03-23 21:19:36,0
세동96,UNKNOWN,2026-03-23 21:19:37,0
아랫마을돌쇠,UNKNOWN,2026-03-23 21:19:37,0
해적선장,UNKNOWN,2026-03-23 21:19:37,0
꾹민,UNKNOWN,2026-03-23 21:19:37,0
춘잉,UNKNOWN,2026-03-23 21:19:37,0
밥죠,UNKNOWN,2026-03-23 21:19:37,0
원카드,UNKNOWN,2026-03-23 21:19:37,0
비뢰,UNKNOWN,2026-03-23 21:19:37,0
라베놀,UNKNOWN,2026-03-23 21:19:37,0
촛텡,UNKNOWN,2026-03-23 21:19:37,0
들꼬마,UNKNOWN,2026-03-23 21:19:37,0
컴덕구,UNKNOWN,2026-03-23 21:19:37,0
복덩,UNKNOWN,2026-03-23 21:19:37,0
이블린,UNKNOWN,2026-03-23 21:19:37,0
오렌지카라멜,UNKNOWN,2026-03-23 21:19:37,0
폼스펙터,UNKNOWN,2026-03-23 21:19:37,0
푸푹,UNKNOWN,2026-03-23 21:19:37,0
98채송,UNKNOWN,2026-03-23 21:19:37,0
소하,UNKNOWN,2026-03-23 21:19:37,0
삐숍,UNKNOWN,2026-03-23 21:19:37,0
실탄,UNKNOWN,2026-03-23 21:19:37,0
올보,UNKNOWN,2026-03-23 21:19:37,0
끽살,UNKNOWN,2026-03-23 21:19:37,0
MAIZOO,UNKNOWN,2026-03-23 21:19:37,0
가리비,UNKNOWN,2026-03-23 21:19:37,0
폭굉,UNKNOWN,2026-03-23 21:19:37,0
네멋남,UNKNOWN,2026-03-23 21:19:37,0
렌군만두,UNKNOWN,2026-03-23 21:19:37,0
봉술,UNKNOWN,2026-03-23 21:19:37,0
체인소면치기,UNKNOWN,2026-03-23 21:19:37,0
용뚠뚜,UNKNOWN,2026-03-23 21:19:37,0
잇잉,UNKNOWN,2026-03-23 21:19:37,0
화속빠따,UNKNOWN,2026-03-23 21:19:37,0
젊건활,UNKNOWN,2026-03-23 21:19:37,0
판쵸,UNKNOWN,2026-03-23 21:19:37,0
루나하치,UNKNOWN,2026-03-23 21:19:37,0
배동환,UNKNOWN,2026-03-23 21:19:37,0
임선아,UNKNOWN,2026-03-23 21:19:37,0
아붙,UNKNOWN,2026-03-23 21:19:37,0
레쿄,UNKNOWN,2026-03-23 21:19:37,0
뎌더,UNKNOWN,2026-03-23 21:19:37,0
빵디튼실소마,UNKNOWN,2026-03-23 21:19:37,0
독립,UNKNOWN,2026-03-23 21:19:37,0
옹홍킹,UNKNOWN,2026-03-23 21:19:37,0
달한,UNKNOWN,2026-03-23 21:19:37,0
껍질소년,UNKNOWN,2026-03-23 21:19:37,0
맣렌,UNKNOWN,2026-03-23 21:19:37,0
숍스럽다,UNKNOWN,2026-03-23 21:19:37,0
앵즌,UNKNOWN,2026-03-23 21:19:37,0
숍바오밥,UNKNOWN,2026-03-23 21:19:37,0
띵해욥,UNKNOWN,2026-03-23 21:19:37,0
Darwin,UNKNOWN,2026-03-23 21:19:37,0
정신력홀리,UNKNOWN,2026-03-23 21:19:37,0
선홍,UNKNOWN,2026-03-23 21:19:37,0
슈라바라,UNKNOWN,2026-03-23 21:19:37,0
김은빈,UNKNOWN,2026-03-23 21:19:37,0
퓨티히,UNKNOWN,2026-03-23 21:19:37,0
떨어진초코빵,UNKNOWN,2026-03-23 21:19:38,0
항생제,UNKNOWN,2026-03-23 21:19:38,0
양산동유격수,UNKNOWN,2026-03-23 21:19:38,0
바옐,UNKNOWN,2026-03-23 21:19:38,0
지은,UNKNOWN,2026-03-23 21:19:38,0
쌍초늬,UNKNOWN,2026-03-23 21:19:38,0
계엄령,UNKNOWN,2026-03-23 21:19:38,0
잉슈,UNKNOWN,2026-03-23 21:19:38,0
전착,UNKNOWN,2026-03-23 21:19:38,0
강지빵,UNKNOWN,2026-03-23 21:19:38,0
성꾸불독,UNKNOWN,2026-03-23 21:19:38,0
인하다윤이,UNKNOWN,2026-03-23 21:19:38,0
캐티르,UNKNOWN,2026-03-23 21:19:38,0
돌돔마라탕,UNKNOWN,2026-03-23 21:19:38,0
썽수,UNKNOWN,2026-03-23 21:19:38,0
정용수,UNKNOWN,2026-03-23 21:19:38,0
흑체,UNKNOWN,2026-03-23 21:19:38,0
쾌차,UNKNOWN,2026-03-23 21:19:38,0
하루나,UNKNOWN,2026-03-23 21:19:38,0
조씌,UNKNOWN,2026-03-23 21:19:38,0
헬케스트,UNKNOWN,2026-03-23 21:19:38,0
혜영콩,UNKNOWN,2026-03-23 21:19:38,0
빙가,UNKNOWN,2026-03-23 21:19:38,0
제르딘,UNKNOWN,2026-03-23 21:19:38,0
zero어썰터,UNKNOWN,2026-03-23 21:19:38,0
하츠녜,UNKNOWN,2026-03-23 21:19:38,0
박웡구,UNKNOWN,2026-03-23 21:19:38,0
그리스도,UNKNOWN,2026-03-23 21:19:38,0
꼇수,UNKNOWN,2026-03-23 21:19:38,0
걍텐,UNKNOWN,2026-03-23 21:19:38,0
초월한무녀,UNKNOWN,2026-03-23 21:19:38,0
더연,UNKNOWN,2026-03-23 21:19:38,0
환향,UNKNOWN,2026-03-23 21:19:38,0
코깃,UNKNOWN,2026-03-23 21:19:38,0
과궁,UNKNOWN,2026-03-23 21:19:38,0
김미누,UNKNOWN,2026-03-23 21:19:38,0
타오,UNKNOWN,2026-03-23 21:19:38,0
쿤칸,UNKNOWN,2026-03-23 21:19:38,0
썬퀴,UNKNOWN,2026-03-23 21:19:38,0
갸라도스,UNKNOWN,2026-03-23 21:19:38,0
장씨1남,UNKNOWN,2026-03-23 21:19:38,0
머옌,UNKNOWN,2026-03-23 21:19:38,0
고피,UNKNOWN,2026-03-23 21:19:38,0
탄력,UNKNOWN,2026-03-23 21:19:38,0
suchae,UNKNOWN,2026-03-23 21:19:38,0
누드비디오,UNKNOWN,2026-03-23 21:19:38,0
조빵진,UNKNOWN,2026-03-23 21:19:38,0
봐다,UNKNOWN,2026-03-23 21:19:38,0
자는아즈시,UNKNOWN,2026-03-23 21:19:38,0
등어,UNKNOWN,2026-03-23 21:19:38,0
쏜덕,UNKNOWN,2026-03-23 21:19:38,0
이윤성,UNKNOWN,2026-03-23 21:19:38,0
회색눈곰,UNKNOWN,2026-03-23 21:19:38,0
닷트비밀나로,UNKNOWN,2026-03-23 21:19:38,0
번개휴리,UNKNOWN,2026-03-23 21:19:38,0
링정혁,UNKNOWN,2026-03-23 21:19:38,0
뿌맛,UNKNOWN,2026-03-23 21:19:38,0
용화,UNKNOWN,2026-03-23 21:19:38,0
역설o,UNKNOWN,2026-03-23 21:19:38,0
규룡이,UNKNOWN,2026-03-23 21:19:38,0
창따,UNKNOWN,2026-03-23 21:19:38,0
메우,UNKNOWN,2026-03-23 21:19:38,0
리들썬,UNKNOWN,2026-03-23 21:19:38,0
딸깍꾸욱,UNKNOWN,2026-03-23 21:19:38,0
불통,UNKNOWN,2026-03-23 21:19:38,0
마겨,UNKNOWN,2026-03-23 21:19:39,0
건설,UNKNOWN,2026-03-23 21:19:39,0
꼬몰,UNKNOWN,2026-03-23 21:19:39,0
떫음,UNKNOWN,2026-03-23 21:19:39,0
세당,UNKNOWN,2026-03-23 21:19:39,0
맨슈,UNKNOWN,2026-03-23 21:19:39,0
준희,UNKNOWN,2026-03-23 21:19:39,0
형두,UNKNOWN,2026-03-23 21:19:39,0
술씨,UNKNOWN,2026-03-23 21:19:39,0
자유전자,UNKNOWN,2026-03-23 21:19:39,0
괴혜,UNKNOWN,2026-03-23 21:19:39,0
키츠,UNKNOWN,2026-03-23 21:19:39,0
뚜뚜뚜뚜윈드,UNKNOWN,2026-03-23 21:19:39,0
교황님님님님,UNKNOWN,2026-03-23 21:19:39,0
보쪼,UNKNOWN,2026-03-23 21:19:39,0
임siuuu,UNKNOWN,2026-03-23 21:19:39,0
Logic제로,UNKNOWN,2026-03-23 21:19:39,0
잠들고싶은밤,UNKNOWN,2026-03-23 21:19:39,0
츤데레,UNKNOWN,2026-03-23 21:19:39,0
안양양키,UNKNOWN,2026-03-23 21:19:39,0
백종구찌,UNKNOWN,2026-03-23 21:19:39,0
윤뽕,UNKNOWN,2026-03-23 21:19:39,0
살몬,UNKNOWN,2026-03-23 21:19:39,0
이글루,UNKNOWN,2026-03-23 21:19:39,0
호쭈,UNKNOWN,2026-03-23 21:19:39,0
한가해연s,UNKNOWN,2026-03-23 21:19:39,0
천우콩,UNKNOWN,2026-03-23 21:19:39,0
꿀귤,UNKNOWN,2026-03-23 21:19:39,0
조냉,UNKNOWN,2026-03-23 21:19:39,0
창히빵,UNKNOWN,2026-03-23 21:19:39,0
뱃슥,UNKNOWN,2026-03-23 21:19:39,0
묘묘냉,UNKNOWN,2026-03-23 21:19:39,0
이샛,UNKNOWN,2026-03-23 21:19:39,0
버프주는메브,UNKNOWN,2026-03-23 21:19:39,0
Baddy,UNKNOWN,2026-03-23 21:19:39,0
예함,UNKNOWN,2026-03-23 21:19:39,0
슬타민,UNKNOWN,2026-03-23 21:19:39,0
신컨,UNKNOWN,2026-03-23 21:19:39,0
팡딘2,UNKNOWN,2026-03-23 21:19:39,0
크림챈,UNKNOWN,2026-03-23 21:19:39,0
비비볼,UNKNOWN,2026-03-23 21:19:39,0
화류회,UNKNOWN,2026-03-23 21:19:39,0
만원만,UNKNOWN,2026-03-23 21:19:39,0
이덩듀,UNKNOWN,2026-03-23 21:19:39,0
폐황,UNKNOWN,2026-03-23 21:19:39,0
심추갓,UNKNOWN,2026-03-23 21:19:39,0
비홍련,UNKNOWN,2026-03-23 21:19:39,0
어디에도,UNKNOWN,2026-03-23 21:19:39,0
Thin,UNKNOWN,2026-03-23 21:19:39,0
하누카이,UNKNOWN,2026-03-23 21:19:39,0
스타팅,UNKNOWN,2026-03-23 21:19:39,0
스위퍼,UNKNOWN,2026-03-23 21:19:39,0
뽀듕,UNKNOWN,2026-03-23 21:19:39,0
쇼뿌,UNKNOWN,2026-03-23 21:19:39,0
열거,UNKNOWN,2026-03-23 21:19:39,0
응규우,UNKNOWN,2026-03-23 21:19:39,0
오진석,UNKNOWN,2026-03-23 21:19:39,0
양현딘,UNKNOWN,2026-03-23 21:19:39,0
린벳,UNKNOWN,2026-03-23 21:19:39,0
지혈,UNKNOWN,2026-03-23 21:19:39,0
듀블동자민,UNKNOWN,2026-03-23 21:19:39,0
봄덩,UNKNOWN,2026-03-23 21:19:39,0
쭈압,UNKNOWN,2026-03-23 21:19:40,0
불렙빙구,UNKNOWN,2026-03-23 21:19:40,0
감귤맛북극곰,UNKNOWN,2026-03-23 21:19:40,0
쭌응,UNKNOWN,2026-03-23 21:19:40,0
홍성우,UNKNOWN,2026-03-23 21:19:40,0
템먹,UNKNOWN,2026-03-23 21:19:40,0
Phantom75,UNKNOWN,2026-03-23 21:19:40,0
현동,UNKNOWN,2026-03-23 21:19:40,0
냥해인,UNKNOWN,2026-03-23 21:19:40,0
문자,UNKNOWN,2026-03-23 21:19:40,0
청초한겸지,UNKNOWN,2026-03-23 21:19:40,0
박찬성,UNKNOWN,2026-03-23 21:19:40,0
우비,UNKNOWN,2026-03-23 21:19:40,0
금빛로헨,UNKNOWN,2026-03-23 21:19:40,0
파닥님,UNKNOWN,2026-03-23 21:19:40,0
Pisoka,UNKNOWN,2026-03-23 21:19:40,0
에이스터,UNKNOWN,2026-03-23 21:19:40,0
학교,UNKNOWN,2026-03-23 21:19:40,0
용명,UNKNOWN,2026-03-23 21:19:40,0
체질,UNKNOWN,2026-03-23 21:19:40,0
맥스,UNKNOWN,2026-03-23 21:19:40,0
Hee경,UNKNOWN,2026-03-23 21:19:40,0
늙고병든진하,UNKNOWN,2026-03-23 21:19:40,0
소울워커장인,UNKNOWN,2026-03-23 21:19:40,0
쌍디,UNKNOWN,2026-03-23 21:19:40,0
절편,UNKNOWN,2026-03-23 21:19:40,0
레다,UNKNOWN,2026-03-23 21:19:40,0
더켈,UNKNOWN,2026-03-23 21:19:40,0
도늬,UNKNOWN,2026-03-23 21:19:40,0
한계,UNKNOWN,2026-03-23 21:19:40,0
눕싹,UNKNOWN,2026-03-23 21:19:40,0
돌프,UNKNOWN,2026-03-23 21:19:40,0
카내,UNKNOWN,2026-03-23 21:19:40,0
은월괘법이,UNKNOWN,2026-03-23 21:19:40,0
엔뿌,UNKNOWN,2026-03-23 21:19:40,0
훈느님,UNKNOWN,2026-03-23 21:19:40,0
블룸필드,UNKNOWN,2026-03-23 21:19:40,0
매왕,UNKNOWN,2026-03-23 21:19:40,0
패파유물,UNKNOWN,2026-03-23 21:19:40,0
BTBT,UNKNOWN,2026-03-23 21:19:40,0
재롤,UNKNOWN,2026-03-23 21:19:40,0
Smolder,UNKNOWN,2026-03-23 21:19:40,0
성괴,UNKNOWN,2026-03-23 21:19:40,0
Chaos,UNKNOWN,2026-03-23 21:19:40,0
밀리위스,UNKNOWN,2026-03-23 21:19:40,0
메어비,UNKNOWN,2026-03-23 21:19:40,0
뀨우숍,UNKNOWN,2026-03-23 21:19:40,0
우크,UNKNOWN,2026-03-23 21:19:40,0
피어,UNKNOWN,2026-03-23 21:19:40,0
아야츠노검재,UNKNOWN,2026-03-23 21:19:40,0
덕소1위,UNKNOWN,2026-03-23 21:19:40,0
로텀,UNKNOWN,2026-03-23 21:19:40,0
비밀의마을,UNKNOWN,2026-03-23 21:19:40,0
선하야,UNKNOWN,2026-03-23 21:19:40,0
허점투성,UNKNOWN,2026-03-23 21:19:40,0
아델시3,UNKNOWN,2026-03-23 21:19:40,0
Se0ngSh,UNKNOWN,2026-03-23 21:19:40,0
신매,UNKNOWN,2026-03-23 21:19:40,0
표밍,UNKNOWN,2026-03-23 21:19:40,0
모디비디,UNKNOWN,2026-03-23 21:19:40,0
낙지나롱,UNKNOWN,2026-03-23 21:19:40,0
정치가,UNKNOWN,2026-03-23 21:19:41,0
잼존,UNKNOWN,2026-03-23 21:19:41,0
해달먹은수달,UNKNOWN,2026-03-23 21:19:41,0
안산록수,UNKNOWN,2026-03-23 21:19:41,0
록연,UNKNOWN,2026-03-23 21:19:41,0
쿠래하,UNKNOWN,2026-03-23 21:19:41,0
예언서,UNKNOWN,2026-03-23 21:19:41,0
빌보드,UNKNOWN,2026-03-23 21:19:41,0
샤이아크1,UNKNOWN,2026-03-23 21:19:41,0
이받띵,UNKNOWN,2026-03-23 21:19:41,0
민민이,UNKNOWN,2026-03-23 21:19:41,0
던져,UNKNOWN,2026-03-23 21:19:41,0
떤폿,UNKNOWN,2026-03-23 21:19:41,0
허스키유치원,UNKNOWN,2026-03-23 21:19:41,0
하스터쨔응,UNKNOWN,2026-03-23 21:19:41,0
마른불독,UNKNOWN,2026-03-23 21:19:41,0
아씨시바,UNKNOWN,2026-03-23 21:19:41,0
만만이,UNKNOWN,2026-03-23 21:19:41,0
체치,UNKNOWN,2026-03-23 21:19:41,0
뉴컷,UNKNOWN,2026-03-23 21:19:41,0
연님,UNKNOWN,2026-03-23 21:19:41,0
Nagye,UNKNOWN,2026-03-23 21:19:41,0
구동동,UNKNOWN,2026-03-23 21:19:41,0
밍긔네,UNKNOWN,2026-03-23 21:19:41,0
주나박,UNKNOWN,2026-03-23 21:19:41,0
맥드,UNKNOWN,2026-03-23 21:19:41,0
상큼범고래,UNKNOWN,2026-03-23 21:19:41,0
다혜,UNKNOWN,2026-03-23 21:19:41,0
아나이,UNKNOWN,2026-03-23 21:19:41,0
지존카인,UNKNOWN,2026-03-23 21:19:41,0
구쌤,UNKNOWN,2026-03-23 21:19:41,0
매화싹,UNKNOWN,2026-03-23 21:19:41,0
으엌,UNKNOWN,2026-03-23 21:19:41,0
김나니,UNKNOWN,2026-03-23 21:19:41,0
딜리버,UNKNOWN,2026-03-23 21:19:41,0
엘펫,UNKNOWN,2026-03-23 21:19:41,0
작키다,UNKNOWN,2026-03-23 21:19:41,0
세지화보,UNKNOWN,2026-03-23 21:19:41,0
클레시트,UNKNOWN,2026-03-23 21:19:41,0
새뮤,UNKNOWN,2026-03-23 21:19:41,0
레프족,UNKNOWN,2026-03-23 21:19:41,0
로봇트,UNKNOWN,2026-03-23 21:19:41,0
루뗄팡,UNKNOWN,2026-03-23 21:19:41,0
점만띠,UNKNOWN,2026-03-23 21:19:41,0
손발,UNKNOWN,2026-03-23 21:19:41,0
하와,UNKNOWN,2026-03-23 21:19:41,0
병동,UNKNOWN,2026-03-23 21:19:41,0
뉴비이이임,UNKNOWN,2026-03-23 21:19:41,0
별뿅,UNKNOWN,2026-03-23 21:19:41,0
친절부족,UNKNOWN,2026-03-23 21:19:41,0
무적아잉눈,UNKNOWN,2026-03-23 21:19:41,0
댄스,UNKNOWN,2026-03-23 21:19:41,0
대포동라면,UNKNOWN,2026-03-23 21:19:41,0
Ar1en,UNKNOWN,2026-03-23 21:19:41,0
케낸,UNKNOWN,2026-03-23 21:19:41,0
먹정,UNKNOWN,2026-03-23 21:19:41,0
거람,UNKNOWN,2026-03-23 21:19:41,0
내편,UNKNOWN,2026-03-23 21:19:41,0
윈담,UNKNOWN,2026-03-23 21:19:41,0
끼준렌,UNKNOWN,2026-03-23 21:19:41,0
체다,UNKNOWN,2026-03-23 21:19:41,0
억매,UNKNOWN,2026-03-23 21:19:41,0
일층,UNKNOWN,2026-03-23 21:19:41,0
용림,UNKNOWN,2026-03-23 21:19:41,0
힐줘,UNKNOWN,2026-03-23 21:19:41,0
쐈따요,UNKNOWN,2026-03-23 21:19:41,0
멍듀리,UNKNOWN,2026-03-23 21:19:41,0
다목적서랍,UNKNOWN,2026-03-23 21:19:41,0
트레,UNKNOWN,2026-03-23 21:19:42,0
9칠흑,UNKNOWN,2026-03-23 21:19:42,0
뽀로루르로롱,UNKNOWN,2026-03-23 21:19:42,0
둠꿈,UNKNOWN,2026-03-23 21:19:42,0
공취법,UNKNOWN,2026-03-23 21:19:42,0
설테미,UNKNOWN,2026-03-23 21:19:42,0
화요일이에요,UNKNOWN,2026-03-23 21:19:42,0
임용힘내자,UNKNOWN,2026-03-23 21:19:42,0
길관,UNKNOWN,2026-03-23 21:19:42,0
쵸뵤방패,UNKNOWN,2026-03-23 21:19:42,0
수찐,UNKNOWN,2026-03-23 21:19:42,0
미끌미끌레몬,UNKNOWN,2026-03-23 21:19:42,0
령프릴,UNKNOWN,2026-03-23 21:19:42,0
야단남,UNKNOWN,2026-03-23 21:19:42,0
블밴찡,UNKNOWN,2026-03-23 21:19:42,0
신망,UNKNOWN,2026-03-23 21:19:42,0
뎨빌심,UNKNOWN,2026-03-23 21:19:42,0
Yesl아빠l,UNKNOWN,2026-03-23 21:19:42,0
따삼,UNKNOWN,2026-03-23 21:19:42,0
이햇이,UNKNOWN,2026-03-23 21:19:42,0
갑자생,UNKNOWN,2026-03-23 21:19:42,0
샤하,UNKNOWN,2026-03-23 21:19:42,0
허디우디,UNKNOWN,2026-03-23 21:19:42,0
낭만무사,UNKNOWN,2026-03-23 21:19:42,0
우중이당,UNKNOWN,2026-03-23 21:19:42,0
김도땡,UNKNOWN,2026-03-23 21:19:42,0
반숙겸,UNKNOWN,2026-03-23 21:19:42,0
포힝,UNKNOWN,2026-03-23 21:19:42,0
코식코식,UNKNOWN,2026-03-23 21:19:42,0
커플,UNKNOWN,2026-03-23 21:19:42,0
40대의꿈,UNKNOWN,2026-03-23 21:19:42,0
행신김슈점,UNKNOWN,2026-03-23 21:19:42,0
뽀심,UNKNOWN,2026-03-23 21:19:42,0
삼초찍,UNKNOWN,2026-03-23 21:19:42,0
야뤼,UNKNOWN,2026-03-23 21:19:42,0
토벤,UNKNOWN,2026-03-23 21:19:42,0
니쳐,UNKNOWN,2026-03-23 21:19:42,0
구공렌,UNKNOWN,2026-03-23 21:19:42,0
밥물,UNKNOWN,2026-03-23 21:19:42,0
탈의,UNKNOWN,2026-03-23 21:19:42,0
산솜,UNKNOWN,2026-03-23 21:19:42,0
딜해,UNKNOWN,2026-03-23 21:19:42,0
씨팅,UNKNOWN,2026-03-23 21:19:42,0
츠란,UNKNOWN,2026-03-23 21:19:42,0
순엘,UNKNOWN,2026-03-23 21:19:42,0
개퇴,UNKNOWN,2026-03-23 21:19:42,0
달빛슈크림,UNKNOWN,2026-03-23 21:19:42,0
쮸몽,UNKNOWN,2026-03-23 21:19:42,0
빅티,UNKNOWN,2026-03-23 21:19:42,0
기도먼,UNKNOWN,2026-03-23 21:19:42,0
돌춘,UNKNOWN,2026-03-23 21:19:42,0
엘리오더,UNKNOWN,2026-03-23 21:19:42,0
나워도유,UNKNOWN,2026-03-23 21:19:42,0
보마오잼,UNKNOWN,2026-03-23 21:19:42,0
엔마하,UNKNOWN,2026-03-23 21:19:42,0
마스터피스,UNKNOWN,2026-03-23 21:19:42,0
마왕위,UNKNOWN,2026-03-23 21:19:42,0
수한,UNKNOWN,2026-03-23 21:19:42,0
죠즈,UNKNOWN,2026-03-23 21:19:42,0
긔엽새,UNKNOWN,2026-03-23 21:19:42,0
베히모스,UNKNOWN,2026-03-23 21:19:42,0
킁님,UNKNOWN,2026-03-23 21:19:42,0
펠라이니,UNKNOWN,2026-03-23 21:19:43,0
기어임,UNKNOWN,2026-03-23 21:19:43,0
목사짱,UNKNOWN,2026-03-23 21:19:43,0
기과,UNKNOWN,2026-03-23 21:19:43,0
Taki,UNKNOWN,2026-03-23 21:19:43,0
도구렁,UNKNOWN,2026-03-23 21:19:43,0
나핫,UNKNOWN,2026-03-23 21:19:43,0
트아가,UNKNOWN,2026-03-23 21:19:43,0
차차쑤,UNKNOWN,2026-03-23 21:19:43,0
린린비숍,UNKNOWN,2026-03-23 21:19:43,0
이능,UNKNOWN,2026-03-23 21:19:43,0
혀로,UNKNOWN,2026-03-23 21:19:43,0
우뇩,UNKNOWN,2026-03-23 21:19:43,0
만득,UNKNOWN,2026-03-23 21:19:43,0
김동견이,UNKNOWN,2026-03-23 21:19:43,0
교쟝,UNKNOWN,2026-03-23 21:19:43,0
늬헛,UNKNOWN,2026-03-23 21:19:43,0
제이킴드,UNKNOWN,2026-03-23 21:19:43,0
리부트섭도적,UNKNOWN,2026-03-23 21:19:43,0
주사기,UNKNOWN,2026-03-23 21:19:43,0
뇨꼬,UNKNOWN,2026-03-23 21:19:43,0
Ghost,UNKNOWN,2026-03-23 21:19:43,0
대께델,UNKNOWN,2026-03-23 21:19:43,0
Bubal,UNKNOWN,2026-03-23 21:19:43,0
일품,UNKNOWN,2026-03-23 21:19:43,0
뗘컴,UNKNOWN,2026-03-23 21:19:43,0
앞뒤없이,UNKNOWN,2026-03-23 21:19:43,0
작은꼬비,UNKNOWN,2026-03-23 21:19:43,0
고여비,UNKNOWN,2026-03-23 21:19:43,0
냄새나는닦나,UNKNOWN,2026-03-23 21:19:43,0
채빰규,UNKNOWN,2026-03-23 21:19:43,0
독타,UNKNOWN,2026-03-23 21:19:43,0
거독이,UNKNOWN,2026-03-23 21:19:43,0
솜우쥬,UNKNOWN,2026-03-23 21:19:43,0
머권,UNKNOWN,2026-03-23 21:19:43,0
꽈당맛,UNKNOWN,2026-03-23 21:19:43,0
후엥이,UNKNOWN,2026-03-23 21:19:43,0
샤샷,UNKNOWN,2026-03-23 21:19:43,0
뇌젼,UNKNOWN,2026-03-23 21:19:43,0
코난도일,UNKNOWN,2026-03-23 21:19:43,0
로하앙,UNKNOWN,2026-03-23 21:19:43,0
쉬매셔,UNKNOWN,2026-03-23 21:19:43,0
쌍과도,UNKNOWN,2026-03-23 21:19:43,0
풍운,UNKNOWN,2026-03-23 21:19:43,0
윈드b,UNKNOWN,2026-03-23 21:19:43,0
쌍건,UNKNOWN,2026-03-23 21:19:43,0
에텔,UNKNOWN,2026-03-23 21:19:43,0
련화선녀,UNKNOWN,2026-03-23 21:19:43,0
TT소년,UNKNOWN,2026-03-23 21:19:43,0
숍지,UNKNOWN,2026-03-23 21:19:43,0
루시드,UNKNOWN,2026-03-23 21:19:43,0
독별,UNKNOWN,2026-03-23 21:19:43,0
쩡쫑,UNKNOWN,2026-03-23 21:19:44,0
WB호영,UNKNOWN,2026-03-23 21:19:44,0
쟤빵,UNKNOWN,2026-03-23 21:19:44,0
미수가루루,UNKNOWN,2026-03-23 21:19:44,0
하극상,UNKNOWN,2026-03-23 21:19:44,0
곰도리푸,UNKNOWN,2026-03-23 21:19:44,0
KAIZER,UNKNOWN,2026-03-23 21:19:44,0
새마왕,UNKNOWN,2026-03-23 21:19:44,0
추레라기사,UNKNOWN,2026-03-23 21:19:44,0
숍탑,UNKNOWN,2026-03-23 21:19:44,0
인강,UNKNOWN,2026-03-23 21:19:44,0
치공,UNKNOWN,2026-03-23 21:19:44,0
달빛비,UNKNOWN,2026-03-23 21:19:44,0
l쌘드l,UNKNOWN,2026-03-23 21:19:44,0
심팟,UNKNOWN,2026-03-23 21:19:44,0
핏더,UNKNOWN,2026-03-23 21:19:44,0
스투푸드,UNKNOWN,2026-03-23 21:19:44,0
꼬따,UNKNOWN,2026-03-23 21:19:44,0
꽃키네,UNKNOWN,2026-03-23 21:19:44,0
Iogin,UNKNOWN,2026-03-23 21:19:44,0
치요,UNKNOWN,2026-03-23 21:19:44,0
옘태,UNKNOWN,2026-03-23 21:19:44,0
용뇽,UNKNOWN,2026-03-23 21:19:44,0
말캉7,UNKNOWN,2026-03-23 21:19:44,0
신들,UNKNOWN,2026-03-23 21:19:44,0
미참,UNKNOWN,2026-03-23 21:19:44,0
NO1단정,UNKNOWN,2026-03-23 21:19:44,0
통풍환자임다,UNKNOWN,2026-03-23 21:19:44,0
이온식,UNKNOWN,2026-03-23 21:19:44,0
생깔깔,UNKNOWN,2026-03-23 21:19:44,0
밥떼기,UNKNOWN,2026-03-23 21:19:44,0
밀념,UNKNOWN,2026-03-23 21:19:44,0
벨린저,UNKNOWN,2026-03-23 21:19:44,0
어로,UNKNOWN,2026-03-23 21:19:44,0
정희원,UNKNOWN,2026-03-23 21:19:44,0
남목마성,UNKNOWN,2026-03-23 21:19:44,0
오성준,UNKNOWN,2026-03-23 21:19:44,0
강화카인,UNKNOWN,2026-03-23 21:19:44,0
민경,UNKNOWN,2026-03-23 21:19:44,0
다숭링,UNKNOWN,2026-03-23 21:19:44,0
뤼네,UNKNOWN,2026-03-23 21:19:44,0
2상0,UNKNOWN,2026-03-23 21:19:44,0
시쯔,UNKNOWN,2026-03-23 21:19:44,0
문희림,UNKNOWN,2026-03-23 21:19:44,0
김준회,UNKNOWN,2026-03-23 21:19:44,0
함락킹,UNKNOWN,2026-03-23 21:19:44,0
좋퍼,UNKNOWN,2026-03-23 21:19:44,0
멍민,UNKNOWN,2026-03-23 21:19:44,0
멍삼냥일,UNKNOWN,2026-03-23 21:19:44,0
기어가는레몬,UNKNOWN,2026-03-23 21:19:44,0
디퐁,UNKNOWN,2026-03-23 21:19:44,0
팍멀리,UNKNOWN,2026-03-23 21:19:44,0
다뚬,UNKNOWN,2026-03-23 21:19:44,0
찬찬,UNKNOWN,2026-03-23 21:19:44,0
공격팀,UNKNOWN,2026-03-23 21:19:44,0
포난,UNKNOWN,2026-03-23 21:19:44,0
NorthEgg,UNKNOWN,2026-03-23 21:19:44,0
러브콜,UNKNOWN,2026-03-23 21:19:44,0
예리뽀,UNKNOWN,2026-03-23 21:19:44,0
사욜,UNKNOWN,2026-03-23 21:19:44,0
사고,UNKNOWN,2026-03-23 21:19:45,0
범동,UNKNOWN,2026-03-23 21:19:45,0
양분,UNKNOWN,2026-03-23 21:19:45,0
해니부,UNKNOWN,2026-03-23 21:19:45,0
김찌핑,UNKNOWN,2026-03-23 21:19:45,0
니망,UNKNOWN,2026-03-23 21:19:45,0
곰지오,UNKNOWN,2026-03-23 21:19:45,0
밥퍼환아,UNKNOWN,2026-03-23 21:19:45,0
체인카페,UNKNOWN,2026-03-23 21:19:45,0
데뮨스,UNKNOWN,2026-03-23 21:19:45,0
청아른,UNKNOWN,2026-03-23 21:19:45,0
서강남z,UNKNOWN,2026-03-23 21:19:45,0
형철,UNKNOWN,2026-03-23 21:19:45,0
비책,UNKNOWN,2026-03-23 21:19:45,0
중혁,UNKNOWN,2026-03-23 21:19:45,0
명곡,UNKNOWN,2026-03-23 21:19:45,0
름쁘,UNKNOWN,2026-03-23 21:19:45,0
물리,UNKNOWN,2026-03-23 21:19:45,0
바람빠각,UNKNOWN,2026-03-23 21:19:45,0
울산,UNKNOWN,2026-03-23 21:19:45,0
단보,UNKNOWN,2026-03-23 21:19:45,0
겉과안,UNKNOWN,2026-03-23 21:19:45,0
스타투치아,UNKNOWN,2026-03-23 21:19:45,0
뿡빵이,UNKNOWN,2026-03-23 21:19:45,0
레문데몬,UNKNOWN,2026-03-23 21:19:45,0
캑븜,UNKNOWN,2026-03-23 21:19:45,0
찜이,UNKNOWN,2026-03-23 21:19:45,0
기주어리,UNKNOWN,2026-03-23 21:19:45,0
악의아이,UNKNOWN,2026-03-23 21:19:45,0
뗀하,UNKNOWN,2026-03-23 21:19:45,0
루비우,UNKNOWN,2026-03-23 21:19:45,0
슈가람쥐썬더,UNKNOWN,2026-03-23 21:19:45,0
죽을놈,UNKNOWN,2026-03-23 21:19:45,0
블류,UNKNOWN,2026-03-23 21:19:45,0
이나,UNKNOWN,2026-03-23 21:19:45,0
챔히,UNKNOWN,2026-03-23 21:19:45,0
빵구썬콜,UNKNOWN,2026-03-23 21:19:45,0
뜹훈,UNKNOWN,2026-03-23 21:19:45,0
장까막,UNKNOWN,2026-03-23 21:19:45,0
민식E3,UNKNOWN,2026-03-23 21:19:45,0
붕추,UNKNOWN,2026-03-23 21:19:45,0
땃껌,UNKNOWN,2026-03-23 21:19:45,0
황도,UNKNOWN,2026-03-23 21:19:45,0
삭다,UNKNOWN,2026-03-23 21:19:45,0
쉐임,UNKNOWN,2026-03-23 21:19:45,0
헛방,UNKNOWN,2026-03-23 21:19:45,0
막냇딸,UNKNOWN,2026-03-23 21:19:45,0
오석,UNKNOWN,2026-03-23 21:19:45,0
돌갤,UNKNOWN,2026-03-23 21:19:45,0
탰완,UNKNOWN,2026-03-23 21:19:45,0
윰뚠델,UNKNOWN,2026-03-23 21:19:45,0
여나,UNKNOWN,2026-03-23 21:19:45,0
흥냐꽁,UNKNOWN,2026-03-23 21:19:45,0
꿀동,UNKNOWN,2026-03-23 21:19:45,0
서지니,UNKNOWN,2026-03-23 21:19:45,0
므누,UNKNOWN,2026-03-23 21:19:45,0
한별신문,UNKNOWN,2026-03-23 21:19:45,0
섀키,UNKNOWN,2026-03-23 21:19:45,0
밀쏘,UNKNOWN,2026-03-23 21:19:45,0
뽕솨,UNKNOWN,2026-03-23 21:19:45,0
흐탱,UNKNOWN,2026-03-23 21:19:45,0
민호,UNKNOWN,2026-03-23 21:19:45,0
날것,UNKNOWN,2026-03-23 21:19:45,0
포라포,UNKNOWN,2026-03-23 21:19:46,0
명꽃,UNKNOWN,2026-03-23 21:19:46,0
양산형캡틴0,UNKNOWN,2026-03-23 21:19:46,0
개딱지분식,UNKNOWN,2026-03-23 21:19:46,0
매표소,UNKNOWN,2026-03-23 21:19:46,0
회색정원,UNKNOWN,2026-03-23 21:19:46,0
포넷,UNKNOWN,2026-03-23 21:19:46,0
달팜,UNKNOWN,2026-03-23 21:19:46,0
닉할게없다휴,UNKNOWN,2026-03-23 21:19:46,0
캬트,UNKNOWN,2026-03-23 21:19:46,0
컨트롤,UNKNOWN,2026-03-23 21:19:46,0
아오지에이스,UNKNOWN,2026-03-23 21:19:46,0
펭돌희,UNKNOWN,2026-03-23 21:19:46,0
별보기,UNKNOWN,2026-03-23 21:19:46,0
반장,UNKNOWN,2026-03-23 21:19:46,0
꽃반곰,UNKNOWN,2026-03-23 21:19:46,0
짤둑,UNKNOWN,2026-03-23 21:19:46,0
뿡뿡혜,UNKNOWN,2026-03-23 21:19:46,0
엔번,UNKNOWN,2026-03-23 21:19:46,0
힐러님,UNKNOWN,2026-03-23 21:19:46,0
비바v,UNKNOWN,2026-03-23 21:19:46,0
마시노와,UNKNOWN,2026-03-23 21:19:46,0
기즐,UNKNOWN,2026-03-23 21:19:46,0
득자,UNKNOWN,2026-03-23 21:19:46,0
독화,UNKNOWN,2026-03-23 21:19:46,0
귀여운화야,UNKNOWN,2026-03-23 21:19:46,0
Skype,UNKNOWN,2026-03-23 21:19:46,0
짱금,UNKNOWN,2026-03-23 21:19:46,0
과야타,UNKNOWN,2026-03-23 21:19:46,0
푸리윤,UNKNOWN,2026-03-23 21:19:46,0
프리코네,UNKNOWN,2026-03-23 21:19:46,0
봄팡학,UNKNOWN,2026-03-23 21:19:46,0
콩은,UNKNOWN,2026-03-23 21:19:46,0
김코,UNKNOWN,2026-03-23 21:19:46,0
다솜새녘,UNKNOWN,2026-03-23 21:19:46,0
najin어퍼,UNKNOWN,2026-03-23 21:19:46,0
모델진,UNKNOWN,2026-03-23 21:19:46,0
빡숭잉,UNKNOWN,2026-03-23 21:19:46,0
송지영,UNKNOWN,2026-03-23 21:19:46,0
여의다라,UNKNOWN,2026-03-23 21:19:46,0
애쁨,UNKNOWN,2026-03-23 21:19:46,0
멸맥,UNKNOWN,2026-03-23 21:19:46,0
털없,UNKNOWN,2026-03-23 21:19:46,0
완희,UNKNOWN,2026-03-23 21:19:46,0
Adelth,UNKNOWN,2026-03-23 21:19:46,0
귤색밤,UNKNOWN,2026-03-23 21:19:46,0
엉싸,UNKNOWN,2026-03-23 21:19:46,0
선식,UNKNOWN,2026-03-23 21:19:46,0
초메바,UNKNOWN,2026-03-23 21:19:46,0
뽁뽁이,UNKNOWN,2026-03-23 21:19:46,0
텔레스티아,UNKNOWN,2026-03-23 21:19:46,0
메소제한,UNKNOWN,2026-03-23 21:19:46,0
창핀,UNKNOWN,2026-03-23 21:19:46,0
삼각형,UNKNOWN,2026-03-23 21:19:46,0
거대,UNKNOWN,2026-03-23 21:19:46,0
개끈,UNKNOWN,2026-03-23 21:19:46,0
렌배코,UNKNOWN,2026-03-23 21:19:46,0
극딜은3분,UNKNOWN,2026-03-23 21:19:46,0
종스,UNKNOWN,2026-03-23 21:19:46,0
빼여,UNKNOWN,2026-03-23 21:19:46,0
오이챠,UNKNOWN,2026-03-23 21:19:46,0
히어로인버닝,UNKNOWN,2026-03-23 21:19:47,0
최지,UNKNOWN,2026-03-23 21:19:47,0
니퍼,UNKNOWN,2026-03-23 21:19:47,0
봄아델,UNKNOWN,2026-03-23 21:19:47,0
졌밤,UNKNOWN,2026-03-23 21:19:47,0
슈붕,UNKNOWN,2026-03-23 21:19:47,0
비숍일짱,UNKNOWN,2026-03-23 21:19:47,0
주황보리버섯,UNKNOWN,2026-03-23 21:19:47,0
서산,UNKNOWN,2026-03-23 21:19:47,0
카라멜,UNKNOWN,2026-03-23 21:19:47,0
조백묘,UNKNOWN,2026-03-23 21:19:47,0
이봐찡,UNKNOWN,2026-03-23 21:19:47,0
구른,UNKNOWN,2026-03-23 21:19:47,0
봄끼,UNKNOWN,2026-03-23 21:19:47,0
말강제비,UNKNOWN,2026-03-23 21:19:47,0
참미,UNKNOWN,2026-03-23 21:19:47,0
통군,UNKNOWN,2026-03-23 21:19:47,0
샤크앵커,UNKNOWN,2026-03-23 21:19:47,0
하루린,UNKNOWN,2026-03-23 21:19:47,0
이유빈,UNKNOWN,2026-03-23 21:19:47,0
선약,UNKNOWN,2026-03-23 21:19:47,0
안무가,UNKNOWN,2026-03-23 21:19:47,0
꾸다,UNKNOWN,2026-03-23 21:19:47,0
탭탬버린,UNKNOWN,2026-03-23 21:19:47,0
zl존쌍칼민짱,UNKNOWN,2026-03-23 21:19:47,0
열단,UNKNOWN,2026-03-23 21:19:47,0
아델리만쮸빵,UNKNOWN,2026-03-23 21:19:47,0
금시아,UNKNOWN,2026-03-23 21:19:47,0
뱍홍,UNKNOWN,2026-03-23 21:19:47,0
심형준,UNKNOWN,2026-03-23 21:19:47,0
네비또,UNKNOWN,2026-03-23 21:19:47,0
메로나보관함,UNKNOWN,2026-03-23 21:19:47,0
익태찡,UNKNOWN,2026-03-23 21:19:47,0
코보리,UNKNOWN,2026-03-23 21:19:47,0
엔쥬삐,UNKNOWN,2026-03-23 21:19:47,0
괴도원자이,UNKNOWN,2026-03-23 21:19:47,0
석모킴,UNKNOWN,2026-03-23 21:19:47,0
굼수,UNKNOWN,2026-03-23 21:19:47,0
꿈법,UNKNOWN,2026-03-23 21:19:47,0
뉴욕대표뱅커,UNKNOWN,2026-03-23 21:19:47,0
견의,UNKNOWN,2026-03-23 21:19:47,0
유니가윤,UNKNOWN,2026-03-23 21:19:47,0
FakedMoon,UNKNOWN,2026-03-23 21:19:47,0
봉봉봉봉봉,UNKNOWN,2026-03-23 21:19:47,0
상현이,UNKNOWN,2026-03-23 21:19:47,0
떠끼,UNKNOWN,2026-03-23 21:19:47,0
케이스,UNKNOWN,2026-03-23 21:19:47,0
기각,UNKNOWN,2026-03-23 21:19:47,0
은월님,UNKNOWN,2026-03-23 21:19:47,0
임링,UNKNOWN,2026-03-23 21:19:47,0
현탐,UNKNOWN,2026-03-23 21:19:47,0
튜처,UNKNOWN,2026-03-23 21:19:47,0
델끌,UNKNOWN,2026-03-23 21:19:47,0
될놈,UNKNOWN,2026-03-23 21:19:47,0
마더,UNKNOWN,2026-03-23 21:19:47,0
Ank0,UNKNOWN,2026-03-23 21:19:47,0
쌔당,UNKNOWN,2026-03-23 21:19:47,0
나거,UNKNOWN,2026-03-23 21:19:47,0
횹이,UNKNOWN,2026-03-23 21:19:47,0
엘테,UNKNOWN,2026-03-23 21:19:47,0
서르세이,UNKNOWN,2026-03-23 21:19:47,0
악SA,UNKNOWN,2026-03-23 21:19:47,0
미술교육전공,UNKNOWN,2026-03-23 21:19:47,0
중국인,UNKNOWN,2026-03-23 21:19:47,0
팔롸딘임돠,UNKNOWN,2026-03-23 21:19:47,0
폼네모이,UNKNOWN,2026-03-23 21:19:47,0
삐정상,UNKNOWN,2026-03-23 21:19:48,0
승쏨,UNKNOWN,2026-03-23 21:19:48,0
이쁘니,UNKNOWN,2026-03-23 21:19:48,0
동탁,UNKNOWN,2026-03-23 21:19:48,0
김지애,UNKNOWN,2026-03-23 21:19:48,0
뽀하리,UNKNOWN,2026-03-23 21:19:48,0
펍찌,UNKNOWN,2026-03-23 21:19:48,0
애기울면멈춤,UNKNOWN,2026-03-23 21:19:48,0
킹운,UNKNOWN,2026-03-23 21:19:48,0
파이널트랜스,UNKNOWN,2026-03-23 21:19:48,0
씨떠,UNKNOWN,2026-03-23 21:19:48,0
릉뇽,UNKNOWN,2026-03-23 21:19:48,0
벼루팡,UNKNOWN,2026-03-23 21:19:48,0
두정전용금고,UNKNOWN,2026-03-23 21:19:48,0
냐미,UNKNOWN,2026-03-23 21:19:48,0
도피자금,UNKNOWN,2026-03-23 21:19:48,0
범어동꽃돌이,UNKNOWN,2026-03-23 21:19:48,0
책탐,UNKNOWN,2026-03-23 21:19:48,0
길로틴탕아,UNKNOWN,2026-03-23 21:19:48,0
검삭,UNKNOWN,2026-03-23 21:19:48,0
평하,UNKNOWN,2026-03-23 21:19:48,0
위도,UNKNOWN,2026-03-23 21:19:48,0
커두명리,UNKNOWN,2026-03-23 21:19:48,0
죡깡,UNKNOWN,2026-03-23 21:19:48,0
젤리삐요정,UNKNOWN,2026-03-23 21:19:48,0
rhkslek,UNKNOWN,2026-03-23 21:19:48,0
BLS터,UNKNOWN,2026-03-23 21:19:48,0
대장루키,UNKNOWN,2026-03-23 21:19:48,0
공틸,UNKNOWN,2026-03-23 21:19:48,0
DulKi,UNKNOWN,2026-03-23 21:19:48,0
망겜소드워커,UNKNOWN,2026-03-23 21:19:48,0
팽완,UNKNOWN,2026-03-23 21:19:48,0
밸라,UNKNOWN,2026-03-23 21:19:48,0
외도,UNKNOWN,2026-03-23 21:19:48,0
여욱이,UNKNOWN,2026-03-23 21:19:48,0
땟스,UNKNOWN,2026-03-23 21:19:48,0
카카오아몬드,UNKNOWN,2026-03-23 21:19:48,0
콜라98,UNKNOWN,2026-03-23 21:19:48,0
태환박헤도,UNKNOWN,2026-03-23 21:19:48,0
머리미러,UNKNOWN,2026-03-23 21:19:48,0
꼬랠,UNKNOWN,2026-03-23 21:19:48,0
념절,UNKNOWN,2026-03-23 21:19:48,0
몽신이,UNKNOWN,2026-03-23 21:19:48,0
다인슈츠엥엘,UNKNOWN,2026-03-23 21:19:48,0
냥직,UNKNOWN,2026-03-23 21:19:48,0
졸귀탱밍초리,UNKNOWN,2026-03-23 21:19:48,0
몸샘,UNKNOWN,2026-03-23 21:19:48,0
차슥,UNKNOWN,2026-03-23 21:19:48,0
전복킴,UNKNOWN,2026-03-23 21:19:48,0
히누짱,UNKNOWN,2026-03-23 21:19:48,0
큰거미,UNKNOWN,2026-03-23 21:19:48,0
염소스타,UNKNOWN,2026-03-23 21:19:48,0
Pa나크,UNKNOWN,2026-03-23 21:19:48,0
논플,UNKNOWN,2026-03-23 21:19:48,0
나화진,UNKNOWN,2026-03-23 21:19:48,0
Sxxx,UNKNOWN,2026-03-23 21:19:48,0
천막,UNKNOWN,2026-03-23 21:19:48,0
Lordmt,UNKNOWN,2026-03-23 21:19:48,0
suga,UNKNOWN,2026-03-23 21:19:49,0
미쓰,UNKNOWN,2026-03-23 21:19:49,0
잉낭네,UNKNOWN,2026-03-23 21:19:49,0
김람무,UNKNOWN,2026-03-23 21:19:49,0
준공,UNKNOWN,2026-03-23 21:19:49,0
하은,UNKNOWN,2026-03-23 21:19:49,0
유짱모,UNKNOWN,2026-03-23 21:19:49,0
미혈,UNKNOWN,2026-03-23 21:19:49,0
슴애셔,UNKNOWN,2026-03-23 21:19:49,0
난난,UNKNOWN,2026-03-23 21:19:49,0
재혁,UNKNOWN,2026-03-23 21:19:49,0
수장,UNKNOWN,2026-03-23 21:19:49,0
이루실,UNKNOWN,2026-03-23 21:19:49,0
척낀,UNKNOWN,2026-03-23 21:19:49,0
뿔디바,UNKNOWN,2026-03-23 21:19:49,0
뮤트헌,UNKNOWN,2026-03-23 21:19:49,0
뀨콘s,UNKNOWN,2026-03-23 21:19:49,0
메츠,UNKNOWN,2026-03-23 21:19:49,0
FullPray,UNKNOWN,2026-03-23 21:19:49,0
영한,UNKNOWN,2026-03-23 21:19:49,0
귀공,UNKNOWN,2026-03-23 21:19:49,0
아으으아악,UNKNOWN,2026-03-23 21:19:49,0
히군,UNKNOWN,2026-03-23 21:19:49,0
감초,UNKNOWN,2026-03-23 21:19:49,0
슈터둠둠,UNKNOWN,2026-03-23 21:19:49,0
잉꾼,UNKNOWN,2026-03-23 21:19:49,0
나로부우,UNKNOWN,2026-03-23 21:19:49,0
립퍼,UNKNOWN,2026-03-23 21:19:49,0
만줄,UNKNOWN,2026-03-23 21:19:49,0
안깅,UNKNOWN,2026-03-23 21:19:49,0
카타루시아,UNKNOWN,2026-03-23 21:19:49,0
등등,UNKNOWN,2026-03-23 21:19:49,0
슈웹,UNKNOWN,2026-03-23 21:19:49,0
떵익,UNKNOWN,2026-03-23 21:19:49,0
박근혜의음모,UNKNOWN,2026-03-23 21:19:49,0
이바,UNKNOWN,2026-03-23 21:19:49,0
벤데타,UNKNOWN,2026-03-23 21:19:49,0
해릉,UNKNOWN,2026-03-23 21:19:49,0
엥미,UNKNOWN,2026-03-23 21:19:49,0
작망아지,UNKNOWN,2026-03-23 21:19:49,0
앵벌새,UNKNOWN,2026-03-23 21:19:49,0
랴드,UNKNOWN,2026-03-23 21:19:49,0
은월쟝,UNKNOWN,2026-03-23 21:19:49,0
피리,UNKNOWN,2026-03-23 21:19:49,0
가이하룬,UNKNOWN,2026-03-23 21:19:49,0
G마켓,UNKNOWN,2026-03-23 21:19:49,0
짜처,UNKNOWN,2026-03-23 21:19:49,0
꼬꼬마땃쥐,UNKNOWN,2026-03-23 21:19:49,0
뻑뻑2,UNKNOWN,2026-03-23 21:19:49,0
너겟,UNKNOWN,2026-03-23 21:19:49,0
기므윤성,UNKNOWN,2026-03-23 21:19:49,0
랫즈,UNKNOWN,2026-03-23 21:19:49,0
빡쓰,UNKNOWN,2026-03-23 21:19:49,0
호정후,UNKNOWN,2026-03-23 21:19:49,0
다크레단,UNKNOWN,2026-03-23 21:19:50,0
빛쨔,UNKNOWN,2026-03-23 21:19:50,0
SeTech펜,UNKNOWN,2026-03-23 21:19:50,0
시픽,UNKNOWN,2026-03-23 21:19:50,0
럭킹,UNKNOWN,2026-03-23 21:19:50,0
뺑자,UNKNOWN,2026-03-23 21:19:50,0
그윽밤,UNKNOWN,2026-03-23 21:19:50,0
익진,UNKNOWN,2026-03-23 21:19:50,0
밍두,UNKNOWN,2026-03-23 21:19:50,0
젠치젠,UNKNOWN,2026-03-23 21:19:50,0
왜꺼,UNKNOWN,2026-03-23 21:19:50,0
클나,UNKNOWN,2026-03-23 21:19:50,0
둥근붓,UNKNOWN,2026-03-23 21:19:50,0
니베르,UNKNOWN,2026-03-23 21:19:50,0
눈썹,UNKNOWN,2026-03-23 21:19:50,0
원투,UNKNOWN,2026-03-23 21:19:50,0
왈왈아물어,UNKNOWN,2026-03-23 21:19:50,0
설경,UNKNOWN,2026-03-23 21:19:50,0
메이커,UNKNOWN,2026-03-23 21:19:50,0
머우쓰,UNKNOWN,2026-03-23 21:19:50,0
근밤,UNKNOWN,2026-03-23 21:19:50,0
아센,UNKNOWN,2026-03-23 21:19:50,0
수제비,UNKNOWN,2026-03-23 21:19:50,0
이범호,UNKNOWN,2026-03-23 21:19:50,0
타난,UNKNOWN,2026-03-23 21:19:50,0
나만의카인,UNKNOWN,2026-03-23 21:19:50,0
팬더테니,UNKNOWN,2026-03-23 21:19:50,0
짐니핫,UNKNOWN,2026-03-23 21:19:50,0
어머나세상엣,UNKNOWN,2026-03-23 21:19:50,0
로시구리,UNKNOWN,2026-03-23 21:19:50,0
호접지몽,UNKNOWN,2026-03-23 21:19:50,0
너만친다,UNKNOWN,2026-03-23 21:19:50,0
삶의,UNKNOWN,2026-03-23 21:19:50,0
고현권,UNKNOWN,2026-03-23 21:19:50,0
jinseungjun7,UNKNOWN,2026-03-23 21:19:50,0
Luckywomen,UNKNOWN,2026-03-23 21:19:50,0
ITX마음,UNKNOWN,2026-03-23 21:19:50,0
딘욱,UNKNOWN,2026-03-23 21:19:50,0
썬경,UNKNOWN,2026-03-23 21:19:50,0
창수랑,UNKNOWN,2026-03-23 21:19:50,0
영실,UNKNOWN,2026-03-23 21:19:50,0
헬라,UNKNOWN,2026-03-23 21:19:50,0
종초,UNKNOWN,2026-03-23 21:19:50,0
Flex해버려찌,UNKNOWN,2026-03-23 21:19:50,0
gosiban,UNKNOWN,2026-03-23 21:19:50,0
던븟,UNKNOWN,2026-03-23 21:19:50,0
리멘롤체요정,UNKNOWN,2026-03-23 21:19:50,0
순변,UNKNOWN,2026-03-23 21:19:50,0
수곰,UNKNOWN,2026-03-23 21:19:50,0
이체,UNKNOWN,2026-03-23 21:19:50,0
서듈,UNKNOWN,2026-03-23 21:19:50,0
TeJIyo,UNKNOWN,2026-03-23 21:19:50,0
금란천,UNKNOWN,2026-03-23 21:19:51,0
뮤직솔차니,UNKNOWN,2026-03-23 21:19:51,0
절임,UNKNOWN,2026-03-23 21:19:51,0
루애,UNKNOWN,2026-03-23 21:19:51,0
나비다,UNKNOWN,2026-03-23 21:19:51,0
도밴,UNKNOWN,2026-03-23 21:19:51,0
홍차샌드,UNKNOWN,2026-03-23 21:19:51,0
방시영,UNKNOWN,2026-03-23 21:19:51,0
정명명,UNKNOWN,2026-03-23 21:19:51,0
1위권,UNKNOWN,2026-03-23 21:19:51,0
땅민님,UNKNOWN,2026-03-23 21:19:51,0
쿼터치즈돼지,UNKNOWN,2026-03-23 21:19:51,0
인텔,UNKNOWN,2026-03-23 21:19:51,0
낭호랑,UNKNOWN,2026-03-23 21:19:51,0
쿼캔,UNKNOWN,2026-03-23 21:19:51,0
규모,UNKNOWN,2026-03-23 21:19:51,0
20살자취방,UNKNOWN,2026-03-23 21:19:51,0
치즈VvvV,UNKNOWN,2026-03-23 21:19:51,0
타훈,UNKNOWN,2026-03-23 21:19:51,0
젠틀범,UNKNOWN,2026-03-23 21:19:51,0
아이돌과나,UNKNOWN,2026-03-23 21:19:51,0
맥아더,UNKNOWN,2026-03-23 21:19:51,0
깡힙,UNKNOWN,2026-03-23 21:19:51,0
MasCa,UNKNOWN,2026-03-23 21:19:51,0
초보캬인,UNKNOWN,2026-03-23 21:19:51,0
보장,UNKNOWN,2026-03-23 21:19:51,0
주번,UNKNOWN,2026-03-23 21:19:51,0
에이냐,UNKNOWN,2026-03-23 21:19:51,0
MiyamaZero,UNKNOWN,2026-03-23 21:19:51,0
구정아,UNKNOWN,2026-03-23 21:19:51,0
학년,UNKNOWN,2026-03-23 21:19:51,0
너아델,UNKNOWN,2026-03-23 21:19:51,0
시줘,UNKNOWN,2026-03-23 21:19:51,0
포항,UNKNOWN,2026-03-23 21:19:51,0
도쉬,UNKNOWN,2026-03-23 21:19:51,0
화목돈좀,UNKNOWN,2026-03-23 21:19:51,0
진떠,UNKNOWN,2026-03-23 21:19:51,0
직설,UNKNOWN,2026-03-23 21:19:51,0
김서화,UNKNOWN,2026-03-23 21:19:51,0
김윤반,UNKNOWN,2026-03-23 21:19:51,0
좀있다승진,UNKNOWN,2026-03-23 21:19:51,0
겐시,UNKNOWN,2026-03-23 21:19:51,0
가을탈래,UNKNOWN,2026-03-23 21:19:51,0
애너하임,UNKNOWN,2026-03-23 21:19:51,0
승해위,UNKNOWN,2026-03-23 21:19:51,0
호주,UNKNOWN,2026-03-23 21:19:51,0
폴레흐,UNKNOWN,2026-03-23 21:19:51,0
까까숑,UNKNOWN,2026-03-23 21:19:51,0
Kith,UNKNOWN,2026-03-23 21:19:51,0
깃발,UNKNOWN,2026-03-23 21:19:51,0
찹샬떡,UNKNOWN,2026-03-23 21:19:51,0
말차몽몽이,UNKNOWN,2026-03-23 21:19:51,0
쏀캐,UNKNOWN,2026-03-23 21:19:51,0
루시드st,UNKNOWN,2026-03-23 21:19:51,0
오프숍,UNKNOWN,2026-03-23 21:19:51,0
물먹기1,UNKNOWN,2026-03-23 21:19:52,0
니블씨,UNKNOWN,2026-03-23 21:19:52,0
엠미,UNKNOWN,2026-03-23 21:19:52,0
쑤어벤,UNKNOWN,2026-03-23 21:19:52,0
악권,UNKNOWN,2026-03-23 21:19:52,0
미비,UNKNOWN,2026-03-23 21:19:52,0
회장님,UNKNOWN,2026-03-23 21:19:52,0
작은미루나무,UNKNOWN,2026-03-23 21:19:52,0
그레텔녀,UNKNOWN,2026-03-23 21:19:52,0
인키,UNKNOWN,2026-03-23 21:19:52,0
월했,UNKNOWN,2026-03-23 21:19:52,0
불꽃태풍,UNKNOWN,2026-03-23 21:19:52,0
적서진,UNKNOWN,2026-03-23 21:19:52,0
데처,UNKNOWN,2026-03-23 21:19:52,0
이도류,UNKNOWN,2026-03-23 21:19:52,0
개뤼,UNKNOWN,2026-03-23 21:19:52,0
우제,UNKNOWN,2026-03-23 21:19:52,0
젠토비,UNKNOWN,2026-03-23 21:19:52,0
비돌,UNKNOWN,2026-03-23 21:19:52,0
잉희,UNKNOWN,2026-03-23 21:19:52,0
Adamas76,UNKNOWN,2026-03-23 21:19:52,0
정앵희,UNKNOWN,2026-03-23 21:19:52,0
범고래눈,UNKNOWN,2026-03-23 21:19:52,0
매화말고노화,UNKNOWN,2026-03-23 21:19:52,0
낑숌,UNKNOWN,2026-03-23 21:19:52,0
강가,UNKNOWN,2026-03-23 21:19:52,0
묘써,UNKNOWN,2026-03-23 21:19:52,0
팔천,UNKNOWN,2026-03-23 21:19:52,0
흑별,UNKNOWN,2026-03-23 21:19:52,0
재배활,UNKNOWN,2026-03-23 21:19:52,0
훈수부,UNKNOWN,2026-03-23 21:19:52,0
레츠고,UNKNOWN,2026-03-23 21:19:52,0
망칭,UNKNOWN,2026-03-23 21:19:52,0
릇삐,UNKNOWN,2026-03-23 21:19:52,0
국카용,UNKNOWN,2026-03-23 21:19:52,0
싸구누님,UNKNOWN,2026-03-23 21:19:52,0
노래킹갓태연,UNKNOWN,2026-03-23 21:19:52,0
꿉팔,UNKNOWN,2026-03-23 21:19:52,0
용상,UNKNOWN,2026-03-23 21:19:52,0
금줘,UNKNOWN,2026-03-23 21:19:52,0
살롱,UNKNOWN,2026-03-23 21:19:52,0
낮플,UNKNOWN,2026-03-23 21:19:52,0
이미츠,UNKNOWN,2026-03-23 21:19:52,0
종파,UNKNOWN,2026-03-23 21:19:52,0
알바로도밍게,UNKNOWN,2026-03-23 21:19:52,0
제곡,UNKNOWN,2026-03-23 21:19:52,0
랴바,UNKNOWN,2026-03-23 21:19:52,0
훈개,UNKNOWN,2026-03-23 21:19:52,0
끝싱,UNKNOWN,2026-03-23 21:19:52,0
짱나,UNKNOWN,2026-03-23 21:19:52,0
박풍댕,UNKNOWN,2026-03-23 21:19:52,0
토찰,UNKNOWN,2026-03-23 21:19:52,0
별공익,UNKNOWN,2026-03-23 21:19:52,0
담흑,UNKNOWN,2026-03-23 21:19:52,0
머퓌,UNKNOWN,2026-03-23 21:19:52,0
신목,UNKNOWN,2026-03-23 21:19:52,0
개쪼렙메린이,UNKNOWN,2026-03-23 21:19:52,0
반항상태,UNKNOWN,2026-03-23 21:19:52,0
날디,UNKNOWN,2026-03-23 21:19:52,0
마동석,UNKNOWN,2026-03-23 21:19:52,0
오병렬,UNKNOWN,2026-03-23 21:19:52,0
대주,UNKNOWN,2026-03-23 21:19:53,0
데브캣,UNKNOWN,2026-03-23 21:19:53,0
ROOKlE,UNKNOWN,2026-03-23 21:19:53,0
산발,UNKNOWN,2026-03-23 21:19:53,0
과소비,UNKNOWN,2026-03-23 21:19:53,0
옐꽃,UNKNOWN,2026-03-23 21:19:53,0
욧삐쨩,UNKNOWN,2026-03-23 21:19:53,0
만종,UNKNOWN,2026-03-23 21:19:53,0
물감,UNKNOWN,2026-03-23 21:19:53,0
쌔니,UNKNOWN,2026-03-23 21:19:53,0
인절미구구콘,UNKNOWN,2026-03-23 21:19:53,0
킥스,UNKNOWN,2026-03-23 21:19:53,0
탱글호영,UNKNOWN,2026-03-23 21:19:53,0
쨀리,UNKNOWN,2026-03-23 21:19:53,0
꼬퓸,UNKNOWN,2026-03-23 21:19:53,0
쯔안,UNKNOWN,2026-03-23 21:19:53,0
빈칸을채워줘,UNKNOWN,2026-03-23 21:19:53,0
화살여신,UNKNOWN,2026-03-23 21:19:53,0
N0cturne,UNKNOWN,2026-03-23 21:19:53,0
사소실체문슬,UNKNOWN,2026-03-23 21:19:53,0
밍밍우진,UNKNOWN,2026-03-23 21:19:53,0
티바나민트,UNKNOWN,2026-03-23 21:19:53,0
응쨩,UNKNOWN,2026-03-23 21:19:53,0
땡겨써,UNKNOWN,2026-03-23 21:19:53,0
소웅누어,UNKNOWN,2026-03-23 21:19:53,0
또훈잉,UNKNOWN,2026-03-23 21:19:53,0
팅칸,UNKNOWN,2026-03-23 21:19:53,0
뱃하나,UNKNOWN,2026-03-23 21:19:53,0
나뿐애,UNKNOWN,2026-03-23 21:19:53,0
별달,UNKNOWN,2026-03-23 21:19:53,0
캠프정,UNKNOWN,2026-03-23 21:19:53,0
발암미르,UNKNOWN,2026-03-23 21:19:53,0
3926,UNKNOWN,2026-03-23 21:19:53,0
히스테링,UNKNOWN,2026-03-23 21:19:53,0
별뱌,UNKNOWN,2026-03-23 21:19:53,0
새채히,UNKNOWN,2026-03-23 21:19:53,0
민볼,UNKNOWN,2026-03-23 21:19:53,0
갓날,UNKNOWN,2026-03-23 21:19:53,0
하와와로,UNKNOWN,2026-03-23 21:19:53,0
궝셍밍,UNKNOWN,2026-03-23 21:19:53,0
푸닥,UNKNOWN,2026-03-23 21:19:53,0
필순,UNKNOWN,2026-03-23 21:19:53,0
양배칭,UNKNOWN,2026-03-23 21:19:53,0
방학,UNKNOWN,2026-03-23 21:19:53,0
복히이로,UNKNOWN,2026-03-23 21:19:53,0
젤립,UNKNOWN,2026-03-23 21:19:53,0
인테,UNKNOWN,2026-03-23 21:19:53,0
짜장,UNKNOWN,2026-03-23 21:19:53,0
동녘,UNKNOWN,2026-03-23 21:19:53,0
Tric,UNKNOWN,2026-03-23 21:19:53,0
연슨,UNKNOWN,2026-03-23 21:19:53,0
송민,UNKNOWN,2026-03-23 21:19:53,0
영전,UNKNOWN,2026-03-23 21:19:53,0
봄날Adele,UNKNOWN,2026-03-23 21:19:53,0
듸로아,UNKNOWN,2026-03-23 21:19:53,0
토카의산달폰,UNKNOWN,2026-03-23 21:19:53,0
붓진,UNKNOWN,2026-03-23 21:19:53,0
알파고알파Q,UNKNOWN,2026-03-23 21:19:53,0
레빗츠팩토리,UNKNOWN,2026-03-23 21:19:53,0
십창렐루야,UNKNOWN,2026-03-23 21:19:53,0
신길동생수병,UNKNOWN,2026-03-23 21:19:53,0
빌리아일리시,UNKNOWN,2026-03-23 21:19:53,0
뚜다,UNKNOWN,2026-03-23 21:19:54,0
소레영,UNKNOWN,2026-03-23 21:19:54,0
쟝췐,UNKNOWN,2026-03-23 21:19:54,0
지서,UNKNOWN,2026-03-23 21:19:54,0
주임원사,UNKNOWN,2026-03-23 21:19:54,0
서초왕항우,UNKNOWN,2026-03-23 21:19:54,0
뚜이샤쓰,UNKNOWN,2026-03-23 21:19:54,0
베뤼,UNKNOWN,2026-03-23 21:19:54,0
MainSoha,UNKNOWN,2026-03-23 21:19:54,0
뱌이퍼,UNKNOWN,2026-03-23 21:19:54,0
후샤,UNKNOWN,2026-03-23 21:19:54,0
예작,UNKNOWN,2026-03-23 21:19:54,0
풍물꾼,UNKNOWN,2026-03-23 21:19:54,0
민희아율,UNKNOWN,2026-03-23 21:19:54,0
꿈파람,UNKNOWN,2026-03-23 21:19:54,0
에반에바에,UNKNOWN,2026-03-23 21:19:54,0
앗끄야,UNKNOWN,2026-03-23 21:19:54,0
야당의달,UNKNOWN,2026-03-23 21:19:54,0
쑈디,UNKNOWN,2026-03-23 21:19:54,0
카톡개브로도,UNKNOWN,2026-03-23 21:19:54,0
열심히부자,UNKNOWN,2026-03-23 21:19:54,0
Knight,UNKNOWN,2026-03-23 21:19:54,0
당근밥,UNKNOWN,2026-03-23 21:19:54,0
아글팡델,UNKNOWN,2026-03-23 21:19:54,0
붕어슬,UNKNOWN,2026-03-23 21:19:54,0
Bien,UNKNOWN,2026-03-23 21:19:54,0
연약해요,UNKNOWN,2026-03-23 21:19:54,0
위탄와헌,UNKNOWN,2026-03-23 21:19:54,0
돼꿀석,UNKNOWN,2026-03-23 21:19:54,0
호딱,UNKNOWN,2026-03-23 21:19:54,0
전당포,UNKNOWN,2026-03-23 21:19:54,0
온알,UNKNOWN,2026-03-23 21:19:54,0
그린서적,UNKNOWN,2026-03-23 21:19:54,0
세주,UNKNOWN,2026-03-23 21:19:54,0
댕무,UNKNOWN,2026-03-23 21:19:54,0
황쌍,UNKNOWN,2026-03-23 21:19:54,0
교션,UNKNOWN,2026-03-23 21:19:54,0
쏘뇨,UNKNOWN,2026-03-23 21:19:54,0
우윳빛깔태성,UNKNOWN,2026-03-23 21:19:54,0
히구치마도카,UNKNOWN,2026-03-23 21:19:54,0
오얘슬,UNKNOWN,2026-03-23 21:19:54,0
고민만할래,UNKNOWN,2026-03-23 21:19:54,0
메릉,UNKNOWN,2026-03-23 21:19:54,0
날아가는루미,UNKNOWN,2026-03-23 21:19:54,0
후아,UNKNOWN,2026-03-23 21:19:54,0
작은재범,UNKNOWN,2026-03-23 21:19:54,0
벨소리,UNKNOWN,2026-03-23 21:19:54,0
왕코,UNKNOWN,2026-03-23 21:19:54,0
Hiking,UNKNOWN,2026-03-23 21:19:54,0
손성,UNKNOWN,2026-03-23 21:19:54,0
나아가섀도,UNKNOWN,2026-03-23 21:19:54,0
빤뽀,UNKNOWN,2026-03-23 21:19:54,0
듀꽂,UNKNOWN,2026-03-23 21:19:54,0
로프,UNKNOWN,2026-03-23 21:19:54,0
부메,UNKNOWN,2026-03-23 21:19:54,0
킴숭태,UNKNOWN,2026-03-23 21:19:54,0
뮤콘,UNKNOWN,2026-03-23 21:19:54,0
찌도,UNKNOWN,2026-03-23 21:19:54,0
프뇨,UNKNOWN,2026-03-23 21:19:54,0
택황리쌍,UNKNOWN,2026-03-23 21:19:54,0
일몰,UNKNOWN,2026-03-23 21:19:54,0
뀨담이,UNKNOWN,2026-03-23 21:19:54,0
쁜당,UNKNOWN,2026-03-23 21:19:55,0
긔신,UNKNOWN,2026-03-23 21:19:55,0
모리코리스,UNKNOWN,2026-03-23 21:19:55,0
액막이,UNKNOWN,2026-03-23 21:19:55,0
순살치킨,UNKNOWN,2026-03-23 21:19:55,0
기헌,UNKNOWN,2026-03-23 21:19:55,0
무서엉,UNKNOWN,2026-03-23 21:19:55,0
폭탄띠,UNKNOWN,2026-03-23 21:19:55,0
선계,UNKNOWN,2026-03-23 21:19:55,0
호치폰,UNKNOWN,2026-03-23 21:19:55,0
디훔,UNKNOWN,2026-03-23 21:19:55,0
메비,UNKNOWN,2026-03-23 21:19:55,0
먼보,UNKNOWN,2026-03-23 21:19:55,0
추러스,UNKNOWN,2026-03-23 21:19:55,0
내부자,UNKNOWN,2026-03-23 21:19:55,0
얼라,UNKNOWN,2026-03-23 21:19:55,0
닥나,UNKNOWN,2026-03-23 21:19:55,0
함응삼,UNKNOWN,2026-03-23 21:19:55,0
졸멍,UNKNOWN,2026-03-23 21:19:55,0
JEEHY,UNKNOWN,2026-03-23 21:19:55,0
아웅백,UNKNOWN,2026-03-23 21:19:55,0
촉감노리,UNKNOWN,2026-03-23 21:19:55,0
대렘,UNKNOWN,2026-03-23 21:19:55,0
루수,UNKNOWN,2026-03-23 21:19:55,0
한효,UNKNOWN,2026-03-23 21:19:55,0
리르리,UNKNOWN,2026-03-23 21:19:55,0
깻잎아델,UNKNOWN,2026-03-23 21:19:55,0
유이,UNKNOWN,2026-03-23 21:19:55,0
동영퐁,UNKNOWN,2026-03-23 21:19:55,0
카오f,UNKNOWN,2026-03-23 21:19:55,0
흰통,UNKNOWN,2026-03-23 21:19:55,0
무례한점장님,UNKNOWN,2026-03-23 21:19:55,0
나오니가될래,UNKNOWN,2026-03-23 21:19:55,0
할로윈메르시,UNKNOWN,2026-03-23 21:19:55,0
낄끔,UNKNOWN,2026-03-23 21:19:55,0
탱찡,UNKNOWN,2026-03-23 21:19:55,0
정해연,UNKNOWN,2026-03-23 21:19:55,0
랑에,UNKNOWN,2026-03-23 21:19:55,0
기갑캐논,UNKNOWN,2026-03-23 21:19:55,0
막따끄,UNKNOWN,2026-03-23 21:19:55,0
눌깅,UNKNOWN,2026-03-23 21:19:55,0
I카데나I,UNKNOWN,2026-03-23 21:19:55,0
린또니,UNKNOWN,2026-03-23 21:19:55,0
래마루,UNKNOWN,2026-03-23 21:19:55,0
젊당,UNKNOWN,2026-03-23 21:19:55,0
신캐보안센터,UNKNOWN,2026-03-23 21:19:55,0
훈둘둘,UNKNOWN,2026-03-23 21:19:55,0
최강버프,UNKNOWN,2026-03-23 21:19:55,0
근창,UNKNOWN,2026-03-23 21:19:55,0
채마,UNKNOWN,2026-03-23 21:19:55,0
당폴,UNKNOWN,2026-03-23 21:19:55,0
Eilofe,UNKNOWN,2026-03-23 21:19:55,0
수밍,UNKNOWN,2026-03-23 21:19:55,0
방해꾼,UNKNOWN,2026-03-23 21:19:55,0
뽄녁,UNKNOWN,2026-03-23 21:19:55,0
허짓,UNKNOWN,2026-03-23 21:19:55,0
때리면딱밤,UNKNOWN,2026-03-23 21:19:55,0
곤댕,UNKNOWN,2026-03-23 21:19:55,0
크럼블,UNKNOWN,2026-03-23 21:19:55,0
하트서,UNKNOWN,2026-03-23 21:19:55,0
올런,UNKNOWN,2026-03-23 21:19:55,0
코더,UNKNOWN,2026-03-23 21:19:55,0
ha숍,UNKNOWN,2026-03-23 21:19:55,0
노총각,UNKNOWN,2026-03-23 21:19:55,0
최대한간단히,UNKNOWN,2026-03-23 21:19:56,0
쟁반,UNKNOWN,2026-03-23 21:19:56,0
구미코드,UNKNOWN,2026-03-23 21:19:56,0
한토디,UNKNOWN,2026-03-23 21:19:56,0
지관L,UNKNOWN,2026-03-23 21:19:56,0
오넨,UNKNOWN,2026-03-23 21:19:56,0
배분,UNKNOWN,2026-03-23 21:19:56,0
밤하늘달,UNKNOWN,2026-03-23 21:19:56,0
3여고생,UNKNOWN,2026-03-23 21:19:56,0
떱딴,UNKNOWN,2026-03-23 21:19:56,0
띠후곰,UNKNOWN,2026-03-23 21:19:56,0
제로two,UNKNOWN,2026-03-23 21:19:56,0
복화영,UNKNOWN,2026-03-23 21:19:56,0
RUDI,UNKNOWN,2026-03-23 21:19:56,0
뱃닝,UNKNOWN,2026-03-23 21:19:56,0
민소내꼬야,UNKNOWN,2026-03-23 21:19:56,0
S2괴수S2,UNKNOWN,2026-03-23 21:19:56,0
핫은,UNKNOWN,2026-03-23 21:19:56,0
후손,UNKNOWN,2026-03-23 21:19:56,0
초빗,UNKNOWN,2026-03-23 21:19:56,0
채피,UNKNOWN,2026-03-23 21:19:56,0
앱솔,UNKNOWN,2026-03-23 21:19:56,0
쪽쪽이,UNKNOWN,2026-03-23 21:19:56,0
츄가,UNKNOWN,2026-03-23 21:19:56,0
소마쭈넝,UNKNOWN,2026-03-23 21:19:56,0
덜랑,UNKNOWN,2026-03-23 21:19:56,0
혼니,UNKNOWN,2026-03-23 21:19:56,0
커염잉,UNKNOWN,2026-03-23 21:19:56,0
원표창,UNKNOWN,2026-03-23 21:19:56,0
아델염1,UNKNOWN,2026-03-23 21:19:56,0
EsDeath,UNKNOWN,2026-03-23 21:19:56,0
냉째,UNKNOWN,2026-03-23 21:19:56,0
믹싱,UNKNOWN,2026-03-23 21:19:56,0
슬픈사냥꾼,UNKNOWN,2026-03-23 21:19:56,0
스텔솜,UNKNOWN,2026-03-23 21:19:56,0
개와,UNKNOWN,2026-03-23 21:19:56,0
매화준감,UNKNOWN,2026-03-23 21:19:56,0
쥐후,UNKNOWN,2026-03-23 21:19:56,0
핵빵디걸,UNKNOWN,2026-03-23 21:19:56,0
버럭신의벽돌,UNKNOWN,2026-03-23 21:19:56,0
챙반,UNKNOWN,2026-03-23 21:19:56,0
한초,UNKNOWN,2026-03-23 21:19:56,0
캐슈곰민,UNKNOWN,2026-03-23 21:19:56,0
후로,UNKNOWN,2026-03-23 21:19:56,0
함랑,UNKNOWN,2026-03-23 21:19:56,0
갈치시로,UNKNOWN,2026-03-23 21:19:56,0
힘없는물리,UNKNOWN,2026-03-23 21:19:56,0
차지0,UNKNOWN,2026-03-23 21:19:56,0
토트넘,UNKNOWN,2026-03-23 21:19:56,0
스칸더,UNKNOWN,2026-03-23 21:19:56,0
소임,UNKNOWN,2026-03-23 21:19:56,0
괘고기,UNKNOWN,2026-03-23 21:19:56,0
간디쫘앙,UNKNOWN,2026-03-23 21:19:56,0
별빛쪼조,UNKNOWN,2026-03-23 21:19:56,0
김철영,UNKNOWN,2026-03-23 21:19:56,0
아링쁘숍,UNKNOWN,2026-03-23 21:19:56,0
들에,UNKNOWN,2026-03-23 21:19:56,0
곰실,UNKNOWN,2026-03-23 21:19:56,0
승뇨띠,UNKNOWN,2026-03-23 21:19:56,0
총피해,UNKNOWN,2026-03-23 21:19:56,0
쌔덕,UNKNOWN,2026-03-23 21:19:56,0
부부독,UNKNOWN,2026-03-23 21:19:57,0
Bownaster,UNKNOWN,2026-03-23 21:19:57,0
괄후,UNKNOWN,2026-03-23 21:19:57,0
운수좋은날,UNKNOWN,2026-03-23 21:19:57,0
민교,UNKNOWN,2026-03-23 21:19:57,0
소잔,UNKNOWN,2026-03-23 21:19:57,0
바이뽀짝,UNKNOWN,2026-03-23 21:19:57,0
간씬Tc,UNKNOWN,2026-03-23 21:19:57,0
정사,UNKNOWN,2026-03-23 21:19:57,0
탈모타마,UNKNOWN,2026-03-23 21:19:57,0
세상은요지맹,UNKNOWN,2026-03-23 21:19:57,0
정의영,UNKNOWN,2026-03-23 21:19:57,0
재워,UNKNOWN,2026-03-23 21:19:57,0
앙뺑,UNKNOWN,2026-03-23 21:19:57,0
마쎄,UNKNOWN,2026-03-23 21:19:57,0
생쌩,UNKNOWN,2026-03-23 21:19:57,0
또탱,UNKNOWN,2026-03-23 21:19:57,0
뽐새,UNKNOWN,2026-03-23 21:19:57,0
냥체린,UNKNOWN,2026-03-23 21:19:57,0
비문학,UNKNOWN,2026-03-23 21:19:57,0
준하류,UNKNOWN,2026-03-23 21:19:57,0
광기차,UNKNOWN,2026-03-23 21:19:57,0
감각,UNKNOWN,2026-03-23 21:19:57,0
래뮤,UNKNOWN,2026-03-23 21:19:57,0
김스카비숍,UNKNOWN,2026-03-23 21:19:57,0
앤즈,UNKNOWN,2026-03-23 21:19:57,0
메획,UNKNOWN,2026-03-23 21:19:57,0
StarK1ng,UNKNOWN,2026-03-23 21:19:57,0
유명세,UNKNOWN,2026-03-23 21:19:57,0
제꾸,UNKNOWN,2026-03-23 21:19:57,0
또능,UNKNOWN,2026-03-23 21:19:57,0
갱생돈슨,UNKNOWN,2026-03-23 21:19:57,0
우아한비숍,UNKNOWN,2026-03-23 21:19:57,0
씌부엉,UNKNOWN,2026-03-23 21:19:57,0
아는손가락,UNKNOWN,2026-03-23 21:19:57,0
여맹이,UNKNOWN,2026-03-23 21:19:57,0
흰스머프,UNKNOWN,2026-03-23 21:19:57,0
참참참고수,UNKNOWN,2026-03-23 21:19:57,0
둥이오,UNKNOWN,2026-03-23 21:19:57,0
주빼,UNKNOWN,2026-03-23 21:19:57,0
칼쿡,UNKNOWN,2026-03-23 21:19:57,0
쓰thth,UNKNOWN,2026-03-23 21:19:57,0
찌엉,UNKNOWN,2026-03-23 21:19:57,0
처음하는듀브,UNKNOWN,2026-03-23 21:19:57,0
와이,UNKNOWN,2026-03-23 21:19:57,0
생징,UNKNOWN,2026-03-23 21:19:57,0
뱅뮌,UNKNOWN,2026-03-23 21:19:57,0
만선,UNKNOWN,2026-03-23 21:19:57,0
애뀨,UNKNOWN,2026-03-23 21:19:57,0
팔라하은,UNKNOWN,2026-03-23 21:19:57,0
료저,UNKNOWN,2026-03-23 21:19:57,0
대교황,UNKNOWN,2026-03-23 21:19:57,0
러셧,UNKNOWN,2026-03-23 21:19:57,0
승달찌,UNKNOWN,2026-03-23 21:19:57,0
꿀뿌리근,UNKNOWN,2026-03-23 21:19:57,0
박레라,UNKNOWN,2026-03-23 21:19:57,0
수꽃,UNKNOWN,2026-03-23 21:19:57,0
코밥,UNKNOWN,2026-03-23 21:19:57,0
히긋,UNKNOWN,2026-03-23 21:19:57,0
림프,UNKNOWN,2026-03-23 21:19:57,0
뚜꾸wc,UNKNOWN,2026-03-23 21:19:57,0
태양밧데리,UNKNOWN,2026-03-23 21:19:57,0
폭백,UNKNOWN,2026-03-23 21:19:57,0
1561,UNKNOWN,2026-03-23 21:19:58,0
박쥐쓰,UNKNOWN,2026-03-23 21:19:58,0
수능심화은행,UNKNOWN,2026-03-23 21:19:58,0
복돌,UNKNOWN,2026-03-23 21:19:58,0
초깜,UNKNOWN,2026-03-23 21:19:58,0
짐치,UNKNOWN,2026-03-23 21:19:58,0
깸디,UNKNOWN,2026-03-23 21:19:58,0
퇴근하고부엌,UNKNOWN,2026-03-23 21:19:58,0
요왕,UNKNOWN,2026-03-23 21:19:58,0
끽쉔,UNKNOWN,2026-03-23 21:19:58,0
까묘야,UNKNOWN,2026-03-23 21:19:58,0
죽꾜,UNKNOWN,2026-03-23 21:19:58,0
영호산신,UNKNOWN,2026-03-23 21:19:58,0
발려,UNKNOWN,2026-03-23 21:19:58,0
서호영,UNKNOWN,2026-03-23 21:19:58,0
팬띵,UNKNOWN,2026-03-23 21:19:58,0
이터널리턴,UNKNOWN,2026-03-23 21:19:58,0
잊누,UNKNOWN,2026-03-23 21:19:58,0
짱인,UNKNOWN,2026-03-23 21:19:58,0
린플,UNKNOWN,2026-03-23 21:19:58,0
로이,UNKNOWN,2026-03-23 21:19:58,0
김재짱,UNKNOWN,2026-03-23 21:19:58,0
하늘의성산,UNKNOWN,2026-03-23 21:19:58,0
프래,UNKNOWN,2026-03-23 21:19:58,0
꼽퇴,UNKNOWN,2026-03-23 21:19:58,0
박대준,UNKNOWN,2026-03-23 21:19:58,0
Sinwol바이퍼,UNKNOWN,2026-03-23 21:19:58,0
진상,UNKNOWN,2026-03-23 21:19:58,0
체저,UNKNOWN,2026-03-23 21:19:58,0
꼭마음,UNKNOWN,2026-03-23 21:19:58,0
치행,UNKNOWN,2026-03-23 21:19:58,0
푸르,UNKNOWN,2026-03-23 21:19:58,0
끄덩,UNKNOWN,2026-03-23 21:19:58,0
여블리듀,UNKNOWN,2026-03-23 21:19:58,0
흑달,UNKNOWN,2026-03-23 21:19:58,0
처릉,UNKNOWN,2026-03-23 21:19:58,0
모코,UNKNOWN,2026-03-23 21:19:58,0
긴코상어,UNKNOWN,2026-03-23 21:19:58,0
대복,UNKNOWN,2026-03-23 21:19:58,0
고덕춘,UNKNOWN,2026-03-23 21:19:58,0
루청,UNKNOWN,2026-03-23 21:19:58,0
김레이,UNKNOWN,2026-03-23 21:19:58,0
카오스벨룸,UNKNOWN,2026-03-23 21:19:58,0
영종,UNKNOWN,2026-03-23 21:19:58,0
kinetic,UNKNOWN,2026-03-23 21:19:58,0
손빡,UNKNOWN,2026-03-23 21:19:58,0
Lv80,UNKNOWN,2026-03-23 21:19:58,0
부족이,UNKNOWN,2026-03-23 21:19:58,0
맒음,UNKNOWN,2026-03-23 21:19:58,0
절압,UNKNOWN,2026-03-23 21:19:58,0
전복죽,UNKNOWN,2026-03-23 21:19:58,0
코끼리물범,UNKNOWN,2026-03-23 21:19:58,0
캠캠,UNKNOWN,2026-03-23 21:19:58,0
Gabumon24,UNKNOWN,2026-03-23 21:19:58,0
홍댕댕댕댕댕,UNKNOWN,2026-03-23 21:19:58,0
중단,UNKNOWN,2026-03-23 21:19:58,0
혈던,UNKNOWN,2026-03-23 21:19:58,0
핼퍼,UNKNOWN,2026-03-23 21:19:58,0
완딩이,UNKNOWN,2026-03-23 21:19:58,0
차카,UNKNOWN,2026-03-23 21:19:58,0
뜨끼룩,UNKNOWN,2026-03-23 21:19:58,0
장영,UNKNOWN,2026-03-23 21:19:58,0
오양과첫키스,UNKNOWN,2026-03-23 21:19:58,0
뮤몽,UNKNOWN,2026-03-23 21:19:58,0
유앤,UNKNOWN,2026-03-23 21:19:59,0
떤콜,UNKNOWN,2026-03-23 21:19:59,0
잼미,UNKNOWN,2026-03-23 21:19:59,0
보마아보,UNKNOWN,2026-03-23 21:19:59,0
달내,UNKNOWN,2026-03-23 21:19:59,0
추상적그림,UNKNOWN,2026-03-23 21:19:59,0
설서린,UNKNOWN,2026-03-23 21:19:59,0
옵플카인,UNKNOWN,2026-03-23 21:19:59,0
선만쥬,UNKNOWN,2026-03-23 21:19:59,0
l분쇄l,UNKNOWN,2026-03-23 21:19:59,0
서류우,UNKNOWN,2026-03-23 21:19:59,0
탱하,UNKNOWN,2026-03-23 21:19:59,0
욕씸,UNKNOWN,2026-03-23 21:19:59,0
빠셍,UNKNOWN,2026-03-23 21:19:59,0
증시,UNKNOWN,2026-03-23 21:19:59,0
유딘이,UNKNOWN,2026-03-23 21:19:59,0
탸치,UNKNOWN,2026-03-23 21:19:59,0
베이비복술,UNKNOWN,2026-03-23 21:19:59,0
카일교,UNKNOWN,2026-03-23 21:19:59,0
커피맛솜사탕,UNKNOWN,2026-03-23 21:19:59,0
캔셀,UNKNOWN,2026-03-23 21:19:59,0
이지은,UNKNOWN,2026-03-23 21:19:59,0
히블,UNKNOWN,2026-03-23 21:19:59,0
격압,UNKNOWN,2026-03-23 21:19:59,0
추콩,UNKNOWN,2026-03-23 21:19:59,0
x애인x,UNKNOWN,2026-03-23 21:19:59,0
도마니형,UNKNOWN,2026-03-23 21:19:59,0
착하게생긴놈,UNKNOWN,2026-03-23 21:19:59,0
플론,UNKNOWN,2026-03-23 21:19:59,0
이미지박스9,UNKNOWN,2026-03-23 21:19:59,0
듀활,UNKNOWN,2026-03-23 21:19:59,0
Lock,UNKNOWN,2026-03-23 21:19:59,0
사지,UNKNOWN,2026-03-23 21:19:59,0
준이야,UNKNOWN,2026-03-23 21:19:59,0
컨끅,UNKNOWN,2026-03-23 21:19:59,0
키단,UNKNOWN,2026-03-23 21:19:59,0
CIean,UNKNOWN,2026-03-23 21:19:59,0
전기룰루,UNKNOWN,2026-03-23 21:19:59,0
뉴대,UNKNOWN,2026-03-23 21:19:59,0
IBAU,UNKNOWN,2026-03-23 21:19:59,0
개인소장,UNKNOWN,2026-03-23 21:19:59,0
즈기즈기,UNKNOWN,2026-03-23 21:19:59,0
섯디,UNKNOWN,2026-03-23 21:19:59,0
밍또,UNKNOWN,2026-03-23 21:19:59,0
갓삼무,UNKNOWN,2026-03-23 21:19:59,0
쇼군,UNKNOWN,2026-03-23 21:19:59,0
등촉리,UNKNOWN,2026-03-23 21:19:59,0
이상엽,UNKNOWN,2026-03-23 21:19:59,0
못생,UNKNOWN,2026-03-23 21:19:59,0
ARAN,UNKNOWN,2026-03-23 21:19:59,0
마슈얼터,UNKNOWN,2026-03-23 21:19:59,0
아로나민골두,UNKNOWN,2026-03-23 21:19:59,0
쮸책,UNKNOWN,2026-03-23 21:19:59,0
음치파카,UNKNOWN,2026-03-23 21:20:00,0